split,view,filename,filepath,sharpness,brightness,contrast_std,noise,quality_label,guidance_text,abnormal_flag
train,Aorta,Aorta train (1).jpg,train\Aorta\Aorta train (1).jpg,871.15,38.59,44.73,1.83,good,Image quality is good. Proceed with assessment.,0
train,Aorta,Aorta train (10).jpg,train\Aorta\Aorta train (10).jpg,557.45,58.06,54.41,1.79,good,Image quality is good. Proceed with assessment.,0
train,Aorta,Aorta train (100).jpg,train\Aorta\Aorta train (100).jpg,648.61,64.0,54.22,1.93,good,Image quality is good. Proceed with assessment.,0
train,Aorta,Aorta train (101).jpg,train\Aorta\Aorta train (101).jpg,650.34,63.92,54.14,1.94,good,Image quality is good. Proceed with assessment.,0
train,Aorta,Aorta train (102).jpg,train\Aorta\Aorta train (102).jpg,651.87,63.63,54.11,1.94,good,Image quality is good. Proceed with assessment.,0
train,Aorta,Aorta train (103).jpg,train\Aorta\Aorta train (103).jpg,675.66,62.42,54.93,1.95,good,Image quality is good. Proceed with assessment.,0
train,Aorta,Aorta train (104).jpg,train\Aorta\Aorta train (104).jpg,676.07,62.42,55.0,1.95,good,Image quality is good. Proceed with assessment.,0
train,Aorta,Aorta train (105).jpg,train\Aorta\Aorta train (105).jpg,675.57,62.34,55.03,1.95,good,Image quality is good. Proceed with assessment.,0
train,Aorta,Aorta train (106).jpg,train\Aorta\Aorta train (106).jpg,674.44,62.25,54.93,1.95,good,Image quality is good. Proceed with assessment.,0
train,Aorta,Aorta train (107).jpg,train\Aorta\Aorta train (107).jpg,658.53,62.84,54.96,1.91,good,Image quality is good. Proceed with assessment.,0
train,Aorta,Aorta train (108).jpg,train\Aorta\Aorta train (108).jpg,658.02,62.86,55.0,1.92,good,Image quality is good. Proceed with assessment.,0
train,Aorta,Aorta train (109).jpg,train\Aorta\Aorta train (109).jpg,657.56,62.69,55.02,1.92,good,Image quality is good. Proceed with assessment.,0
train,Aorta,Aorta train (11).jpg,train\Aorta\Aorta train (11).jpg,373.61,43.03,44.82,1.29,good,Image quality is good. Proceed with assessment.,0
train,Aorta,Aorta train (110).jpg,train\Aorta\Aorta train (110).jpg,658.35,62.46,54.82,1.91,good,Image quality is good. Proceed with assessment.,0
train,Aorta,Aorta train (111).jpg,train\Aorta\Aorta train (111).jpg,658.33,62.18,54.21,1.91,good,Image quality is good. Proceed with assessment.,0
train,Aorta,Aorta train (112).jpg,train\Aorta\Aorta train (112).jpg,659.14,61.92,54.02,1.92,good,Image quality is good. Proceed with assessment.,0
train,Aorta,Aorta train (113).jpg,train\Aorta\Aorta train (113).jpg,601.13,59.94,51.38,1.83,good,Image quality is good. Proceed with assessment.,0
train,Aorta,Aorta train (114).jpg,train\Aorta\Aorta train (114).jpg,601.67,59.94,51.51,1.84,good,Image quality is good. Proceed with assessment.,0
train,Aorta,Aorta train (115).jpg,train\Aorta\Aorta train (115).jpg,576.43,57.33,49.24,1.81,good,Image quality is good. Proceed with assessment.,0
train,Aorta,Aorta train (116).jpg,train\Aorta\Aorta train (116).jpg,947.1,29.31,38.69,1.68,good,Image quality is good. Proceed with assessment.,0
train,Aorta,Aorta train (117).jpg,train\Aorta\Aorta train (117).jpg,582.47,78.75,57.0,1.95,good,Image quality is good. Proceed with assessment.,0
train,Aorta,Aorta train (118).jpg,train\Aorta\Aorta train (118).jpg,583.94,78.55,56.92,1.95,good,Image quality is good. Proceed with assessment.,0
train,Aorta,Aorta train (119).jpg,train\Aorta\Aorta train (119).jpg,585.32,77.82,56.82,1.95,good,Image quality is good. Proceed with assessment.,0
train,Aorta,Aorta train (12).jpg,train\Aorta\Aorta train (12).jpg,373.5,42.98,44.96,1.29,good,Image quality is good. Proceed with assessment.,0
train,Aorta,Aorta train (120).jpg,train\Aorta\Aorta train (120).jpg,585.13,77.68,56.83,1.95,good,Image quality is good. Proceed with assessment.,0
train,Aorta,Aorta train (121).jpg,train\Aorta\Aorta train (121).jpg,584.72,77.54,56.78,1.95,good,Image quality is good. Proceed with assessment.,0
train,Aorta,Aorta train (122).jpg,train\Aorta\Aorta train (122).jpg,585.33,77.28,56.69,1.95,good,Image quality is good. Proceed with assessment.,0
train,Aorta,Aorta train (123).jpg,train\Aorta\Aorta train (123).jpg,585.37,77.06,56.64,1.95,good,Image quality is good. Proceed with assessment.,0
train,Aorta,Aorta train (124).jpg,train\Aorta\Aorta train (124).jpg,585.14,76.79,56.52,1.95,good,Image quality is good. Proceed with assessment.,0
train,Aorta,Aorta train (125).jpg,train\Aorta\Aorta train (125).jpg,607.93,77.78,56.84,1.9,good,Image quality is good. Proceed with assessment.,0
train,Aorta,Aorta train (126).jpg,train\Aorta\Aorta train (126).jpg,1095.66,32.39,37.61,2.11,good,Image quality is good. Proceed with assessment.,0
train,Aorta,Aorta train (127).jpg,train\Aorta\Aorta train (127).jpg,607.35,48.57,57.13,1.85,good,Image quality is good. Proceed with assessment.,0
train,Aorta,Aorta train (128).jpg,train\Aorta\Aorta train (128).jpg,606.38,48.4,57.06,1.85,good,Image quality is good. Proceed with assessment.,0
train,Aorta,Aorta train (129).jpg,train\Aorta\Aorta train (129).jpg,606.77,48.11,56.83,1.85,good,Image quality is good. Proceed with assessment.,0
train,Aorta,Aorta train (13).jpg,train\Aorta\Aorta train (13).jpg,374.12,42.88,45.08,1.29,good,Image quality is good. Proceed with assessment.,0
train,Aorta,Aorta train (130).jpg,train\Aorta\Aorta train (130).jpg,606.68,47.96,56.69,1.85,good,Image quality is good. Proceed with assessment.,0
train,Aorta,Aorta train (131).jpg,train\Aorta\Aorta train (131).jpg,606.23,47.79,56.54,1.85,good,Image quality is good. Proceed with assessment.,0
train,Aorta,Aorta train (132).jpg,train\Aorta\Aorta train (132).jpg,941.17,51.16,42.96,1.8,good,Image quality is good. Proceed with assessment.,0
train,Aorta,Aorta train (133).jpg,train\Aorta\Aorta train (133).jpg,957.66,44.61,38.29,1.73,good,Image quality is good. Proceed with assessment.,0
train,Aorta,Aorta train (134).jpg,train\Aorta\Aorta train (134).jpg,940.68,33.59,38.75,1.72,good,Image quality is good. Proceed with assessment.,0
train,Aorta,Aorta train (135).jpg,train\Aorta\Aorta train (135).jpg,918.99,48.19,46.23,1.79,good,Image quality is good. Proceed with assessment.,0
train,Aorta,Aorta train (136).jpg,train\Aorta\Aorta train (136).jpg,941.71,48.02,45.72,1.79,good,Image quality is good. Proceed with assessment.,0
train,Aorta,Aorta train (137).jpg,train\Aorta\Aorta train (137).jpg,938.49,34.02,42.8,1.73,good,Image quality is good. Proceed with assessment.,0
train,Aorta,Aorta train (138).jpg,train\Aorta\Aorta train (138).jpg,935.44,34.48,43.16,1.74,good,Image quality is good. Proceed with assessment.,0
train,Aorta,Aorta train (139).jpg,train\Aorta\Aorta train (139).jpg,868.72,50.71,51.77,1.7,good,Image quality is good. Proceed with assessment.,0
train,Aorta,Aorta train (14).jpg,train\Aorta\Aorta train (14).jpg,373.4,42.36,45.09,1.29,good,Image quality is good. Proceed with assessment.,0
train,Aorta,Aorta train (140).jpg,train\Aorta\Aorta train (140).jpg,909.4,44.11,46.94,1.82,good,Image quality is good. Proceed with assessment.,0
train,Aorta,Aorta train (141).jpg,train\Aorta\Aorta train (141).jpg,907.33,32.54,43.28,1.7,good,Image quality is good. Proceed with assessment.,0
train,Aorta,Aorta train (142).jpg,train\Aorta\Aorta train (142).jpg,774.4,47.9,41.41,2.11,good,Image quality is good. Proceed with assessment.,0
train,Aorta,Aorta train (143).jpg,train\Aorta\Aorta train (143).jpg,892.2,24.61,39.12,1.83,good,Image quality is good. Proceed with assessment.,0
train,Aorta,Aorta train (144).jpg,train\Aorta\Aorta train (144).jpg,609.35,59.67,56.18,1.92,good,Image quality is good. Proceed with assessment.,0
train,Aorta,Aorta train (145).jpg,train\Aorta\Aorta train (145).jpg,609.8,59.62,56.14,1.92,good,Image quality is good. Proceed with assessment.,0
train,Aorta,Aorta train (146).jpg,train\Aorta\Aorta train (146).jpg,610.01,59.57,56.07,1.93,good,Image quality is good. Proceed with assessment.,0
train,Aorta,Aorta train (147).jpg,train\Aorta\Aorta train (147).jpg,913.09,46.44,44.7,1.84,good,Image quality is good. Proceed with assessment.,0
train,Aorta,Aorta train (148).jpg,train\Aorta\Aorta train (148).jpg,925.31,44.95,44.77,1.84,good,Image quality is good. Proceed with assessment.,0
train,Aorta,Aorta train (149).jpg,train\Aorta\Aorta train (149).jpg,624.57,83.14,64.63,2.01,good,Image quality is good. Proceed with assessment.,0
train,Aorta,Aorta train (15).jpg,train\Aorta\Aorta train (15).jpg,373.55,42.14,44.89,1.29,good,Image quality is good. Proceed with assessment.,0
train,Aorta,Aorta train (150).jpg,train\Aorta\Aorta train (150).jpg,624.87,83.09,64.65,2.02,good,Image quality is good. Proceed with assessment.,0
train,Aorta,Aorta train (151).jpg,train\Aorta\Aorta train (151).jpg,630.54,80.54,64.47,2.02,good,Image quality is good. Proceed with assessment.,0
train,Aorta,Aorta train (152).jpg,train\Aorta\Aorta train (152).jpg,629.97,79.7,64.02,2.03,good,Image quality is good. Proceed with assessment.,0
train,Aorta,Aorta train (153).jpg,train\Aorta\Aorta train (153).jpg,870.44,44.33,43.77,1.76,good,Image quality is good. Proceed with assessment.,0
train,Aorta,Aorta train (154).jpg,train\Aorta\Aorta train (154).jpg,872.39,44.23,42.84,1.75,good,Image quality is good. Proceed with assessment.,0
train,Aorta,Aorta train (155).jpg,train\Aorta\Aorta train (155).jpg,865.73,45.16,42.45,1.78,good,Image quality is good. Proceed with assessment.,0
train,Aorta,Aorta train (156).jpg,train\Aorta\Aorta train (156).jpg,882.52,49.12,48.69,1.76,good,Image quality is good. Proceed with assessment.,0
train,Aorta,Aorta train (157).jpg,train\Aorta\Aorta train (157).jpg,587.25,58.62,57.19,1.93,good,Image quality is good. Proceed with assessment.,0
train,Aorta,Aorta train (158).jpg,train\Aorta\Aorta train (158).jpg,587.22,58.54,57.2,1.93,good,Image quality is good. Proceed with assessment.,0
train,Aorta,Aorta train (159).jpg,train\Aorta\Aorta train (159).jpg,588.4,58.13,57.54,1.95,good,Image quality is good. Proceed with assessment.,0
train,Aorta,Aorta train (16).jpg,train\Aorta\Aorta train (16).jpg,373.63,41.87,44.62,1.29,good,Image quality is good. Proceed with assessment.,0
train,Aorta,Aorta train (160).jpg,train\Aorta\Aorta train (160).jpg,588.67,57.99,57.49,1.95,good,Image quality is good. Proceed with assessment.,0
train,Aorta,Aorta train (161).jpg,train\Aorta\Aorta train (161).jpg,590.17,56.04,56.71,1.93,good,Image quality is good. Proceed with assessment.,0
train,Aorta,Aorta train (162).jpg,train\Aorta\Aorta train (162).jpg,912.7,49.88,48.19,2.02,good,Image quality is good. Proceed with assessment.,0
train,Aorta,Aorta train (163).jpg,train\Aorta\Aorta train (163).jpg,893.42,51.52,50.36,2.01,good,Image quality is good. Proceed with assessment.,0
train,Aorta,Aorta train (164).jpg,train\Aorta\Aorta train (164).jpg,581.44,59.28,59.53,1.87,good,Image quality is good. Proceed with assessment.,0
train,Aorta,Aorta train (165).jpg,train\Aorta\Aorta train (165).jpg,584.08,59.21,59.58,1.88,good,Image quality is good. Proceed with assessment.,0
train,Aorta,Aorta train (166).jpg,train\Aorta\Aorta train (166).jpg,547.19,64.53,66.2,2.09,good,Image quality is good. Proceed with assessment.,0
train,Aorta,Aorta train (167).jpg,train\Aorta\Aorta train (167).jpg,953.9,40.41,46.08,1.81,good,Image quality is good. Proceed with assessment.,0
train,Aorta,Aorta train (168).jpg,train\Aorta\Aorta train (168).jpg,955.29,39.12,44.28,1.8,good,Image quality is good. Proceed with assessment.,0
train,Aorta,Aorta train (169).jpg,train\Aorta\Aorta train (169).jpg,954.49,32.88,42.54,1.97,good,Image quality is good. Proceed with assessment.,0
train,Aorta,Aorta train (17).jpg,train\Aorta\Aorta train (17).jpg,373.11,41.39,44.27,1.27,good,Image quality is good. Proceed with assessment.,0
train,Aorta,Aorta train (170).jpg,train\Aorta\Aorta train (170).jpg,393.69,65.56,55.01,1.45,good,Image quality is good. Proceed with assessment.,0
train,Aorta,Aorta train (171).jpg,train\Aorta\Aorta train (171).jpg,541.68,59.42,51.13,1.75,good,Image quality is good. Proceed with assessment.,0
train,Aorta,Aorta train (172).jpg,train\Aorta\Aorta train (172).jpg,541.15,59.14,51.01,1.75,good,Image quality is good. Proceed with assessment.,0
train,Aorta,Aorta train (173).jpg,train\Aorta\Aorta train (173).jpg,524.67,58.04,53.06,1.67,good,Image quality is good. Proceed with assessment.,0
train,Aorta,Aorta train (174).jpg,train\Aorta\Aorta train (174).jpg,524.79,57.91,52.89,1.67,good,Image quality is good. Proceed with assessment.,0
train,Aorta,Aorta train (175).jpg,train\Aorta\Aorta train (175).jpg,524.57,57.75,52.71,1.67,good,Image quality is good. Proceed with assessment.,0
train,Aorta,Aorta train (176).jpg,train\Aorta\Aorta train (176).jpg,525.14,57.56,52.61,1.67,good,Image quality is good. Proceed with assessment.,0
train,Aorta,Aorta train (177).jpg,train\Aorta\Aorta train (177).jpg,562.55,45.27,43.76,1.77,good,Image quality is good. Proceed with assessment.,0
train,Aorta,Aorta train (178).jpg,train\Aorta\Aorta train (178).jpg,561.1,45.42,43.75,1.77,good,Image quality is good. Proceed with assessment.,0
train,Aorta,Aorta train (179).jpg,train\Aorta\Aorta train (179).jpg,561.3,45.55,43.81,1.77,good,Image quality is good. Proceed with assessment.,0
train,Aorta,Aorta train (18).jpg,train\Aorta\Aorta train (18).jpg,375.59,40.64,45.24,1.25,good,Image quality is good. Proceed with assessment.,0
train,Aorta,Aorta train (180).jpg,train\Aorta\Aorta train (180).jpg,559.54,45.62,43.87,1.77,good,Image quality is good. Proceed with assessment.,0
train,Aorta,Aorta train (181).jpg,train\Aorta\Aorta train (181).jpg,559.51,45.78,43.72,1.77,good,Image quality is good. Proceed with assessment.,0
train,Aorta,Aorta train (182).jpg,train\Aorta\Aorta train (182).jpg,548.54,59.77,52.72,1.9,good,Image quality is good. Proceed with assessment.,0
train,Aorta,Aorta train (183).jpg,train\Aorta\Aorta train (183).jpg,548.01,59.77,52.7,1.89,good,Image quality is good. Proceed with assessment.,0
train,Aorta,Aorta train (184).jpg,train\Aorta\Aorta train (184).jpg,389.12,42.32,50.81,1.35,good,Image quality is good. Proceed with assessment.,0
train,Aorta,Aorta train (185).jpg,train\Aorta\Aorta train (185).jpg,389.15,42.06,50.41,1.35,good,Image quality is good. Proceed with assessment.,0
train,Aorta,Aorta train (186).jpg,train\Aorta\Aorta train (186).jpg,389.89,41.65,49.84,1.34,good,Image quality is good. Proceed with assessment.,0
train,Aorta,Aorta train (187).jpg,train\Aorta\Aorta train (187).jpg,473.31,64.43,61.68,1.48,good,Image quality is good. Proceed with assessment.,0
train,Aorta,Aorta train (188).jpg,train\Aorta\Aorta train (188).jpg,473.76,64.3,61.69,1.48,good,Image quality is good. Proceed with assessment.,0
train,Aorta,Aorta train (189).jpg,train\Aorta\Aorta train (189).jpg,576.82,68.2,51.47,1.7,good,Image quality is good. Proceed with assessment.,0
train,Aorta,Aorta train (19).jpg,train\Aorta\Aorta train (19).jpg,375.74,40.4,44.99,1.25,good,Image quality is good. Proceed with assessment.,0
train,Aorta,Aorta train (190).jpg,train\Aorta\Aorta train (190).jpg,580.71,68.42,51.61,1.7,good,Image quality is good. Proceed with assessment.,0
train,Aorta,Aorta train (191).jpg,train\Aorta\Aorta train (191).jpg,583.6,69.06,51.88,1.71,good,Image quality is good. Proceed with assessment.,0
train,Aorta,Aorta train (192).jpg,train\Aorta\Aorta train (192).jpg,588.1,69.29,51.95,1.72,good,Image quality is good. Proceed with assessment.,0
train,Aorta,Aorta train (193).jpg,train\Aorta\Aorta train (193).jpg,573.28,67.54,52.01,1.74,good,Image quality is good. Proceed with assessment.,0
train,Aorta,Aorta train (194).jpg,train\Aorta\Aorta train (194).jpg,575.31,67.38,51.82,1.75,good,Image quality is good. Proceed with assessment.,0
train,Aorta,Aorta train (195).jpg,train\Aorta\Aorta train (195).jpg,576.05,67.06,51.67,1.75,good,Image quality is good. Proceed with assessment.,0
train,Aorta,Aorta train (196).jpg,train\Aorta\Aorta train (196).jpg,443.12,73.94,57.41,1.42,good,Image quality is good. Proceed with assessment.,0
train,Aorta,Aorta train (197).jpg,train\Aorta\Aorta train (197).jpg,442.64,74.46,57.38,1.41,good,Image quality is good. Proceed with assessment.,0
train,Aorta,Aorta train (198).jpg,train\Aorta\Aorta train (198).jpg,440.86,74.71,57.06,1.39,good,Image quality is good. Proceed with assessment.,0
train,Aorta,Aorta train (199).jpg,train\Aorta\Aorta train (199).jpg,443.13,74.91,56.99,1.39,good,Image quality is good. Proceed with assessment.,0
train,Aorta,Aorta train (2).jpg,train\Aorta\Aorta train (2).jpg,870.01,38.43,44.66,1.83,good,Image quality is good. Proceed with assessment.,0
train,Aorta,Aorta train (20).jpg,train\Aorta\Aorta train (20).jpg,375.27,40.1,44.52,1.25,good,Image quality is good. Proceed with assessment.,0
train,Aorta,Aorta train (200).jpg,train\Aorta\Aorta train (200).jpg,445.23,75.33,57.19,1.4,good,Image quality is good. Proceed with assessment.,0
train,Aorta,Aorta train (201).jpg,train\Aorta\Aorta train (201).jpg,647.63,60.75,58.64,1.94,good,Image quality is good. Proceed with assessment.,0
train,Aorta,Aorta train (202).jpg,train\Aorta\Aorta train (202).jpg,512.88,64.64,54.97,1.74,good,Image quality is good. Proceed with assessment.,0
train,Aorta,Aorta train (203).jpg,train\Aorta\Aorta train (203).jpg,512.96,64.49,54.87,1.74,good,Image quality is good. Proceed with assessment.,0
train,Aorta,Aorta train (204).jpg,train\Aorta\Aorta train (204).jpg,515.01,67.79,52.94,1.73,good,Image quality is good. Proceed with assessment.,0
train,Aorta,Aorta train (205).jpg,train\Aorta\Aorta train (205).jpg,517.12,67.86,52.75,1.74,good,Image quality is good. Proceed with assessment.,0
train,Aorta,Aorta train (206).jpg,train\Aorta\Aorta train (206).jpg,894.59,21.22,34.26,1.73,good,Image quality is good. Proceed with assessment.,0
train,Aorta,Aorta train (207).jpg,train\Aorta\Aorta train (207).jpg,894.6,21.16,34.07,1.75,good,Image quality is good. Proceed with assessment.,0
train,Aorta,Aorta train (208).jpg,train\Aorta\Aorta train (208).jpg,895.74,21.07,34.1,1.74,good,Image quality is good. Proceed with assessment.,0
train,Aorta,Aorta train (209).jpg,train\Aorta\Aorta train (209).jpg,896.31,21.15,34.08,1.74,good,Image quality is good. Proceed with assessment.,0
train,Aorta,Aorta train (21).jpg,train\Aorta\Aorta train (21).jpg,375.52,39.69,44.13,1.26,good,Image quality is good. Proceed with assessment.,0
train,Aorta,Aorta train (210).jpg,train\Aorta\Aorta train (210).jpg,894.59,21.2,34.04,1.74,good,Image quality is good. Proceed with assessment.,0
train,Aorta,Aorta train (211).jpg,train\Aorta\Aorta train (211).jpg,896.5,21.08,33.82,1.73,good,Image quality is good. Proceed with assessment.,0
train,Aorta,Aorta train (212).jpg,train\Aorta\Aorta train (212).jpg,437.68,52.96,55.31,1.48,good,Image quality is good. Proceed with assessment.,0
train,Aorta,Aorta train (213).jpg,train\Aorta\Aorta train (213).jpg,438.93,52.97,55.42,1.48,good,Image quality is good. Proceed with assessment.,0
train,Aorta,Aorta train (214).jpg,train\Aorta\Aorta train (214).jpg,438.22,53.85,55.23,1.41,good,Image quality is good. Proceed with assessment.,0
train,Aorta,Aorta train (215).jpg,train\Aorta\Aorta train (215).jpg,431.73,55.11,54.18,1.4,good,Image quality is good. Proceed with assessment.,0
train,Aorta,Aorta train (216).jpg,train\Aorta\Aorta train (216).jpg,450.33,52.94,57.06,1.51,good,Image quality is good. Proceed with assessment.,0
train,Aorta,Aorta train (217).jpg,train\Aorta\Aorta train (217).jpg,447.77,52.57,56.89,1.5,good,Image quality is good. Proceed with assessment.,0
train,Aorta,Aorta train (218).jpg,train\Aorta\Aorta train (218).jpg,570.09,52.02,53.58,1.83,good,Image quality is good. Proceed with assessment.,0
train,Aorta,Aorta train (219).jpg,train\Aorta\Aorta train (219).jpg,580.48,51.84,53.45,1.84,good,Image quality is good. Proceed with assessment.,0
train,Aorta,Aorta train (22).jpg,train\Aorta\Aorta train (22).jpg,375.7,39.36,43.8,1.26,good,Image quality is good. Proceed with assessment.,0
train,Aorta,Aorta train (220).jpg,train\Aorta\Aorta train (220).jpg,584.1,52.52,54.07,1.86,good,Image quality is good. Proceed with assessment.,0
train,Aorta,Aorta train (221).jpg,train\Aorta\Aorta train (221).jpg,577.25,52.93,53.92,1.85,good,Image quality is good. Proceed with assessment.,0
train,Aorta,Aorta train (222).jpg,train\Aorta\Aorta train (222).jpg,577.1,52.96,53.96,1.85,good,Image quality is good. Proceed with assessment.,0
train,Aorta,Aorta train (223).jpg,train\Aorta\Aorta train (223).jpg,577.64,52.98,54.0,1.85,good,Image quality is good. Proceed with assessment.,0
train,Aorta,Aorta train (224).jpg,train\Aorta\Aorta train (224).jpg,578.53,53.04,54.0,1.85,good,Image quality is good. Proceed with assessment.,0
train,Aorta,Aorta train (225).jpg,train\Aorta\Aorta train (225).jpg,578.14,53.04,53.94,1.85,good,Image quality is good. Proceed with assessment.,0
train,Aorta,Aorta train (226).jpg,train\Aorta\Aorta train (226).jpg,569.11,52.7,51.98,1.78,good,Image quality is good. Proceed with assessment.,0
train,Aorta,Aorta train (227).jpg,train\Aorta\Aorta train (227).jpg,564.5,52.67,52.03,1.77,good,Image quality is good. Proceed with assessment.,0
train,Aorta,Aorta train (228).jpg,train\Aorta\Aorta train (228).jpg,567.27,52.62,52.14,1.77,good,Image quality is good. Proceed with assessment.,0
train,Aorta,Aorta train (229).jpg,train\Aorta\Aorta train (229).jpg,568.18,52.65,52.31,1.78,good,Image quality is good. Proceed with assessment.,0
train,Aorta,Aorta train (23).jpg,train\Aorta\Aorta train (23).jpg,377.38,50.84,49.88,1.32,good,Image quality is good. Proceed with assessment.,0
train,Aorta,Aorta train (230).jpg,train\Aorta\Aorta train (230).jpg,568.66,52.72,52.36,1.78,good,Image quality is good. Proceed with assessment.,0
train,Aorta,Aorta train (231).jpg,train\Aorta\Aorta train (231).jpg,570.31,53.82,53.67,1.82,good,Image quality is good. Proceed with assessment.,0
train,Aorta,Aorta train (232).jpg,train\Aorta\Aorta train (232).jpg,569.68,53.8,53.64,1.82,good,Image quality is good. Proceed with assessment.,0
train,Aorta,Aorta train (233).jpg,train\Aorta\Aorta train (233).jpg,569.95,53.79,53.58,1.82,good,Image quality is good. Proceed with assessment.,0
train,Aorta,Aorta train (234).jpg,train\Aorta\Aorta train (234).jpg,570.45,53.8,53.61,1.82,good,Image quality is good. Proceed with assessment.,0
train,Aorta,Aorta train (235).jpg,train\Aorta\Aorta train (235).jpg,570.97,53.84,53.63,1.82,good,Image quality is good. Proceed with assessment.,0
train,Aorta,Aorta train (236).jpg,train\Aorta\Aorta train (236).jpg,571.01,53.81,53.62,1.83,good,Image quality is good. Proceed with assessment.,0
train,Aorta,Aorta train (237).jpg,train\Aorta\Aorta train (237).jpg,570.99,53.83,53.61,1.83,good,Image quality is good. Proceed with assessment.,0
train,Aorta,Aorta train (238).jpg,train\Aorta\Aorta train (238).jpg,568.19,51.97,53.48,1.83,good,Image quality is good. Proceed with assessment.,0
train,Aorta,Aorta train (239).jpg,train\Aorta\Aorta train (239).jpg,584.42,51.67,53.26,1.85,good,Image quality is good. Proceed with assessment.,0
train,Aorta,Aorta train (24).jpg,train\Aorta\Aorta train (24).jpg,378.62,51.13,50.12,1.32,good,Image quality is good. Proceed with assessment.,0
train,Aorta,Aorta train (240).jpg,train\Aorta\Aorta train (240).jpg,564.5,52.67,52.03,1.77,good,Image quality is good. Proceed with assessment.,0
train,Aorta,Aorta train (241).jpg,train\Aorta\Aorta train (241).jpg,552.96,54.75,49.92,1.83,good,Image quality is good. Proceed with assessment.,0
train,Aorta,Aorta train (242).jpg,train\Aorta\Aorta train (242).jpg,553.48,54.66,50.03,1.83,good,Image quality is good. Proceed with assessment.,0
train,Aorta,Aorta train (243).jpg,train\Aorta\Aorta train (243).jpg,554.22,54.55,50.13,1.83,good,Image quality is good. Proceed with assessment.,0
train,Aorta,Aorta train (244).jpg,train\Aorta\Aorta train (244).jpg,554.31,54.25,49.98,1.83,good,Image quality is good. Proceed with assessment.,0
train,Aorta,Aorta train (245).jpg,train\Aorta\Aorta train (245).jpg,554.28,53.78,49.58,1.83,good,Image quality is good. Proceed with assessment.,0
train,Aorta,Aorta train (246).jpg,train\Aorta\Aorta train (246).jpg,554.68,53.41,49.26,1.83,good,Image quality is good. Proceed with assessment.,0
train,Aorta,Aorta train (247).jpg,train\Aorta\Aorta train (247).jpg,555.28,53.23,49.13,1.83,good,Image quality is good. Proceed with assessment.,0
train,Aorta,Aorta train (248).jpg,train\Aorta\Aorta train (248).jpg,556.32,51.91,48.32,1.83,good,Image quality is good. Proceed with assessment.,0
train,Aorta,Aorta train (249).jpg,train\Aorta\Aorta train (249).jpg,557.37,51.68,47.96,1.83,good,Image quality is good. Proceed with assessment.,0
train,Aorta,Aorta train (25).jpg,train\Aorta\Aorta train (25).jpg,378.83,51.24,50.26,1.32,good,Image quality is good. Proceed with assessment.,0
train,Aorta,Aorta train (250).jpg,train\Aorta\Aorta train (250).jpg,557.89,51.53,47.7,1.83,good,Image quality is good. Proceed with assessment.,0
train,Aorta,Aorta train (251).jpg,train\Aorta\Aorta train (251).jpg,558.51,51.25,47.41,1.83,good,Image quality is good. Proceed with assessment.,0
train,Aorta,Aorta train (252).jpg,train\Aorta\Aorta train (252).jpg,546.18,54.44,56.03,1.7,good,Image quality is good. Proceed with assessment.,0
train,Aorta,Aorta train (253).jpg,train\Aorta\Aorta train (253).jpg,546.85,54.56,56.05,1.7,good,Image quality is good. Proceed with assessment.,0
train,Aorta,Aorta train (254).jpg,train\Aorta\Aorta train (254).jpg,539.08,55.35,56.74,1.69,good,Image quality is good. Proceed with assessment.,0
train,Aorta,Aorta train (255).jpg,train\Aorta\Aorta train (255).jpg,538.86,55.19,56.59,1.69,good,Image quality is good. Proceed with assessment.,0
train,Aorta,Aorta train (256).jpg,train\Aorta\Aorta train (256).jpg,693.23,61.6,58.13,1.98,good,Image quality is good. Proceed with assessment.,0
train,Aorta,Aorta train (257).jpg,train\Aorta\Aorta train (257).jpg,693.04,61.36,57.97,1.98,good,Image quality is good. Proceed with assessment.,0
train,Aorta,Aorta train (258).jpg,train\Aorta\Aorta train (258).jpg,691.74,61.14,57.82,1.98,good,Image quality is good. Proceed with assessment.,0
train,Aorta,Aorta train (259).jpg,train\Aorta\Aorta train (259).jpg,694.49,61.44,58.27,1.99,good,Image quality is good. Proceed with assessment.,0
train,Aorta,Aorta train (26).jpg,train\Aorta\Aorta train (26).jpg,378.75,51.25,50.16,1.32,good,Image quality is good. Proceed with assessment.,0
train,Aorta,Aorta train (260).jpg,train\Aorta\Aorta train (260).jpg,695.22,61.26,58.18,1.99,good,Image quality is good. Proceed with assessment.,0
train,Aorta,Aorta train (261).jpg,train\Aorta\Aorta train (261).jpg,695.19,61.12,58.14,1.99,good,Image quality is good. Proceed with assessment.,0
train,Aorta,Aorta train (262).jpg,train\Aorta\Aorta train (262).jpg,694.65,60.98,58.03,1.99,good,Image quality is good. Proceed with assessment.,0
train,Aorta,Aorta train (263).jpg,train\Aorta\Aorta train (263).jpg,695.3,60.77,57.88,2.0,good,Image quality is good. Proceed with assessment.,0
train,Aorta,Aorta train (264).jpg,train\Aorta\Aorta train (264).jpg,584.57,65.98,65.48,1.96,good,Image quality is good. Proceed with assessment.,0
train,Aorta,Aorta train (265).jpg,train\Aorta\Aorta train (265).jpg,584.16,65.85,65.38,1.95,good,Image quality is good. Proceed with assessment.,0
train,Aorta,Aorta train (266).jpg,train\Aorta\Aorta train (266).jpg,584.56,65.65,65.18,1.94,good,Image quality is good. Proceed with assessment.,0
train,Aorta,Aorta train (267).jpg,train\Aorta\Aorta train (267).jpg,641.01,65.89,61.98,1.94,good,Image quality is good. Proceed with assessment.,0
train,Aorta,Aorta train (268).jpg,train\Aorta\Aorta train (268).jpg,623.91,65.89,61.97,1.9,good,Image quality is good. Proceed with assessment.,0
train,Aorta,Aorta train (269).jpg,train\Aorta\Aorta train (269).jpg,611.27,36.89,44.72,1.8,good,Image quality is good. Proceed with assessment.,0
train,Aorta,Aorta train (27).jpg,train\Aorta\Aorta train (27).jpg,379.64,51.2,50.03,1.33,good,Image quality is good. Proceed with assessment.,0
train,Aorta,Aorta train (270).jpg,train\Aorta\Aorta train (270).jpg,611.18,36.9,44.73,1.81,good,Image quality is good. Proceed with assessment.,0
train,Aorta,Aorta train (271).jpg,train\Aorta\Aorta train (271).jpg,611.12,36.91,44.59,1.81,good,Image quality is good. Proceed with assessment.,0
train,Aorta,Aorta train (272).jpg,train\Aorta\Aorta train (272).jpg,611.19,36.96,44.34,1.81,good,Image quality is good. Proceed with assessment.,0
train,Aorta,Aorta train (273).jpg,train\Aorta\Aorta train (273).jpg,628.67,43.29,50.43,1.92,good,Image quality is good. Proceed with assessment.,0
train,Aorta,Aorta train (274).jpg,train\Aorta\Aorta train (274).jpg,627.99,43.11,50.14,1.93,good,Image quality is good. Proceed with assessment.,0
train,Aorta,Aorta train (275).jpg,train\Aorta\Aorta train (275).jpg,599.13,58.84,60.86,1.87,good,Image quality is good. Proceed with assessment.,0
train,Aorta,Aorta train (276).jpg,train\Aorta\Aorta train (276).jpg,599.23,58.88,60.97,1.87,good,Image quality is good. Proceed with assessment.,0
train,Aorta,Aorta train (277).jpg,train\Aorta\Aorta train (277).jpg,599.37,58.82,61.01,1.88,good,Image quality is good. Proceed with assessment.,0
train,Aorta,Aorta train (278).jpg,train\Aorta\Aorta train (278).jpg,599.05,58.8,61.05,1.88,good,Image quality is good. Proceed with assessment.,0
train,Aorta,Aorta train (279).jpg,train\Aorta\Aorta train (279).jpg,546.89,53.85,52.74,1.77,good,Image quality is good. Proceed with assessment.,0
train,Aorta,Aorta train (28).jpg,train\Aorta\Aorta train (28).jpg,405.36,51.27,50.36,1.35,good,Image quality is good. Proceed with assessment.,0
train,Aorta,Aorta train (280).jpg,train\Aorta\Aorta train (280).jpg,546.55,53.86,53.04,1.77,good,Image quality is good. Proceed with assessment.,0
train,Aorta,Aorta train (281).jpg,train\Aorta\Aorta train (281).jpg,546.36,53.85,53.22,1.77,good,Image quality is good. Proceed with assessment.,0
train,Aorta,Aorta train (282).jpg,train\Aorta\Aorta train (282).jpg,547.66,53.7,53.26,1.78,good,Image quality is good. Proceed with assessment.,0
train,Aorta,Aorta train (283).jpg,train\Aorta\Aorta train (283).jpg,547.02,53.62,53.33,1.78,good,Image quality is good. Proceed with assessment.,0
train,Aorta,Aorta train (284).jpg,train\Aorta\Aorta train (284).jpg,547.66,53.48,53.32,1.78,good,Image quality is good. Proceed with assessment.,0
train,Aorta,Aorta train (285).jpg,train\Aorta\Aorta train (285).jpg,866.89,46.02,47.45,1.84,good,Image quality is good. Proceed with assessment.,0
train,Aorta,Aorta train (286).jpg,train\Aorta\Aorta train (286).jpg,865.83,45.71,47.41,1.85,good,Image quality is good. Proceed with assessment.,0
train,Aorta,Aorta train (287).jpg,train\Aorta\Aorta train (287).jpg,869.38,45.27,47.01,1.85,good,Image quality is good. Proceed with assessment.,0
train,Aorta,Aorta train (288).jpg,train\Aorta\Aorta train (288).jpg,643.48,70.35,61.02,1.98,good,Image quality is good. Proceed with assessment.,0
train,Aorta,Aorta train (289).jpg,train\Aorta\Aorta train (289).jpg,644.02,69.66,60.8,1.98,good,Image quality is good. Proceed with assessment.,0
train,Aorta,Aorta train (29).jpg,train\Aorta\Aorta train (29).jpg,405.34,51.08,50.17,1.36,good,Image quality is good. Proceed with assessment.,0
train,Aorta,Aorta train (290).jpg,train\Aorta\Aorta train (290).jpg,642.71,69.38,60.69,1.98,good,Image quality is good. Proceed with assessment.,0
train,Aorta,Aorta train (291).jpg,train\Aorta\Aorta train (291).jpg,641.76,67.58,60.26,1.97,good,Image quality is good. Proceed with assessment.,0
train,Aorta,Aorta train (292).jpg,train\Aorta\Aorta train (292).jpg,642.99,67.33,60.2,1.98,good,Image quality is good. Proceed with assessment.,0
train,Aorta,Aorta train (293).jpg,train\Aorta\Aorta train (293).jpg,622.75,70.71,61.59,1.95,good,Image quality is good. Proceed with assessment.,0
train,Aorta,Aorta train (294).jpg,train\Aorta\Aorta train (294).jpg,625.82,70.41,61.36,1.95,good,Image quality is good. Proceed with assessment.,0
train,Aorta,Aorta train (295).jpg,train\Aorta\Aorta train (295).jpg,625.86,70.13,61.19,1.95,good,Image quality is good. Proceed with assessment.,0
train,Aorta,Aorta train (296).jpg,train\Aorta\Aorta train (296).jpg,669.79,64.42,56.76,1.94,good,Image quality is good. Proceed with assessment.,0
train,Aorta,Aorta train (297).jpg,train\Aorta\Aorta train (297).jpg,626.75,67.13,57.09,1.91,good,Image quality is good. Proceed with assessment.,0
train,Aorta,Aorta train (298).jpg,train\Aorta\Aorta train (298).jpg,626.31,67.03,56.96,1.91,good,Image quality is good. Proceed with assessment.,0
train,Aorta,Aorta train (299).jpg,train\Aorta\Aorta train (299).jpg,627.05,66.83,56.72,1.92,good,Image quality is good. Proceed with assessment.,0
train,Aorta,Aorta train (3).jpg,train\Aorta\Aorta train (3).jpg,466.92,43.37,53.94,1.51,good,Image quality is good. Proceed with assessment.,0
train,Aorta,Aorta train (30).jpg,train\Aorta\Aorta train (30).jpg,375.1,50.31,49.81,1.31,good,Image quality is good. Proceed with assessment.,0
train,Aorta,Aorta train (300).jpg,train\Aorta\Aorta train (300).jpg,628.89,66.71,56.66,1.92,good,Image quality is good. Proceed with assessment.,0
train,Aorta,Aorta train (301).jpg,train\Aorta\Aorta train (301).jpg,609.37,63.87,48.96,1.91,good,Image quality is good. Proceed with assessment.,0
train,Aorta,Aorta train (302).jpg,train\Aorta\Aorta train (302).jpg,605.49,64.0,49.34,1.9,good,Image quality is good. Proceed with assessment.,0
train,Aorta,Aorta train (303).jpg,train\Aorta\Aorta train (303).jpg,567.15,48.91,48.92,1.74,good,Image quality is good. Proceed with assessment.,0
train,Aorta,Aorta train (304).jpg,train\Aorta\Aorta train (304).jpg,381.0,47.31,57.26,1.21,good,Image quality is good. Proceed with assessment.,0
train,Aorta,Aorta train (305).jpg,train\Aorta\Aorta train (305).jpg,377.64,47.04,56.83,1.18,good,Image quality is good. Proceed with assessment.,0
train,Aorta,Aorta train (306).jpg,train\Aorta\Aorta train (306).jpg,378.86,30.41,44.0,1.2,good,Image quality is good. Proceed with assessment.,0
train,Aorta,Aorta train (307).jpg,train\Aorta\Aorta train (307).jpg,379.33,30.72,44.51,1.21,good,Image quality is good. Proceed with assessment.,0
train,Aorta,Aorta train (308).jpg,train\Aorta\Aorta train (308).jpg,687.67,83.87,66.46,2.05,good,Image quality is good. Proceed with assessment.,0
train,Aorta,Aorta train (309).jpg,train\Aorta\Aorta train (309).jpg,688.13,83.58,66.67,2.05,good,Image quality is good. Proceed with assessment.,0
train,Aorta,Aorta train (31).jpg,train\Aorta\Aorta train (31).jpg,374.18,50.47,49.87,1.3,good,Image quality is good. Proceed with assessment.,0
train,Aorta,Aorta train (310).jpg,train\Aorta\Aorta train (310).jpg,687.89,83.34,66.79,2.05,good,Image quality is good. Proceed with assessment.,0
train,Aorta,Aorta train (311).jpg,train\Aorta\Aorta train (311).jpg,686.17,83.15,66.92,2.05,good,Image quality is good. Proceed with assessment.,0
train,Aorta,Aorta train (312).jpg,train\Aorta\Aorta train (312).jpg,440.36,62.64,62.46,1.48,good,Image quality is good. Proceed with assessment.,0
train,Aorta,Aorta train (313).jpg,train\Aorta\Aorta train (313).jpg,438.91,62.58,62.39,1.48,good,Image quality is good. Proceed with assessment.,0
train,Aorta,Aorta train (314).jpg,train\Aorta\Aorta train (314).jpg,440.26,62.55,62.37,1.48,good,Image quality is good. Proceed with assessment.,0
train,Aorta,Aorta train (315).jpg,train\Aorta\Aorta train (315).jpg,430.1,62.52,62.36,1.48,good,Image quality is good. Proceed with assessment.,0
train,Aorta,Aorta train (316).jpg,train\Aorta\Aorta train (316).jpg,440.51,62.36,62.33,1.49,good,Image quality is good. Proceed with assessment.,0
train,Aorta,Aorta train (317).jpg,train\Aorta\Aorta train (317).jpg,441.11,62.12,62.21,1.49,good,Image quality is good. Proceed with assessment.,0
train,Aorta,Aorta train (318).jpg,train\Aorta\Aorta train (318).jpg,444.77,61.97,62.09,1.5,good,Image quality is good. Proceed with assessment.,0
train,Aorta,Aorta train (319).jpg,train\Aorta\Aorta train (319).jpg,444.85,61.68,61.93,1.49,good,Image quality is good. Proceed with assessment.,0
train,Aorta,Aorta train (32).jpg,train\Aorta\Aorta train (32).jpg,374.63,50.8,49.85,1.3,good,Image quality is good. Proceed with assessment.,0
train,Aorta,Aorta train (320).jpg,train\Aorta\Aorta train (320).jpg,555.77,43.42,51.68,1.8,good,Image quality is good. Proceed with assessment.,0
train,Aorta,Aorta train (321).jpg,train\Aorta\Aorta train (321).jpg,555.19,43.3,51.64,1.8,good,Image quality is good. Proceed with assessment.,0
train,Aorta,Aorta train (322).jpg,train\Aorta\Aorta train (322).jpg,555.13,43.17,51.6,1.8,good,Image quality is good. Proceed with assessment.,0
train,Aorta,Aorta train (323).jpg,train\Aorta\Aorta train (323).jpg,967.1,42.98,43.3,1.73,good,Image quality is good. Proceed with assessment.,0
train,Aorta,Aorta train (324).jpg,train\Aorta\Aorta train (324).jpg,965.15,42.49,42.33,1.72,good,Image quality is good. Proceed with assessment.,0
train,Aorta,Aorta train (325).jpg,train\Aorta\Aorta train (325).jpg,963.03,41.97,41.49,1.72,good,Image quality is good. Proceed with assessment.,0
train,Aorta,Aorta train (326).jpg,train\Aorta\Aorta train (326).jpg,631.46,53.73,51.54,2.02,good,Image quality is good. Proceed with assessment.,0
train,Aorta,Aorta train (327).jpg,train\Aorta\Aorta train (327).jpg,631.44,53.39,51.3,2.02,good,Image quality is good. Proceed with assessment.,0
train,Aorta,Aorta train (328).jpg,train\Aorta\Aorta train (328).jpg,629.99,53.05,51.14,2.02,good,Image quality is good. Proceed with assessment.,0
train,Aorta,Aorta train (329).jpg,train\Aorta\Aorta train (329).jpg,629.52,52.75,50.88,2.02,good,Image quality is good. Proceed with assessment.,0
train,Aorta,Aorta train (33).jpg,train\Aorta\Aorta train (33).jpg,375.02,50.93,49.75,1.31,good,Image quality is good. Proceed with assessment.,0
train,Aorta,Aorta train (330).jpg,train\Aorta\Aorta train (330).jpg,628.06,64.05,57.05,1.87,good,Image quality is good. Proceed with assessment.,0
train,Aorta,Aorta train (331).jpg,train\Aorta\Aorta train (331).jpg,627.02,64.33,57.15,1.88,good,Image quality is good. Proceed with assessment.,0
train,Aorta,Aorta train (332).jpg,train\Aorta\Aorta train (332).jpg,626.46,64.5,57.23,1.89,good,Image quality is good. Proceed with assessment.,0
train,Aorta,Aorta train (333).jpg,train\Aorta\Aorta train (333).jpg,626.5,64.54,57.31,1.89,good,Image quality is good. Proceed with assessment.,0
train,Aorta,Aorta train (334).jpg,train\Aorta\Aorta train (334).jpg,611.96,64.07,58.09,1.88,good,Image quality is good. Proceed with assessment.,0
train,Aorta,Aorta train (335).jpg,train\Aorta\Aorta train (335).jpg,611.22,64.05,58.14,1.88,good,Image quality is good. Proceed with assessment.,0
train,Aorta,Aorta train (336).jpg,train\Aorta\Aorta train (336).jpg,611.05,64.01,58.11,1.88,good,Image quality is good. Proceed with assessment.,0
train,Aorta,Aorta train (337).jpg,train\Aorta\Aorta train (337).jpg,611.18,64.02,58.08,1.88,good,Image quality is good. Proceed with assessment.,0
train,Aorta,Aorta train (338).jpg,train\Aorta\Aorta train (338).jpg,610.99,63.95,58.04,1.88,good,Image quality is good. Proceed with assessment.,0
train,Aorta,Aorta train (339).jpg,train\Aorta\Aorta train (339).jpg,610.63,63.95,58.06,1.88,good,Image quality is good. Proceed with assessment.,0
train,Aorta,Aorta train (34).jpg,train\Aorta\Aorta train (34).jpg,383.89,49.73,49.96,1.33,good,Image quality is good. Proceed with assessment.,0
train,Aorta,Aorta train (340).jpg,train\Aorta\Aorta train (340).jpg,610.79,63.85,58.03,1.89,good,Image quality is good. Proceed with assessment.,0
train,Aorta,Aorta train (341).jpg,train\Aorta\Aorta train (341).jpg,603.4,64.01,58.32,1.86,good,Image quality is good. Proceed with assessment.,0
train,Aorta,Aorta train (342).jpg,train\Aorta\Aorta train (342).jpg,603.22,64.01,58.29,1.86,good,Image quality is good. Proceed with assessment.,0
train,Aorta,Aorta train (343).jpg,train\Aorta\Aorta train (343).jpg,603.06,63.96,58.23,1.86,good,Image quality is good. Proceed with assessment.,0
train,Aorta,Aorta train (344).jpg,train\Aorta\Aorta train (344).jpg,630.33,63.49,57.79,1.88,good,Image quality is good. Proceed with assessment.,0
train,Aorta,Aorta train (345).jpg,train\Aorta\Aorta train (345).jpg,630.54,63.55,57.97,1.88,good,Image quality is good. Proceed with assessment.,0
train,Aorta,Aorta train (346).jpg,train\Aorta\Aorta train (346).jpg,631.14,63.54,58.03,1.89,good,Image quality is good. Proceed with assessment.,0
train,Aorta,Aorta train (347).jpg,train\Aorta\Aorta train (347).jpg,631.7,63.5,58.06,1.89,good,Image quality is good. Proceed with assessment.,0
train,Aorta,Aorta train (348).jpg,train\Aorta\Aorta train (348).jpg,631.75,63.41,58.1,1.89,good,Image quality is good. Proceed with assessment.,0
train,Aorta,Aorta train (349).jpg,train\Aorta\Aorta train (349).jpg,619.97,63.02,56.06,1.87,good,Image quality is good. Proceed with assessment.,0
train,Aorta,Aorta train (35).jpg,train\Aorta\Aorta train (35).jpg,385.05,49.61,49.88,1.33,good,Image quality is good. Proceed with assessment.,0
train,Aorta,Aorta train (350).jpg,train\Aorta\Aorta train (350).jpg,619.25,63.05,56.2,1.87,good,Image quality is good. Proceed with assessment.,0
train,Aorta,Aorta train (351).jpg,train\Aorta\Aorta train (351).jpg,620.41,62.95,56.39,1.88,good,Image quality is good. Proceed with assessment.,0
train,Aorta,Aorta train (352).jpg,train\Aorta\Aorta train (352).jpg,618.45,62.89,56.5,1.86,good,Image quality is good. Proceed with assessment.,0
train,Aorta,Aorta train (353).jpg,train\Aorta\Aorta train (353).jpg,597.43,59.04,54.78,1.81,good,Image quality is good. Proceed with assessment.,0
train,Aorta,Aorta train (354).jpg,train\Aorta\Aorta train (354).jpg,598.61,59.05,54.87,1.82,good,Image quality is good. Proceed with assessment.,0
train,Aorta,Aorta train (355).jpg,train\Aorta\Aorta train (355).jpg,599.3,58.94,54.76,1.82,good,Image quality is good. Proceed with assessment.,0
train,Aorta,Aorta train (356).jpg,train\Aorta\Aorta train (356).jpg,598.83,58.71,54.52,1.82,good,Image quality is good. Proceed with assessment.,0
train,Aorta,Aorta train (357).jpg,train\Aorta\Aorta train (357).jpg,598.74,58.29,54.38,1.82,good,Image quality is good. Proceed with assessment.,0
train,Aorta,Aorta train (358).jpg,train\Aorta\Aorta train (358).jpg,627.05,59.72,55.48,1.81,good,Image quality is good. Proceed with assessment.,0
train,Aorta,Aorta train (359).jpg,train\Aorta\Aorta train (359).jpg,627.44,59.94,55.42,1.81,good,Image quality is good. Proceed with assessment.,0
train,Aorta,Aorta train (36).jpg,train\Aorta\Aorta train (36).jpg,387.34,49.43,49.63,1.34,good,Image quality is good. Proceed with assessment.,0
train,Aorta,Aorta train (360).jpg,train\Aorta\Aorta train (360).jpg,627.12,59.99,55.13,1.81,good,Image quality is good. Proceed with assessment.,0
train,Aorta,Aorta train (361).jpg,train\Aorta\Aorta train (361).jpg,620.81,61.01,55.77,1.85,good,Image quality is good. Proceed with assessment.,0
train,Aorta,Aorta train (362).jpg,train\Aorta\Aorta train (362).jpg,621.08,60.85,55.92,1.85,good,Image quality is good. Proceed with assessment.,0
train,Aorta,Aorta train (363).jpg,train\Aorta\Aorta train (363).jpg,621.04,60.85,56.06,1.85,good,Image quality is good. Proceed with assessment.,0
train,Aorta,Aorta train (364).jpg,train\Aorta\Aorta train (364).jpg,621.96,60.82,56.14,1.86,good,Image quality is good. Proceed with assessment.,0
train,Aorta,Aorta train (365).jpg,train\Aorta\Aorta train (365).jpg,621.75,60.78,56.14,1.86,good,Image quality is good. Proceed with assessment.,0
train,Aorta,Aorta train (366).jpg,train\Aorta\Aorta train (366).jpg,621.81,60.67,56.16,1.86,good,Image quality is good. Proceed with assessment.,0
train,Aorta,Aorta train (367).jpg,train\Aorta\Aorta train (367).jpg,616.76,59.82,57.1,1.83,good,Image quality is good. Proceed with assessment.,0
train,Aorta,Aorta train (368).jpg,train\Aorta\Aorta train (368).jpg,616.99,60.28,57.25,1.83,good,Image quality is good. Proceed with assessment.,0
train,Aorta,Aorta train (369).jpg,train\Aorta\Aorta train (369).jpg,617.49,60.57,57.36,1.83,good,Image quality is good. Proceed with assessment.,0
train,Aorta,Aorta train (37).jpg,train\Aorta\Aorta train (37).jpg,389.98,49.11,49.36,1.34,good,Image quality is good. Proceed with assessment.,0
train,Aorta,Aorta train (370).jpg,train\Aorta\Aorta train (370).jpg,618.95,65.62,54.3,1.91,good,Image quality is good. Proceed with assessment.,0
train,Aorta,Aorta train (371).jpg,train\Aorta\Aorta train (371).jpg,596.83,63.37,53.83,1.88,good,Image quality is good. Proceed with assessment.,0
train,Aorta,Aorta train (372).jpg,train\Aorta\Aorta train (372).jpg,595.82,63.5,53.57,1.88,good,Image quality is good. Proceed with assessment.,0
train,Aorta,Aorta train (373).jpg,train\Aorta\Aorta train (373).jpg,596.21,63.44,53.24,1.88,good,Image quality is good. Proceed with assessment.,0
train,Aorta,Aorta train (374).jpg,train\Aorta\Aorta train (374).jpg,619.32,65.55,54.27,1.91,good,Image quality is good. Proceed with assessment.,0
train,Aorta,Aorta train (375).jpg,train\Aorta\Aorta train (375).jpg,619.18,65.41,54.21,1.91,good,Image quality is good. Proceed with assessment.,0
train,Aorta,Aorta train (376).jpg,train\Aorta\Aorta train (376).jpg,599.03,64.74,54.0,1.87,good,Image quality is good. Proceed with assessment.,0
train,Aorta,Aorta train (377).jpg,train\Aorta\Aorta train (377).jpg,598.12,64.69,53.91,1.87,good,Image quality is good. Proceed with assessment.,0
train,Aorta,Aorta train (378).jpg,train\Aorta\Aorta train (378).jpg,598.44,64.4,53.74,1.87,good,Image quality is good. Proceed with assessment.,0
train,Aorta,Aorta train (379).jpg,train\Aorta\Aorta train (379).jpg,597.18,63.08,56.13,1.84,good,Image quality is good. Proceed with assessment.,0
train,Aorta,Aorta train (38).jpg,train\Aorta\Aorta train (38).jpg,682.23,58.83,56.27,1.97,good,Image quality is good. Proceed with assessment.,0
train,Aorta,Aorta train (380).jpg,train\Aorta\Aorta train (380).jpg,601.52,63.06,56.18,1.85,good,Image quality is good. Proceed with assessment.,0
train,Aorta,Aorta train (381).jpg,train\Aorta\Aorta train (381).jpg,601.69,62.97,56.24,1.85,good,Image quality is good. Proceed with assessment.,0
train,Aorta,Aorta train (382).jpg,train\Aorta\Aorta train (382).jpg,626.83,63.47,56.78,1.86,good,Image quality is good. Proceed with assessment.,0
train,Aorta,Aorta train (383).jpg,train\Aorta\Aorta train (383).jpg,627.11,63.34,56.71,1.87,good,Image quality is good. Proceed with assessment.,0
train,Aorta,Aorta train (384).jpg,train\Aorta\Aorta train (384).jpg,613.43,61.53,56.11,1.83,good,Image quality is good. Proceed with assessment.,0
train,Aorta,Aorta train (385).jpg,train\Aorta\Aorta train (385).jpg,613.41,61.3,56.18,1.83,good,Image quality is good. Proceed with assessment.,0
train,Aorta,Aorta train (386).jpg,train\Aorta\Aorta train (386).jpg,611.58,61.02,56.09,1.82,good,Image quality is good. Proceed with assessment.,0
train,Aorta,Aorta train (387).jpg,train\Aorta\Aorta train (387).jpg,585.21,58.93,56.1,1.78,good,Image quality is good. Proceed with assessment.,0
train,Aorta,Aorta train (388).jpg,train\Aorta\Aorta train (388).jpg,583.11,58.82,56.17,1.78,good,Image quality is good. Proceed with assessment.,0
train,Aorta,Aorta train (389).jpg,train\Aorta\Aorta train (389).jpg,580.71,58.27,56.25,1.77,good,Image quality is good. Proceed with assessment.,0
train,Aorta,Aorta train (39).jpg,train\Aorta\Aorta train (39).jpg,679.96,58.75,56.37,1.97,good,Image quality is good. Proceed with assessment.,0
train,Aorta,Aorta train (390).jpg,train\Aorta\Aorta train (390).jpg,579.01,57.97,56.22,1.76,good,Image quality is good. Proceed with assessment.,0
train,Aorta,Aorta train (391).jpg,train\Aorta\Aorta train (391).jpg,580.58,53.06,47.83,1.86,good,Image quality is good. Proceed with assessment.,0
train,Aorta,Aorta train (392).jpg,train\Aorta\Aorta train (392).jpg,587.7,52.95,47.81,1.88,good,Image quality is good. Proceed with assessment.,0
train,Aorta,Aorta train (393).jpg,train\Aorta\Aorta train (393).jpg,587.9,52.9,47.73,1.88,good,Image quality is good. Proceed with assessment.,0
train,Aorta,Aorta train (394).jpg,train\Aorta\Aorta train (394).jpg,609.21,53.71,47.88,1.87,good,Image quality is good. Proceed with assessment.,0
train,Aorta,Aorta train (395).jpg,train\Aorta\Aorta train (395).jpg,609.23,53.69,47.85,1.87,good,Image quality is good. Proceed with assessment.,0
train,Aorta,Aorta train (396).jpg,train\Aorta\Aorta train (396).jpg,608.96,53.57,47.75,1.87,good,Image quality is good. Proceed with assessment.,0
train,Aorta,Aorta train (397).jpg,train\Aorta\Aorta train (397).jpg,608.81,53.52,47.67,1.87,good,Image quality is good. Proceed with assessment.,0
train,Aorta,Aorta train (398).jpg,train\Aorta\Aorta train (398).jpg,608.87,53.37,47.59,1.88,good,Image quality is good. Proceed with assessment.,0
train,Aorta,Aorta train (399).jpg,train\Aorta\Aorta train (399).jpg,608.01,53.19,47.46,1.87,good,Image quality is good. Proceed with assessment.,0
train,Aorta,Aorta train (4).jpg,train\Aorta\Aorta train (4).jpg,466.56,43.34,53.79,1.52,good,Image quality is good. Proceed with assessment.,0
train,Aorta,Aorta train (40).jpg,train\Aorta\Aorta train (40).jpg,670.27,61.87,57.57,2.01,good,Image quality is good. Proceed with assessment.,0
train,Aorta,Aorta train (400).jpg,train\Aorta\Aorta train (400).jpg,606.66,57.01,49.18,1.87,good,Image quality is good. Proceed with assessment.,0
train,Aorta,Aorta train (401).jpg,train\Aorta\Aorta train (401).jpg,607.76,57.69,49.43,1.87,good,Image quality is good. Proceed with assessment.,0
train,Aorta,Aorta train (402).jpg,train\Aorta\Aorta train (402).jpg,607.39,58.17,49.65,1.87,good,Image quality is good. Proceed with assessment.,0
train,Aorta,Aorta train (403).jpg,train\Aorta\Aorta train (403).jpg,606.79,58.5,49.77,1.88,good,Image quality is good. Proceed with assessment.,0
train,Aorta,Aorta train (404).jpg,train\Aorta\Aorta train (404).jpg,606.53,58.8,49.88,1.88,good,Image quality is good. Proceed with assessment.,0
train,Aorta,Aorta train (405).jpg,train\Aorta\Aorta train (405).jpg,596.35,61.52,50.98,1.88,good,Image quality is good. Proceed with assessment.,0
train,Aorta,Aorta train (406).jpg,train\Aorta\Aorta train (406).jpg,596.64,61.53,50.83,1.88,good,Image quality is good. Proceed with assessment.,0
train,Aorta,Aorta train (407).jpg,train\Aorta\Aorta train (407).jpg,595.33,61.81,49.31,1.86,good,Image quality is good. Proceed with assessment.,0
train,Aorta,Aorta train (408).jpg,train\Aorta\Aorta train (408).jpg,592.89,62.33,49.2,1.86,good,Image quality is good. Proceed with assessment.,0
train,Aorta,Aorta train (409).jpg,train\Aorta\Aorta train (409).jpg,575.76,62.12,50.5,1.86,good,Image quality is good. Proceed with assessment.,0
train,Aorta,Aorta train (41).jpg,train\Aorta\Aorta train (41).jpg,668.78,61.78,57.59,2.01,good,Image quality is good. Proceed with assessment.,0
train,Aorta,Aorta train (410).jpg,train\Aorta\Aorta train (410).jpg,575.65,62.05,50.54,1.86,good,Image quality is good. Proceed with assessment.,0
train,Aorta,Aorta train (411).jpg,train\Aorta\Aorta train (411).jpg,606.29,59.05,49.95,1.88,good,Image quality is good. Proceed with assessment.,0
train,Aorta,Aorta train (412).jpg,train\Aorta\Aorta train (412).jpg,575.84,61.94,50.52,1.86,good,Image quality is good. Proceed with assessment.,0
train,Aorta,Aorta train (413).jpg,train\Aorta\Aorta train (413).jpg,577.38,61.77,50.47,1.86,good,Image quality is good. Proceed with assessment.,0
train,Aorta,Aorta train (414).jpg,train\Aorta\Aorta train (414).jpg,576.53,61.66,50.4,1.86,good,Image quality is good. Proceed with assessment.,0
train,Aorta,Aorta train (415).jpg,train\Aorta\Aorta train (415).jpg,577.26,43.09,44.65,1.79,good,Image quality is good. Proceed with assessment.,0
train,Aorta,Aorta train (416).jpg,train\Aorta\Aorta train (416).jpg,576.42,43.04,44.74,1.78,good,Image quality is good. Proceed with assessment.,0
train,Aorta,Aorta train (417).jpg,train\Aorta\Aorta train (417).jpg,574.56,43.05,44.79,1.78,good,Image quality is good. Proceed with assessment.,0
train,Aorta,Aorta train (418).jpg,train\Aorta\Aorta train (418).jpg,557.25,43.19,44.81,1.76,good,Image quality is good. Proceed with assessment.,0
train,Aorta,Aorta train (419).jpg,train\Aorta\Aorta train (419).jpg,559.13,43.23,44.87,1.76,good,Image quality is good. Proceed with assessment.,0
train,Aorta,Aorta train (42).jpg,train\Aorta\Aorta train (42).jpg,668.34,61.7,57.57,2.02,good,Image quality is good. Proceed with assessment.,0
train,Aorta,Aorta train (420).jpg,train\Aorta\Aorta train (420).jpg,559.62,43.32,44.94,1.76,good,Image quality is good. Proceed with assessment.,0
train,Aorta,Aorta train (421).jpg,train\Aorta\Aorta train (421).jpg,561.95,43.33,44.93,1.77,good,Image quality is good. Proceed with assessment.,0
train,Aorta,Aorta train (422).jpg,train\Aorta\Aorta train (422).jpg,649.75,59.59,45.63,1.96,good,Image quality is good. Proceed with assessment.,0
train,Aorta,Aorta train (423).jpg,train\Aorta\Aorta train (423).jpg,649.9,59.67,45.39,1.96,good,Image quality is good. Proceed with assessment.,0
train,Aorta,Aorta train (424).jpg,train\Aorta\Aorta train (424).jpg,649.24,59.54,45.18,1.96,good,Image quality is good. Proceed with assessment.,0
train,Aorta,Aorta train (425).jpg,train\Aorta\Aorta train (425).jpg,637.71,58.89,45.88,1.96,good,Image quality is good. Proceed with assessment.,0
train,Aorta,Aorta train (426).jpg,train\Aorta\Aorta train (426).jpg,636.06,58.67,45.87,1.96,good,Image quality is good. Proceed with assessment.,0
train,Aorta,Aorta train (427).jpg,train\Aorta\Aorta train (427).jpg,635.6,58.52,45.92,1.97,good,Image quality is good. Proceed with assessment.,0
train,Aorta,Aorta train (428).jpg,train\Aorta\Aorta train (428).jpg,634.35,58.12,45.87,1.97,good,Image quality is good. Proceed with assessment.,0
train,Aorta,Aorta train (429).jpg,train\Aorta\Aorta train (429).jpg,564.3,53.27,44.46,1.81,good,Image quality is good. Proceed with assessment.,0
train,Aorta,Aorta train (43).jpg,train\Aorta\Aorta train (43).jpg,663.69,61.54,57.45,2.01,good,Image quality is good. Proceed with assessment.,0
train,Aorta,Aorta train (430).jpg,train\Aorta\Aorta train (430).jpg,560.8,52.56,44.52,1.81,good,Image quality is good. Proceed with assessment.,0
train,Aorta,Aorta train (431).jpg,train\Aorta\Aorta train (431).jpg,558.82,51.67,44.48,1.81,good,Image quality is good. Proceed with assessment.,0
train,Aorta,Aorta train (432).jpg,train\Aorta\Aorta train (432).jpg,597.13,61.52,52.55,1.94,good,Image quality is good. Proceed with assessment.,0
train,Aorta,Aorta train (433).jpg,train\Aorta\Aorta train (433).jpg,595.62,61.39,52.46,1.94,good,Image quality is good. Proceed with assessment.,0
train,Aorta,Aorta train (434).jpg,train\Aorta\Aorta train (434).jpg,590.59,53.27,60.49,1.81,good,Image quality is good. Proceed with assessment.,0
train,Aorta,Aorta train (435).jpg,train\Aorta\Aorta train (435).jpg,597.89,53.47,61.84,1.8,good,Image quality is good. Proceed with assessment.,0
train,Aorta,Aorta train (436).jpg,train\Aorta\Aorta train (436).jpg,594.93,53.47,61.95,1.79,good,Image quality is good. Proceed with assessment.,0
train,Aorta,Aorta train (437).jpg,train\Aorta\Aorta train (437).jpg,597.4,53.43,61.94,1.79,good,Image quality is good. Proceed with assessment.,0
train,Aorta,Aorta train (438).jpg,train\Aorta\Aorta train (438).jpg,664.25,72.03,58.56,2.0,good,Image quality is good. Proceed with assessment.,0
train,Aorta,Aorta train (439).jpg,train\Aorta\Aorta train (439).jpg,662.94,71.88,58.55,1.99,good,Image quality is good. Proceed with assessment.,0
train,Aorta,Aorta train (44).jpg,train\Aorta\Aorta train (44).jpg,601.81,63.12,58.0,1.95,good,Image quality is good. Proceed with assessment.,0
train,Aorta,Aorta train (440).jpg,train\Aorta\Aorta train (440).jpg,650.78,73.19,58.9,1.97,good,Image quality is good. Proceed with assessment.,0
train,Aorta,Aorta train (441).jpg,train\Aorta\Aorta train (441).jpg,647.15,73.03,58.75,1.96,good,Image quality is good. Proceed with assessment.,0
train,Aorta,Aorta train (442).jpg,train\Aorta\Aorta train (442).jpg,648.03,72.93,58.7,1.96,good,Image quality is good. Proceed with assessment.,0
train,Aorta,Aorta train (443).jpg,train\Aorta\Aorta train (443).jpg,650.06,72.9,58.75,1.96,good,Image quality is good. Proceed with assessment.,0
train,Aorta,Aorta train (444).jpg,train\Aorta\Aorta train (444).jpg,641.37,73.08,58.95,1.94,good,Image quality is good. Proceed with assessment.,0
train,Aorta,Aorta train (445).jpg,train\Aorta\Aorta train (445).jpg,647.44,72.98,59.04,1.95,good,Image quality is good. Proceed with assessment.,0
train,Aorta,Aorta train (446).jpg,train\Aorta\Aorta train (446).jpg,648.98,73.05,59.13,1.95,good,Image quality is good. Proceed with assessment.,0
train,Aorta,Aorta train (447).jpg,train\Aorta\Aorta train (447).jpg,636.63,73.94,59.88,1.95,good,Image quality is good. Proceed with assessment.,0
train,Aorta,Aorta train (448).jpg,train\Aorta\Aorta train (448).jpg,636.44,74.01,59.98,1.96,good,Image quality is good. Proceed with assessment.,0
train,Aorta,Aorta train (449).jpg,train\Aorta\Aorta train (449).jpg,636.79,74.01,60.01,1.96,good,Image quality is good. Proceed with assessment.,0
train,Aorta,Aorta train (45).jpg,train\Aorta\Aorta train (45).jpg,601.81,63.2,58.0,1.95,good,Image quality is good. Proceed with assessment.,0
train,Aorta,Aorta train (450).jpg,train\Aorta\Aorta train (450).jpg,637.13,73.94,59.88,1.96,good,Image quality is good. Proceed with assessment.,0
train,Aorta,Aorta train (451).jpg,train\Aorta\Aorta train (451).jpg,638.07,73.84,59.69,1.95,good,Image quality is good. Proceed with assessment.,0
train,Aorta,Aorta train (452).jpg,train\Aorta\Aorta train (452).jpg,625.77,76.9,54.34,2.13,good,Image quality is good. Proceed with assessment.,0
train,Aorta,Aorta train (453).jpg,train\Aorta\Aorta train (453).jpg,620.06,76.75,54.3,2.11,good,Image quality is good. Proceed with assessment.,0
train,Aorta,Aorta train (454).jpg,train\Aorta\Aorta train (454).jpg,621.14,76.56,54.46,2.13,good,Image quality is good. Proceed with assessment.,0
train,Aorta,Aorta train (455).jpg,train\Aorta\Aorta train (455).jpg,646.22,73.5,56.0,2.15,good,Image quality is good. Proceed with assessment.,0
train,Aorta,Aorta train (456).jpg,train\Aorta\Aorta train (456).jpg,637.49,73.33,55.72,2.12,good,Image quality is good. Proceed with assessment.,0
train,Aorta,Aorta train (457).jpg,train\Aorta\Aorta train (457).jpg,644.26,73.15,55.63,2.13,good,Image quality is good. Proceed with assessment.,0
train,Aorta,Aorta train (458).jpg,train\Aorta\Aorta train (458).jpg,643.25,73.17,55.57,2.13,good,Image quality is good. Proceed with assessment.,0
train,Aorta,Aorta train (459).jpg,train\Aorta\Aorta train (459).jpg,641.5,73.32,55.51,2.12,good,Image quality is good. Proceed with assessment.,0
train,Aorta,Aorta train (46).jpg,train\Aorta\Aorta train (46).jpg,602.82,63.19,57.87,1.92,good,Image quality is good. Proceed with assessment.,0
train,Aorta,Aorta train (460).jpg,train\Aorta\Aorta train (460).jpg,580.49,46.44,52.54,1.78,good,Image quality is good. Proceed with assessment.,0
train,Aorta,Aorta train (461).jpg,train\Aorta\Aorta train (461).jpg,579.32,46.15,52.05,1.77,good,Image quality is good. Proceed with assessment.,0
train,Aorta,Aorta train (462).jpg,train\Aorta\Aorta train (462).jpg,579.03,46.4,52.35,1.8,good,Image quality is good. Proceed with assessment.,0
train,Aorta,Aorta train (463).jpg,train\Aorta\Aorta train (463).jpg,580.27,46.26,52.06,1.8,good,Image quality is good. Proceed with assessment.,0
train,Aorta,Aorta train (464).jpg,train\Aorta\Aorta train (464).jpg,579.21,45.96,51.62,1.8,good,Image quality is good. Proceed with assessment.,0
train,Aorta,Aorta train (465).jpg,train\Aorta\Aorta train (465).jpg,614.84,39.68,43.96,1.9,good,Image quality is good. Proceed with assessment.,0
train,Aorta,Aorta train (466).jpg,train\Aorta\Aorta train (466).jpg,615.57,39.43,43.4,1.9,good,Image quality is good. Proceed with assessment.,0
train,Aorta,Aorta train (467).jpg,train\Aorta\Aorta train (467).jpg,616.18,40.02,43.65,1.92,good,Image quality is good. Proceed with assessment.,0
train,Aorta,Aorta train (468).jpg,train\Aorta\Aorta train (468).jpg,616.78,39.65,43.12,1.92,good,Image quality is good. Proceed with assessment.,0
train,Aorta,Aorta train (469).jpg,train\Aorta\Aorta train (469).jpg,592.93,62.32,56.63,2.14,good,Image quality is good. Proceed with assessment.,0
train,Aorta,Aorta train (47).jpg,train\Aorta\Aorta train (47).jpg,602.48,63.4,57.87,1.92,good,Image quality is good. Proceed with assessment.,0
train,Aorta,Aorta train (470).jpg,train\Aorta\Aorta train (470).jpg,593.12,62.74,56.53,2.12,good,Image quality is good. Proceed with assessment.,0
train,Aorta,Aorta train (471).jpg,train\Aorta\Aorta train (471).jpg,595.04,63.17,57.96,2.21,good,Image quality is good. Proceed with assessment.,0
train,Aorta,Aorta train (472).jpg,train\Aorta\Aorta train (472).jpg,597.56,60.97,57.0,2.18,good,Image quality is good. Proceed with assessment.,0
train,Aorta,Aorta train (473).jpg,train\Aorta\Aorta train (473).jpg,597.66,61.04,56.62,2.18,good,Image quality is good. Proceed with assessment.,0
train,Aorta,Aorta train (474).jpg,train\Aorta\Aorta train (474).jpg,604.26,62.3,58.46,2.21,good,Image quality is good. Proceed with assessment.,0
train,Aorta,Aorta train (475).jpg,train\Aorta\Aorta train (475).jpg,603.95,62.36,58.48,2.21,good,Image quality is good. Proceed with assessment.,0
train,Aorta,Aorta train (476).jpg,train\Aorta\Aorta train (476).jpg,605.79,61.93,57.84,2.21,good,Image quality is good. Proceed with assessment.,0
train,Aorta,Aorta train (477).jpg,train\Aorta\Aorta train (477).jpg,606.08,61.68,57.8,2.21,good,Image quality is good. Proceed with assessment.,0
train,Aorta,Aorta train (478).jpg,train\Aorta\Aorta train (478).jpg,596.18,62.55,58.01,2.19,good,Image quality is good. Proceed with assessment.,0
train,Aorta,Aorta train (479).jpg,train\Aorta\Aorta train (479).jpg,596.09,62.56,58.03,2.19,good,Image quality is good. Proceed with assessment.,0
train,Aorta,Aorta train (48).jpg,train\Aorta\Aorta train (48).jpg,602.95,63.64,58.02,1.92,good,Image quality is good. Proceed with assessment.,0
train,Aorta,Aorta train (480).jpg,train\Aorta\Aorta train (480).jpg,585.75,62.74,58.32,2.15,good,Image quality is good. Proceed with assessment.,0
train,Aorta,Aorta train (481).jpg,train\Aorta\Aorta train (481).jpg,585.16,62.75,58.29,2.16,good,Image quality is good. Proceed with assessment.,0
train,Aorta,Aorta train (482).jpg,train\Aorta\Aorta train (482).jpg,560.69,61.38,56.76,2.12,good,Image quality is good. Proceed with assessment.,0
train,Aorta,Aorta train (483).jpg,train\Aorta\Aorta train (483).jpg,560.68,61.23,56.7,2.11,good,Image quality is good. Proceed with assessment.,0
train,Aorta,Aorta train (484).jpg,train\Aorta\Aorta train (484).jpg,558.72,60.79,56.5,2.14,good,Image quality is good. Proceed with assessment.,0
train,Aorta,Aorta train (485).jpg,train\Aorta\Aorta train (485).jpg,558.03,60.58,56.46,2.14,good,Image quality is good. Proceed with assessment.,0
train,Aorta,Aorta train (486).jpg,train\Aorta\Aorta train (486).jpg,561.14,59.3,56.03,2.08,good,Image quality is good. Proceed with assessment.,0
train,Aorta,Aorta train (487).jpg,train\Aorta\Aorta train (487).jpg,553.2,65.84,60.06,1.97,good,Image quality is good. Proceed with assessment.,0
train,Aorta,Aorta train (488).jpg,train\Aorta\Aorta train (488).jpg,554.04,65.65,59.93,1.97,good,Image quality is good. Proceed with assessment.,0
train,Aorta,Aorta train (489).jpg,train\Aorta\Aorta train (489).jpg,554.49,65.37,59.77,1.97,good,Image quality is good. Proceed with assessment.,0
train,Aorta,Aorta train (49).jpg,train\Aorta\Aorta train (49).jpg,604.63,62.62,57.86,2.03,good,Image quality is good. Proceed with assessment.,0
train,Aorta,Aorta train (490).jpg,train\Aorta\Aorta train (490).jpg,555.41,65.05,59.63,1.97,good,Image quality is good. Proceed with assessment.,0
train,Aorta,Aorta train (5).jpg,train\Aorta\Aorta train (5).jpg,466.11,43.3,53.64,1.52,good,Image quality is good. Proceed with assessment.,0
train,Aorta,Aorta train (50).jpg,train\Aorta\Aorta train (50).jpg,605.74,62.54,57.89,2.03,good,Image quality is good. Proceed with assessment.,0
train,Aorta,Aorta train (51).jpg,train\Aorta\Aorta train (51).jpg,606.09,62.56,57.87,2.03,good,Image quality is good. Proceed with assessment.,0
train,Aorta,Aorta train (52).jpg,train\Aorta\Aorta train (52).jpg,606.01,62.61,57.94,2.03,good,Image quality is good. Proceed with assessment.,0
train,Aorta,Aorta train (53).jpg,train\Aorta\Aorta train (53).jpg,606.14,62.65,58.05,2.04,good,Image quality is good. Proceed with assessment.,0
train,Aorta,Aorta train (54).jpg,train\Aorta\Aorta train (54).jpg,589.03,49.5,55.0,1.82,good,Image quality is good. Proceed with assessment.,0
train,Aorta,Aorta train (55).jpg,train\Aorta\Aorta train (55).jpg,589.27,49.39,54.99,1.82,good,Image quality is good. Proceed with assessment.,0
train,Aorta,Aorta train (56).jpg,train\Aorta\Aorta train (56).jpg,589.84,49.3,54.95,1.82,good,Image quality is good. Proceed with assessment.,0
train,Aorta,Aorta train (57).jpg,train\Aorta\Aorta train (57).jpg,590.38,49.12,54.82,1.83,good,Image quality is good. Proceed with assessment.,0
train,Aorta,Aorta train (58).jpg,train\Aorta\Aorta train (58).jpg,589.64,48.93,54.66,1.83,good,Image quality is good. Proceed with assessment.,0
train,Aorta,Aorta train (59).jpg,train\Aorta\Aorta train (59).jpg,589.51,48.79,54.5,1.83,good,Image quality is good. Proceed with assessment.,0
train,Aorta,Aorta train (6).jpg,train\Aorta\Aorta train (6).jpg,561.55,58.45,54.99,1.82,good,Image quality is good. Proceed with assessment.,0
train,Aorta,Aorta train (60).jpg,train\Aorta\Aorta train (60).jpg,507.45,58.93,42.89,1.61,good,Image quality is good. Proceed with assessment.,0
train,Aorta,Aorta train (61).jpg,train\Aorta\Aorta train (61).jpg,505.18,57.88,42.43,1.61,good,Image quality is good. Proceed with assessment.,0
train,Aorta,Aorta train (62).jpg,train\Aorta\Aorta train (62).jpg,505.91,56.78,41.5,1.6,good,Image quality is good. Proceed with assessment.,0
train,Aorta,Aorta train (63).jpg,train\Aorta\Aorta train (63).jpg,503.31,55.93,40.61,1.6,good,Image quality is good. Proceed with assessment.,0
train,Aorta,Aorta train (64).jpg,train\Aorta\Aorta train (64).jpg,506.02,64.51,44.21,1.64,good,Image quality is good. Proceed with assessment.,0
train,Aorta,Aorta train (65).jpg,train\Aorta\Aorta train (65).jpg,505.47,64.36,44.4,1.64,good,Image quality is good. Proceed with assessment.,0
train,Aorta,Aorta train (66).jpg,train\Aorta\Aorta train (66).jpg,507.52,64.42,44.64,1.64,good,Image quality is good. Proceed with assessment.,0
train,Aorta,Aorta train (67).jpg,train\Aorta\Aorta train (67).jpg,508.32,64.34,44.76,1.64,good,Image quality is good. Proceed with assessment.,0
train,Aorta,Aorta train (68).jpg,train\Aorta\Aorta train (68).jpg,508.23,64.17,44.8,1.64,good,Image quality is good. Proceed with assessment.,0
train,Aorta,Aorta train (69).jpg,train\Aorta\Aorta train (69).jpg,508.39,63.93,44.63,1.65,good,Image quality is good. Proceed with assessment.,0
train,Aorta,Aorta train (7).jpg,train\Aorta\Aorta train (7).jpg,562.65,58.48,54.97,1.82,good,Image quality is good. Proceed with assessment.,0
train,Aorta,Aorta train (70).jpg,train\Aorta\Aorta train (70).jpg,507.95,63.68,44.55,1.65,good,Image quality is good. Proceed with assessment.,0
train,Aorta,Aorta train (71).jpg,train\Aorta\Aorta train (71).jpg,501.23,63.87,45.08,1.62,good,Image quality is good. Proceed with assessment.,0
train,Aorta,Aorta train (72).jpg,train\Aorta\Aorta train (72).jpg,501.91,63.69,45.08,1.62,good,Image quality is good. Proceed with assessment.,0
train,Aorta,Aorta train (73).jpg,train\Aorta\Aorta train (73).jpg,502.06,63.67,45.16,1.62,good,Image quality is good. Proceed with assessment.,0
train,Aorta,Aorta train (74).jpg,train\Aorta\Aorta train (74).jpg,501.95,63.43,45.07,1.63,good,Image quality is good. Proceed with assessment.,0
train,Aorta,Aorta train (75).jpg,train\Aorta\Aorta train (75).jpg,501.9,63.0,44.85,1.62,good,Image quality is good. Proceed with assessment.,0
train,Aorta,Aorta train (76).jpg,train\Aorta\Aorta train (76).jpg,502.31,62.55,44.58,1.63,good,Image quality is good. Proceed with assessment.,0
train,Aorta,Aorta train (77).jpg,train\Aorta\Aorta train (77).jpg,445.85,54.62,50.77,1.54,good,Image quality is good. Proceed with assessment.,0
train,Aorta,Aorta train (78).jpg,train\Aorta\Aorta train (78).jpg,447.45,54.56,50.68,1.54,good,Image quality is good. Proceed with assessment.,0
train,Aorta,Aorta train (79).jpg,train\Aorta\Aorta train (79).jpg,471.18,56.02,49.86,1.6,good,Image quality is good. Proceed with assessment.,0
train,Aorta,Aorta train (8).jpg,train\Aorta\Aorta train (8).jpg,560.71,58.24,54.78,1.81,good,Image quality is good. Proceed with assessment.,0
train,Aorta,Aorta train (80).jpg,train\Aorta\Aorta train (80).jpg,472.78,55.93,50.11,1.62,good,Image quality is good. Proceed with assessment.,0
train,Aorta,Aorta train (81).jpg,train\Aorta\Aorta train (81).jpg,469.19,55.53,49.95,1.62,good,Image quality is good. Proceed with assessment.,0
train,Aorta,Aorta train (82).jpg,train\Aorta\Aorta train (82).jpg,674.96,59.14,64.37,1.82,good,Image quality is good. Proceed with assessment.,0
train,Aorta,Aorta train (83).jpg,train\Aorta\Aorta train (83).jpg,680.63,58.92,64.44,1.81,good,Image quality is good. Proceed with assessment.,0
train,Aorta,Aorta train (84).jpg,train\Aorta\Aorta train (84).jpg,680.83,58.97,64.4,1.81,good,Image quality is good. Proceed with assessment.,0
train,Aorta,Aorta train (85).jpg,train\Aorta\Aorta train (85).jpg,679.9,58.84,64.25,1.81,good,Image quality is good. Proceed with assessment.,0
train,Aorta,Aorta train (86).jpg,train\Aorta\Aorta train (86).jpg,677.07,58.68,64.03,1.8,good,Image quality is good. Proceed with assessment.,0
train,Aorta,Aorta train (87).jpg,train\Aorta\Aorta train (87).jpg,676.07,58.57,63.95,1.79,good,Image quality is good. Proceed with assessment.,0
train,Aorta,Aorta train (88).jpg,train\Aorta\Aorta train (88).jpg,676.05,58.47,63.98,1.8,good,Image quality is good. Proceed with assessment.,0
train,Aorta,Aorta train (89).jpg,train\Aorta\Aorta train (89).jpg,675.97,58.4,64.0,1.8,good,Image quality is good. Proceed with assessment.,0
train,Aorta,Aorta train (9).jpg,train\Aorta\Aorta train (9).jpg,559.18,58.12,54.58,1.8,good,Image quality is good. Proceed with assessment.,0
train,Aorta,Aorta train (90).jpg,train\Aorta\Aorta train (90).jpg,667.43,58.55,64.06,1.81,good,Image quality is good. Proceed with assessment.,0
train,Aorta,Aorta train (91).jpg,train\Aorta\Aorta train (91).jpg,617.16,71.64,51.93,1.85,good,Image quality is good. Proceed with assessment.,0
train,Aorta,Aorta train (92).jpg,train\Aorta\Aorta train (92).jpg,614.62,71.32,51.88,1.85,good,Image quality is good. Proceed with assessment.,0
train,Aorta,Aorta train (93).jpg,train\Aorta\Aorta train (93).jpg,611.23,70.92,51.8,1.84,good,Image quality is good. Proceed with assessment.,0
train,Aorta,Aorta train (94).jpg,train\Aorta\Aorta train (94).jpg,608.28,70.64,51.76,1.84,good,Image quality is good. Proceed with assessment.,0
train,Aorta,Aorta train (95).jpg,train\Aorta\Aorta train (95).jpg,584.45,58.03,52.63,1.9,good,Image quality is good. Proceed with assessment.,0
train,Aorta,Aorta train (96).jpg,train\Aorta\Aorta train (96).jpg,584.6,58.01,52.62,1.9,good,Image quality is good. Proceed with assessment.,0
train,Aorta,Aorta train (97).jpg,train\Aorta\Aorta train (97).jpg,585.04,57.94,52.61,1.9,good,Image quality is good. Proceed with assessment.,0
train,Aorta,Aorta train (98).jpg,train\Aorta\Aorta train (98).jpg,584.2,57.85,52.61,1.91,good,Image quality is good. Proceed with assessment.,0
train,Aorta,Aorta train (99).jpg,train\Aorta\Aorta train (99).jpg,646.77,64.08,54.15,1.92,good,Image quality is good. Proceed with assessment.,0
train,Flows,Flows train (1).jpg,train\Flows\Flows train (1).jpg,847.13,39.72,46.51,1.94,good,Image quality is good. Proceed with assessment.,0
train,Flows,Flows train (10).jpg,train\Flows\Flows train (10).jpg,387.49,42.79,42.56,1.27,good,Image quality is good. Proceed with assessment.,0
train,Flows,Flows train (100).jpg,train\Flows\Flows train (100).jpg,658.03,63.19,55.54,1.92,good,Image quality is good. Proceed with assessment.,0
train,Flows,Flows train (101).jpg,train\Flows\Flows train (101).jpg,659.96,62.99,55.37,1.92,good,Image quality is good. Proceed with assessment.,0
train,Flows,Flows train (102).jpg,train\Flows\Flows train (102).jpg,676.6,62.13,55.23,1.95,good,Image quality is good. Proceed with assessment.,0
train,Flows,Flows train (103).jpg,train\Flows\Flows train (103).jpg,677.12,62.21,55.1,1.95,good,Image quality is good. Proceed with assessment.,0
train,Flows,Flows train (104).jpg,train\Flows\Flows train (104).jpg,619.82,60.28,52.27,1.85,good,Image quality is good. Proceed with assessment.,0
train,Flows,Flows train (105).jpg,train\Flows\Flows train (105).jpg,620.86,60.13,51.99,1.86,good,Image quality is good. Proceed with assessment.,0
train,Flows,Flows train (106).jpg,train\Flows\Flows train (106).jpg,602.86,61.54,53.78,1.86,good,Image quality is good. Proceed with assessment.,0
train,Flows,Flows train (107).jpg,train\Flows\Flows train (107).jpg,539.35,45.01,50.17,1.84,good,Image quality is good. Proceed with assessment.,0
train,Flows,Flows train (108).jpg,train\Flows\Flows train (108).jpg,539.78,45.07,50.21,1.84,good,Image quality is good. Proceed with assessment.,0
train,Flows,Flows train (109).jpg,train\Flows\Flows train (109).jpg,540.55,44.93,49.92,1.84,good,Image quality is good. Proceed with assessment.,0
train,Flows,Flows train (11).jpg,train\Flows\Flows train (11).jpg,374.19,41.81,46.06,1.25,good,Image quality is good. Proceed with assessment.,0
train,Flows,Flows train (110).jpg,train\Flows\Flows train (110).jpg,540.26,44.76,49.67,1.84,good,Image quality is good. Proceed with assessment.,0
train,Flows,Flows train (111).jpg,train\Flows\Flows train (111).jpg,539.81,44.1,48.52,1.83,good,Image quality is good. Proceed with assessment.,0
train,Flows,Flows train (112).jpg,train\Flows\Flows train (112).jpg,539.98,44.12,48.43,1.83,good,Image quality is good. Proceed with assessment.,0
train,Flows,Flows train (113).jpg,train\Flows\Flows train (113).jpg,505.37,54.12,52.73,1.68,good,Image quality is good. Proceed with assessment.,0
train,Flows,Flows train (114).jpg,train\Flows\Flows train (114).jpg,502.18,54.59,52.74,1.67,good,Image quality is good. Proceed with assessment.,0
train,Flows,Flows train (115).jpg,train\Flows\Flows train (115).jpg,597.02,65.3,61.18,1.88,good,Image quality is good. Proceed with assessment.,0
train,Flows,Flows train (116).jpg,train\Flows\Flows train (116).jpg,595.69,65.4,61.21,1.87,good,Image quality is good. Proceed with assessment.,0
train,Flows,Flows train (117).jpg,train\Flows\Flows train (117).jpg,614.91,62.6,59.26,1.86,good,Image quality is good. Proceed with assessment.,0
train,Flows,Flows train (118).jpg,train\Flows\Flows train (118).jpg,616.13,62.61,59.1,1.87,good,Image quality is good. Proceed with assessment.,0
train,Flows,Flows train (119).jpg,train\Flows\Flows train (119).jpg,621.95,63.74,59.49,1.9,good,Image quality is good. Proceed with assessment.,0
train,Flows,Flows train (12).jpg,train\Flows\Flows train (12).jpg,374.38,41.77,45.85,1.25,good,Image quality is good. Proceed with assessment.,0
train,Flows,Flows train (120).jpg,train\Flows\Flows train (120).jpg,607.47,65.1,60.0,1.89,good,Image quality is good. Proceed with assessment.,0
train,Flows,Flows train (121).jpg,train\Flows\Flows train (121).jpg,606.91,65.5,60.16,1.88,good,Image quality is good. Proceed with assessment.,0
train,Flows,Flows train (122).jpg,train\Flows\Flows train (122).jpg,594.13,42.3,52.03,1.74,good,Image quality is good. Proceed with assessment.,0
train,Flows,Flows train (123).jpg,train\Flows\Flows train (123).jpg,596.55,44.0,54.95,1.79,good,Image quality is good. Proceed with assessment.,0
train,Flows,Flows train (124).jpg,train\Flows\Flows train (124).jpg,588.72,44.81,54.86,1.79,good,Image quality is good. Proceed with assessment.,0
train,Flows,Flows train (125).jpg,train\Flows\Flows train (125).jpg,840.07,40.81,46.97,1.73,good,Image quality is good. Proceed with assessment.,0
train,Flows,Flows train (126).jpg,train\Flows\Flows train (126).jpg,938.66,35.96,42.12,1.72,good,Image quality is good. Proceed with assessment.,0
train,Flows,Flows train (127).jpg,train\Flows\Flows train (127).jpg,936.51,36.99,42.63,1.72,good,Image quality is good. Proceed with assessment.,0
train,Flows,Flows train (128).jpg,train\Flows\Flows train (128).jpg,918.64,37.7,43.55,1.72,good,Image quality is good. Proceed with assessment.,0
train,Flows,Flows train (129).jpg,train\Flows\Flows train (129).jpg,436.92,41.48,44.42,1.52,good,Image quality is good. Proceed with assessment.,0
train,Flows,Flows train (13).jpg,train\Flows\Flows train (13).jpg,374.39,41.36,45.47,1.25,good,Image quality is good. Proceed with assessment.,0
train,Flows,Flows train (130).jpg,train\Flows\Flows train (130).jpg,438.05,42.28,45.1,1.55,good,Image quality is good. Proceed with assessment.,0
train,Flows,Flows train (131).jpg,train\Flows\Flows train (131).jpg,574.0,80.17,57.59,1.94,good,Image quality is good. Proceed with assessment.,0
train,Flows,Flows train (132).jpg,train\Flows\Flows train (132).jpg,575.2,79.55,57.25,1.93,good,Image quality is good. Proceed with assessment.,0
train,Flows,Flows train (133).jpg,train\Flows\Flows train (133).jpg,575.18,79.55,57.06,1.93,good,Image quality is good. Proceed with assessment.,0
train,Flows,Flows train (134).jpg,train\Flows\Flows train (134).jpg,578.92,79.41,57.3,1.95,good,Image quality is good. Proceed with assessment.,0
train,Flows,Flows train (135).jpg,train\Flows\Flows train (135).jpg,585.44,78.27,57.04,1.94,good,Image quality is good. Proceed with assessment.,0
train,Flows,Flows train (136).jpg,train\Flows\Flows train (136).jpg,613.92,79.1,58.1,1.89,good,Image quality is good. Proceed with assessment.,0
train,Flows,Flows train (137).jpg,train\Flows\Flows train (137).jpg,1114.9,33.18,39.74,2.12,good,Image quality is good. Proceed with assessment.,0
train,Flows,Flows train (138).jpg,train\Flows\Flows train (138).jpg,1086.82,32.87,43.0,1.98,good,Image quality is good. Proceed with assessment.,0
train,Flows,Flows train (139).jpg,train\Flows\Flows train (139).jpg,596.46,48.46,54.83,1.81,good,Image quality is good. Proceed with assessment.,0
train,Flows,Flows train (14).jpg,train\Flows\Flows train (14).jpg,375.56,39.72,44.99,1.24,good,Image quality is good. Proceed with assessment.,0
train,Flows,Flows train (140).jpg,train\Flows\Flows train (140).jpg,597.46,48.31,54.96,1.81,good,Image quality is good. Proceed with assessment.,0
train,Flows,Flows train (141).jpg,train\Flows\Flows train (141).jpg,598.26,48.24,55.15,1.82,good,Image quality is good. Proceed with assessment.,0
train,Flows,Flows train (142).jpg,train\Flows\Flows train (142).jpg,601.59,48.91,56.39,1.83,good,Image quality is good. Proceed with assessment.,0
train,Flows,Flows train (143).jpg,train\Flows\Flows train (143).jpg,602.86,49.08,56.57,1.83,good,Image quality is good. Proceed with assessment.,0
train,Flows,Flows train (144).jpg,train\Flows\Flows train (144).jpg,602.59,49.05,56.51,1.83,good,Image quality is good. Proceed with assessment.,0
train,Flows,Flows train (145).jpg,train\Flows\Flows train (145).jpg,601.95,49.09,56.57,1.84,good,Image quality is good. Proceed with assessment.,0
train,Flows,Flows train (146).jpg,train\Flows\Flows train (146).jpg,605.02,48.96,57.08,1.84,good,Image quality is good. Proceed with assessment.,0
train,Flows,Flows train (147).jpg,train\Flows\Flows train (147).jpg,605.48,49.14,57.3,1.84,good,Image quality is good. Proceed with assessment.,0
train,Flows,Flows train (148).jpg,train\Flows\Flows train (148).jpg,603.28,44.13,54.61,1.79,good,Image quality is good. Proceed with assessment.,0
train,Flows,Flows train (149).jpg,train\Flows\Flows train (149).jpg,628.18,49.27,56.42,1.84,good,Image quality is good. Proceed with assessment.,0
train,Flows,Flows train (15).jpg,train\Flows\Flows train (15).jpg,375.73,39.54,44.68,1.24,good,Image quality is good. Proceed with assessment.,0
train,Flows,Flows train (150).jpg,train\Flows\Flows train (150).jpg,832.36,50.58,40.96,1.75,good,Image quality is good. Proceed with assessment.,0
train,Flows,Flows train (151).jpg,train\Flows\Flows train (151).jpg,872.63,49.46,43.08,1.79,good,Image quality is good. Proceed with assessment.,0
train,Flows,Flows train (152).jpg,train\Flows\Flows train (152).jpg,925.81,36.37,41.74,1.71,good,Image quality is good. Proceed with assessment.,0
train,Flows,Flows train (153).jpg,train\Flows\Flows train (153).jpg,944.67,38.79,42.32,1.71,good,Image quality is good. Proceed with assessment.,0
train,Flows,Flows train (154).jpg,train\Flows\Flows train (154).jpg,870.12,40.97,50.93,1.7,good,Image quality is good. Proceed with assessment.,0
train,Flows,Flows train (155).jpg,train\Flows\Flows train (155).jpg,861.54,39.68,49.18,1.66,good,Image quality is good. Proceed with assessment.,0
train,Flows,Flows train (156).jpg,train\Flows\Flows train (156).jpg,808.22,46.21,49.17,1.74,good,Image quality is good. Proceed with assessment.,0
train,Flows,Flows train (157).jpg,train\Flows\Flows train (157).jpg,900.1,48.83,50.86,1.82,good,Image quality is good. Proceed with assessment.,0
train,Flows,Flows train (158).jpg,train\Flows\Flows train (158).jpg,897.27,36.11,44.63,1.77,good,Image quality is good. Proceed with assessment.,0
train,Flows,Flows train (159).jpg,train\Flows\Flows train (159).jpg,767.64,49.81,43.32,2.11,good,Image quality is good. Proceed with assessment.,0
train,Flows,Flows train (16).jpg,train\Flows\Flows train (16).jpg,382.3,38.5,43.73,1.26,good,Image quality is good. Proceed with assessment.,0
train,Flows,Flows train (160).jpg,train\Flows\Flows train (160).jpg,774.18,49.77,43.01,2.11,good,Image quality is good. Proceed with assessment.,0
train,Flows,Flows train (161).jpg,train\Flows\Flows train (161).jpg,599.38,60.15,56.21,1.88,good,Image quality is good. Proceed with assessment.,0
train,Flows,Flows train (162).jpg,train\Flows\Flows train (162).jpg,600.39,60.22,56.33,1.88,good,Image quality is good. Proceed with assessment.,0
train,Flows,Flows train (163).jpg,train\Flows\Flows train (163).jpg,600.81,60.15,56.32,1.89,good,Image quality is good. Proceed with assessment.,0
train,Flows,Flows train (164).jpg,train\Flows\Flows train (164).jpg,605.5,60.16,56.79,1.89,good,Image quality is good. Proceed with assessment.,0
train,Flows,Flows train (165).jpg,train\Flows\Flows train (165).jpg,605.05,60.3,56.88,1.89,good,Image quality is good. Proceed with assessment.,0
train,Flows,Flows train (166).jpg,train\Flows\Flows train (166).jpg,605.68,60.47,57.08,1.9,good,Image quality is good. Proceed with assessment.,0
train,Flows,Flows train (167).jpg,train\Flows\Flows train (167).jpg,606.27,60.4,57.1,1.9,good,Image quality is good. Proceed with assessment.,0
train,Flows,Flows train (168).jpg,train\Flows\Flows train (168).jpg,609.37,60.45,57.18,1.91,good,Image quality is good. Proceed with assessment.,0
train,Flows,Flows train (169).jpg,train\Flows\Flows train (169).jpg,610.1,60.38,57.17,1.91,good,Image quality is good. Proceed with assessment.,0
train,Flows,Flows train (17).jpg,train\Flows\Flows train (17).jpg,381.07,40.2,44.57,1.25,good,Image quality is good. Proceed with assessment.,0
train,Flows,Flows train (170).jpg,train\Flows\Flows train (170).jpg,606.84,60.1,56.42,1.9,good,Image quality is good. Proceed with assessment.,0
train,Flows,Flows train (171).jpg,train\Flows\Flows train (171).jpg,849.49,51.65,48.31,1.83,good,Image quality is good. Proceed with assessment.,0
train,Flows,Flows train (172).jpg,train\Flows\Flows train (172).jpg,860.5,50.74,46.97,1.81,good,Image quality is good. Proceed with assessment.,0
train,Flows,Flows train (173).jpg,train\Flows\Flows train (173).jpg,627.18,82.5,64.5,2.01,good,Image quality is good. Proceed with assessment.,0
train,Flows,Flows train (174).jpg,train\Flows\Flows train (174).jpg,620.89,79.6,64.66,2.01,good,Image quality is good. Proceed with assessment.,0
train,Flows,Flows train (175).jpg,train\Flows\Flows train (175).jpg,621.95,79.58,64.62,2.01,good,Image quality is good. Proceed with assessment.,0
train,Flows,Flows train (176).jpg,train\Flows\Flows train (176).jpg,588.82,61.81,58.12,1.92,good,Image quality is good. Proceed with assessment.,0
train,Flows,Flows train (177).jpg,train\Flows\Flows train (177).jpg,589.34,61.73,58.1,1.92,good,Image quality is good. Proceed with assessment.,0
train,Flows,Flows train (178).jpg,train\Flows\Flows train (178).jpg,589.2,60.92,59.32,1.93,good,Image quality is good. Proceed with assessment.,0
train,Flows,Flows train (179).jpg,train\Flows\Flows train (179).jpg,586.77,59.87,58.28,1.9,good,Image quality is good. Proceed with assessment.,0
train,Flows,Flows train (18).jpg,train\Flows\Flows train (18).jpg,380.8,40.06,44.34,1.25,good,Image quality is good. Proceed with assessment.,0
train,Flows,Flows train (180).jpg,train\Flows\Flows train (180).jpg,848.76,60.05,56.0,1.87,good,Image quality is good. Proceed with assessment.,0
train,Flows,Flows train (181).jpg,train\Flows\Flows train (181).jpg,590.3,58.96,57.57,1.8,good,Image quality is good. Proceed with assessment.,0
train,Flows,Flows train (182).jpg,train\Flows\Flows train (182).jpg,595.13,60.59,58.76,1.88,good,Image quality is good. Proceed with assessment.,0
train,Flows,Flows train (183).jpg,train\Flows\Flows train (183).jpg,590.44,60.83,59.36,1.88,good,Image quality is good. Proceed with assessment.,0
train,Flows,Flows train (184).jpg,train\Flows\Flows train (184).jpg,589.92,60.45,59.15,1.85,good,Image quality is good. Proceed with assessment.,0
train,Flows,Flows train (185).jpg,train\Flows\Flows train (185).jpg,483.91,45.12,52.68,1.52,good,Image quality is good. Proceed with assessment.,0
train,Flows,Flows train (186).jpg,train\Flows\Flows train (186).jpg,585.15,53.03,55.79,1.85,good,Image quality is good. Proceed with assessment.,0
train,Flows,Flows train (187).jpg,train\Flows\Flows train (187).jpg,585.2,52.97,55.82,1.85,good,Image quality is good. Proceed with assessment.,0
train,Flows,Flows train (188).jpg,train\Flows\Flows train (188).jpg,952.11,41.42,47.87,1.8,good,Image quality is good. Proceed with assessment.,0
train,Flows,Flows train (189).jpg,train\Flows\Flows train (189).jpg,928.4,34.88,45.36,1.93,good,Image quality is good. Proceed with assessment.,0
train,Flows,Flows train (19).jpg,train\Flows\Flows train (19).jpg,406.19,52.18,51.48,1.36,good,Image quality is good. Proceed with assessment.,0
train,Flows,Flows train (190).jpg,train\Flows\Flows train (190).jpg,584.45,67.76,61.13,1.88,good,Image quality is good. Proceed with assessment.,0
train,Flows,Flows train (191).jpg,train\Flows\Flows train (191).jpg,585.65,44.91,47.68,1.87,good,Image quality is good. Proceed with assessment.,0
train,Flows,Flows train (192).jpg,train\Flows\Flows train (192).jpg,585.83,45.05,47.85,1.88,good,Image quality is good. Proceed with assessment.,0
train,Flows,Flows train (193).jpg,train\Flows\Flows train (193).jpg,586.45,44.86,47.56,1.88,good,Image quality is good. Proceed with assessment.,0
train,Flows,Flows train (194).jpg,train\Flows\Flows train (194).jpg,581.95,45.06,47.52,1.87,good,Image quality is good. Proceed with assessment.,0
train,Flows,Flows train (195).jpg,train\Flows\Flows train (195).jpg,581.88,45.39,47.83,1.87,good,Image quality is good. Proceed with assessment.,0
train,Flows,Flows train (196).jpg,train\Flows\Flows train (196).jpg,419.05,69.11,56.13,1.49,good,Image quality is good. Proceed with assessment.,0
train,Flows,Flows train (197).jpg,train\Flows\Flows train (197).jpg,402.93,66.65,55.82,1.39,good,Image quality is good. Proceed with assessment.,0
train,Flows,Flows train (198).jpg,train\Flows\Flows train (198).jpg,391.68,66.46,54.48,1.45,good,Image quality is good. Proceed with assessment.,0
train,Flows,Flows train (199).jpg,train\Flows\Flows train (199).jpg,533.96,65.98,55.58,2.01,good,Image quality is good. Proceed with assessment.,0
train,Flows,Flows train (2).jpg,train\Flows\Flows train (2).jpg,870.79,40.0,46.34,1.85,good,Image quality is good. Proceed with assessment.,0
train,Flows,Flows train (20).jpg,train\Flows\Flows train (20).jpg,679.35,58.55,56.3,1.97,good,Image quality is good. Proceed with assessment.,0
train,Flows,Flows train (200).jpg,train\Flows\Flows train (200).jpg,534.27,66.21,55.6,2.03,good,Image quality is good. Proceed with assessment.,0
train,Flows,Flows train (201).jpg,train\Flows\Flows train (201).jpg,533.9,66.18,55.58,2.03,good,Image quality is good. Proceed with assessment.,0
train,Flows,Flows train (202).jpg,train\Flows\Flows train (202).jpg,530.57,66.36,55.36,2.02,good,Image quality is good. Proceed with assessment.,0
train,Flows,Flows train (203).jpg,train\Flows\Flows train (203).jpg,530.64,66.41,55.32,2.02,good,Image quality is good. Proceed with assessment.,0
train,Flows,Flows train (204).jpg,train\Flows\Flows train (204).jpg,519.28,63.94,54.54,1.93,good,Image quality is good. Proceed with assessment.,0
train,Flows,Flows train (205).jpg,train\Flows\Flows train (205).jpg,523.82,64.15,53.66,1.98,good,Image quality is good. Proceed with assessment.,0
train,Flows,Flows train (206).jpg,train\Flows\Flows train (206).jpg,524.1,64.05,53.5,1.98,good,Image quality is good. Proceed with assessment.,0
train,Flows,Flows train (207).jpg,train\Flows\Flows train (207).jpg,520.89,63.87,53.5,1.97,good,Image quality is good. Proceed with assessment.,0
train,Flows,Flows train (208).jpg,train\Flows\Flows train (208).jpg,521.42,63.88,53.5,1.97,good,Image quality is good. Proceed with assessment.,0
train,Flows,Flows train (209).jpg,train\Flows\Flows train (209).jpg,436.35,52.71,49.39,1.53,good,Image quality is good. Proceed with assessment.,0
train,Flows,Flows train (21).jpg,train\Flows\Flows train (21).jpg,681.67,58.76,56.6,1.97,good,Image quality is good. Proceed with assessment.,0
train,Flows,Flows train (210).jpg,train\Flows\Flows train (210).jpg,435.17,52.07,48.89,1.49,good,Image quality is good. Proceed with assessment.,0
train,Flows,Flows train (211).jpg,train\Flows\Flows train (211).jpg,434.42,52.02,48.76,1.49,good,Image quality is good. Proceed with assessment.,0
train,Flows,Flows train (212).jpg,train\Flows\Flows train (212).jpg,387.65,50.84,51.59,1.31,good,Image quality is good. Proceed with assessment.,0
train,Flows,Flows train (213).jpg,train\Flows\Flows train (213).jpg,383.38,52.17,52.36,1.29,good,Image quality is good. Proceed with assessment.,0
train,Flows,Flows train (214).jpg,train\Flows\Flows train (214).jpg,391.8,58.19,54.88,1.38,good,Image quality is good. Proceed with assessment.,0
train,Flows,Flows train (215).jpg,train\Flows\Flows train (215).jpg,410.67,58.68,53.84,1.41,good,Image quality is good. Proceed with assessment.,0
train,Flows,Flows train (216).jpg,train\Flows\Flows train (216).jpg,403.26,59.43,54.36,1.4,good,Image quality is good. Proceed with assessment.,0
train,Flows,Flows train (217).jpg,train\Flows\Flows train (217).jpg,460.51,58.36,55.55,1.43,good,Image quality is good. Proceed with assessment.,0
train,Flows,Flows train (218).jpg,train\Flows\Flows train (218).jpg,454.67,59.25,56.57,1.43,good,Image quality is good. Proceed with assessment.,0
train,Flows,Flows train (219).jpg,train\Flows\Flows train (219).jpg,395.95,46.11,52.23,1.39,good,Image quality is good. Proceed with assessment.,0
train,Flows,Flows train (22).jpg,train\Flows\Flows train (22).jpg,684.8,58.84,56.62,1.97,good,Image quality is good. Proceed with assessment.,0
train,Flows,Flows train (220).jpg,train\Flows\Flows train (220).jpg,542.28,59.72,51.24,1.74,good,Image quality is good. Proceed with assessment.,0
train,Flows,Flows train (221).jpg,train\Flows\Flows train (221).jpg,535.73,57.62,51.82,1.67,good,Image quality is good. Proceed with assessment.,0
train,Flows,Flows train (222).jpg,train\Flows\Flows train (222).jpg,535.37,58.01,52.1,1.67,good,Image quality is good. Proceed with assessment.,0
train,Flows,Flows train (223).jpg,train\Flows\Flows train (223).jpg,519.13,58.78,53.2,1.64,good,Image quality is good. Proceed with assessment.,0
train,Flows,Flows train (224).jpg,train\Flows\Flows train (224).jpg,1102.97,30.77,40.27,2.01,good,Image quality is good. Proceed with assessment.,0
train,Flows,Flows train (225).jpg,train\Flows\Flows train (225).jpg,1107.48,31.25,41.5,2.01,good,Image quality is good. Proceed with assessment.,0
train,Flows,Flows train (226).jpg,train\Flows\Flows train (226).jpg,1109.68,30.56,39.54,2.01,good,Image quality is good. Proceed with assessment.,0
train,Flows,Flows train (227).jpg,train\Flows\Flows train (227).jpg,1112.07,30.06,38.59,2.0,good,Image quality is good. Proceed with assessment.,0
train,Flows,Flows train (228).jpg,train\Flows\Flows train (228).jpg,1082.11,30.05,41.52,1.91,good,Image quality is good. Proceed with assessment.,0
train,Flows,Flows train (229).jpg,train\Flows\Flows train (229).jpg,1081.65,30.32,41.81,1.92,good,Image quality is good. Proceed with assessment.,0
train,Flows,Flows train (23).jpg,train\Flows\Flows train (23).jpg,674.19,61.84,57.53,2.0,good,Image quality is good. Proceed with assessment.,0
train,Flows,Flows train (230).jpg,train\Flows\Flows train (230).jpg,1086.84,29.95,40.2,1.93,good,Image quality is good. Proceed with assessment.,0
train,Flows,Flows train (231).jpg,train\Flows\Flows train (231).jpg,1094.63,29.58,39.2,1.94,good,Image quality is good. Proceed with assessment.,0
train,Flows,Flows train (232).jpg,train\Flows\Flows train (232).jpg,1078.78,31.74,41.91,1.99,good,Image quality is good. Proceed with assessment.,0
train,Flows,Flows train (233).jpg,train\Flows\Flows train (233).jpg,1089.27,31.34,42.15,1.99,good,Image quality is good. Proceed with assessment.,0
train,Flows,Flows train (234).jpg,train\Flows\Flows train (234).jpg,1088.1,31.59,42.72,1.99,good,Image quality is good. Proceed with assessment.,0
train,Flows,Flows train (235).jpg,train\Flows\Flows train (235).jpg,1092.2,30.98,40.88,1.99,good,Image quality is good. Proceed with assessment.,0
train,Flows,Flows train (236).jpg,train\Flows\Flows train (236).jpg,1106.23,31.0,41.92,1.98,good,Image quality is good. Proceed with assessment.,0
train,Flows,Flows train (237).jpg,train\Flows\Flows train (237).jpg,1107.74,31.19,42.29,1.98,good,Image quality is good. Proceed with assessment.,0
train,Flows,Flows train (238).jpg,train\Flows\Flows train (238).jpg,876.64,33.44,41.1,1.76,good,Image quality is good. Proceed with assessment.,0
train,Flows,Flows train (239).jpg,train\Flows\Flows train (239).jpg,874.66,33.22,40.62,1.76,good,Image quality is good. Proceed with assessment.,0
train,Flows,Flows train (24).jpg,train\Flows\Flows train (24).jpg,673.69,62.16,57.81,2.0,good,Image quality is good. Proceed with assessment.,0
train,Flows,Flows train (240).jpg,train\Flows\Flows train (240).jpg,875.4,33.05,40.32,1.76,good,Image quality is good. Proceed with assessment.,0
train,Flows,Flows train (241).jpg,train\Flows\Flows train (241).jpg,863.32,34.68,42.85,1.75,good,Image quality is good. Proceed with assessment.,0
train,Flows,Flows train (242).jpg,train\Flows\Flows train (242).jpg,858.31,34.51,42.35,1.77,good,Image quality is good. Proceed with assessment.,0
train,Flows,Flows train (243).jpg,train\Flows\Flows train (243).jpg,858.86,34.38,41.93,1.75,good,Image quality is good. Proceed with assessment.,0
train,Flows,Flows train (244).jpg,train\Flows\Flows train (244).jpg,872.12,35.34,43.75,1.76,good,Image quality is good. Proceed with assessment.,0
train,Flows,Flows train (245).jpg,train\Flows\Flows train (245).jpg,447.21,40.14,50.28,1.45,good,Image quality is good. Proceed with assessment.,0
train,Flows,Flows train (246).jpg,train\Flows\Flows train (246).jpg,447.46,40.37,50.63,1.46,good,Image quality is good. Proceed with assessment.,0
train,Flows,Flows train (247).jpg,train\Flows\Flows train (247).jpg,443.04,40.09,50.82,1.44,good,Image quality is good. Proceed with assessment.,0
train,Flows,Flows train (248).jpg,train\Flows\Flows train (248).jpg,442.78,40.16,50.96,1.44,good,Image quality is good. Proceed with assessment.,0
train,Flows,Flows train (249).jpg,train\Flows\Flows train (249).jpg,561.71,58.38,52.63,1.92,good,Image quality is good. Proceed with assessment.,0
train,Flows,Flows train (25).jpg,train\Flows\Flows train (25).jpg,672.44,62.2,57.92,2.01,good,Image quality is good. Proceed with assessment.,0
train,Flows,Flows train (250).jpg,train\Flows\Flows train (250).jpg,561.78,58.27,52.58,1.91,good,Image quality is good. Proceed with assessment.,0
train,Flows,Flows train (251).jpg,train\Flows\Flows train (251).jpg,567.26,58.5,52.79,1.89,good,Image quality is good. Proceed with assessment.,0
train,Flows,Flows train (252).jpg,train\Flows\Flows train (252).jpg,566.94,58.45,52.84,1.89,good,Image quality is good. Proceed with assessment.,0
train,Flows,Flows train (253).jpg,train\Flows\Flows train (253).jpg,553.59,58.55,52.3,1.87,good,Image quality is good. Proceed with assessment.,0
train,Flows,Flows train (254).jpg,train\Flows\Flows train (254).jpg,554.53,58.82,52.52,1.87,good,Image quality is good. Proceed with assessment.,0
train,Flows,Flows train (255).jpg,train\Flows\Flows train (255).jpg,879.87,53.81,42.88,2.32,good,Image quality is good. Proceed with assessment.,0
train,Flows,Flows train (256).jpg,train\Flows\Flows train (256).jpg,872.39,53.95,43.1,2.34,good,Image quality is good. Proceed with assessment.,0
train,Flows,Flows train (257).jpg,train\Flows\Flows train (257).jpg,871.9,53.15,41.47,2.31,good,Image quality is good. Proceed with assessment.,0
train,Flows,Flows train (258).jpg,train\Flows\Flows train (258).jpg,886.29,53.2,41.2,2.3,good,Image quality is good. Proceed with assessment.,0
train,Flows,Flows train (259).jpg,train\Flows\Flows train (259).jpg,901.68,53.69,42.06,2.31,good,Image quality is good. Proceed with assessment.,0
train,Flows,Flows train (26).jpg,train\Flows\Flows train (26).jpg,672.63,62.21,57.91,2.01,good,Image quality is good. Proceed with assessment.,0
train,Flows,Flows train (260).jpg,train\Flows\Flows train (260).jpg,905.08,54.11,43.06,2.32,good,Image quality is good. Proceed with assessment.,0
train,Flows,Flows train (261).jpg,train\Flows\Flows train (261).jpg,907.39,54.01,42.92,2.33,good,Image quality is good. Proceed with assessment.,0
train,Flows,Flows train (262).jpg,train\Flows\Flows train (262).jpg,902.7,53.44,43.09,2.29,good,Image quality is good. Proceed with assessment.,0
train,Flows,Flows train (263).jpg,train\Flows\Flows train (263).jpg,385.33,41.99,50.24,1.33,good,Image quality is good. Proceed with assessment.,0
train,Flows,Flows train (264).jpg,train\Flows\Flows train (264).jpg,384.97,41.83,50.21,1.33,good,Image quality is good. Proceed with assessment.,0
train,Flows,Flows train (265).jpg,train\Flows\Flows train (265).jpg,385.22,42.0,50.63,1.33,good,Image quality is good. Proceed with assessment.,0
train,Flows,Flows train (266).jpg,train\Flows\Flows train (266).jpg,386.05,42.32,51.29,1.33,good,Image quality is good. Proceed with assessment.,0
train,Flows,Flows train (267).jpg,train\Flows\Flows train (267).jpg,386.45,42.49,51.72,1.33,good,Image quality is good. Proceed with assessment.,0
train,Flows,Flows train (268).jpg,train\Flows\Flows train (268).jpg,388.56,41.9,50.61,1.31,good,Image quality is good. Proceed with assessment.,0
train,Flows,Flows train (269).jpg,train\Flows\Flows train (269).jpg,387.79,41.8,50.53,1.31,good,Image quality is good. Proceed with assessment.,0
train,Flows,Flows train (27).jpg,train\Flows\Flows train (27).jpg,598.27,65.45,58.85,1.94,good,Image quality is good. Proceed with assessment.,0
train,Flows,Flows train (270).jpg,train\Flows\Flows train (270).jpg,389.1,41.75,50.41,1.31,good,Image quality is good. Proceed with assessment.,0
train,Flows,Flows train (271).jpg,train\Flows\Flows train (271).jpg,389.96,41.89,50.63,1.32,good,Image quality is good. Proceed with assessment.,0
train,Flows,Flows train (272).jpg,train\Flows\Flows train (272).jpg,593.01,54.61,57.65,1.86,good,Image quality is good. Proceed with assessment.,0
train,Flows,Flows train (273).jpg,train\Flows\Flows train (273).jpg,577.04,56.52,57.75,1.86,good,Image quality is good. Proceed with assessment.,0
train,Flows,Flows train (274).jpg,train\Flows\Flows train (274).jpg,570.67,58.02,58.27,1.85,good,Image quality is good. Proceed with assessment.,0
train,Flows,Flows train (275).jpg,train\Flows\Flows train (275).jpg,571.19,58.69,58.43,1.87,good,Image quality is good. Proceed with assessment.,0
train,Flows,Flows train (276).jpg,train\Flows\Flows train (276).jpg,571.85,58.79,58.47,1.87,good,Image quality is good. Proceed with assessment.,0
train,Flows,Flows train (277).jpg,train\Flows\Flows train (277).jpg,585.89,57.4,57.99,1.86,good,Image quality is good. Proceed with assessment.,0
train,Flows,Flows train (278).jpg,train\Flows\Flows train (278).jpg,531.84,64.41,49.73,1.65,good,Image quality is good. Proceed with assessment.,0
train,Flows,Flows train (279).jpg,train\Flows\Flows train (279).jpg,557.48,71.45,52.53,1.71,good,Image quality is good. Proceed with assessment.,0
train,Flows,Flows train (28).jpg,train\Flows\Flows train (28).jpg,598.51,65.77,59.08,1.95,good,Image quality is good. Proceed with assessment.,0
train,Flows,Flows train (280).jpg,train\Flows\Flows train (280).jpg,557.93,71.77,52.8,1.71,good,Image quality is good. Proceed with assessment.,0
train,Flows,Flows train (281).jpg,train\Flows\Flows train (281).jpg,558.38,71.58,52.67,1.72,good,Image quality is good. Proceed with assessment.,0
train,Flows,Flows train (282).jpg,train\Flows\Flows train (282).jpg,559.05,71.29,52.35,1.72,good,Image quality is good. Proceed with assessment.,0
train,Flows,Flows train (283).jpg,train\Flows\Flows train (283).jpg,422.88,43.34,53.95,1.44,good,Image quality is good. Proceed with assessment.,0
train,Flows,Flows train (284).jpg,train\Flows\Flows train (284).jpg,423.08,43.42,54.02,1.44,good,Image quality is good. Proceed with assessment.,0
train,Flows,Flows train (285).jpg,train\Flows\Flows train (285).jpg,423.31,43.55,54.23,1.44,good,Image quality is good. Proceed with assessment.,0
train,Flows,Flows train (286).jpg,train\Flows\Flows train (286).jpg,422.05,43.82,54.28,1.43,good,Image quality is good. Proceed with assessment.,0
train,Flows,Flows train (287).jpg,train\Flows\Flows train (287).jpg,421.75,44.3,54.67,1.44,good,Image quality is good. Proceed with assessment.,0
train,Flows,Flows train (288).jpg,train\Flows\Flows train (288).jpg,421.73,44.41,54.76,1.44,good,Image quality is good. Proceed with assessment.,0
train,Flows,Flows train (289).jpg,train\Flows\Flows train (289).jpg,413.34,56.14,56.38,1.49,good,Image quality is good. Proceed with assessment.,0
train,Flows,Flows train (29).jpg,train\Flows\Flows train (29).jpg,599.49,65.94,59.17,1.95,good,Image quality is good. Proceed with assessment.,0
train,Flows,Flows train (290).jpg,train\Flows\Flows train (290).jpg,414.26,56.05,56.26,1.49,good,Image quality is good. Proceed with assessment.,0
train,Flows,Flows train (291).jpg,train\Flows\Flows train (291).jpg,416.47,57.01,56.65,1.46,good,Image quality is good. Proceed with assessment.,0
train,Flows,Flows train (292).jpg,train\Flows\Flows train (292).jpg,416.98,56.11,55.9,1.47,good,Image quality is good. Proceed with assessment.,0
train,Flows,Flows train (293).jpg,train\Flows\Flows train (293).jpg,417.24,55.9,55.94,1.47,good,Image quality is good. Proceed with assessment.,0
train,Flows,Flows train (294).jpg,train\Flows\Flows train (294).jpg,644.51,61.24,57.83,1.94,good,Image quality is good. Proceed with assessment.,0
train,Flows,Flows train (295).jpg,train\Flows\Flows train (295).jpg,539.34,41.5,46.93,1.62,good,Image quality is good. Proceed with assessment.,0
train,Flows,Flows train (296).jpg,train\Flows\Flows train (296).jpg,539.53,41.83,47.35,1.63,good,Image quality is good. Proceed with assessment.,0
train,Flows,Flows train (297).jpg,train\Flows\Flows train (297).jpg,585.32,56.87,53.87,1.75,good,Image quality is good. Proceed with assessment.,0
train,Flows,Flows train (298).jpg,train\Flows\Flows train (298).jpg,586.35,56.71,53.66,1.76,good,Image quality is good. Proceed with assessment.,0
train,Flows,Flows train (299).jpg,train\Flows\Flows train (299).jpg,594.33,57.7,54.47,1.75,good,Image quality is good. Proceed with assessment.,0
train,Flows,Flows train (3).jpg,train\Flows\Flows train (3).jpg,844.97,39.23,46.45,1.81,good,Image quality is good. Proceed with assessment.,0
train,Flows,Flows train (30).jpg,train\Flows\Flows train (30).jpg,602.88,63.32,58.0,1.93,good,Image quality is good. Proceed with assessment.,0
train,Flows,Flows train (300).jpg,train\Flows\Flows train (300).jpg,594.1,57.95,54.76,1.75,good,Image quality is good. Proceed with assessment.,0
train,Flows,Flows train (301).jpg,train\Flows\Flows train (301).jpg,593.76,57.83,54.63,1.75,good,Image quality is good. Proceed with assessment.,0
train,Flows,Flows train (302).jpg,train\Flows\Flows train (302).jpg,594.24,57.79,54.51,1.75,good,Image quality is good. Proceed with assessment.,0
train,Flows,Flows train (303).jpg,train\Flows\Flows train (303).jpg,584.47,58.87,54.54,1.74,good,Image quality is good. Proceed with assessment.,0
train,Flows,Flows train (304).jpg,train\Flows\Flows train (304).jpg,710.02,55.96,48.79,2.13,good,Image quality is good. Proceed with assessment.,0
train,Flows,Flows train (305).jpg,train\Flows\Flows train (305).jpg,728.91,56.13,49.21,2.03,good,Image quality is good. Proceed with assessment.,0
train,Flows,Flows train (306).jpg,train\Flows\Flows train (306).jpg,728.04,55.87,49.07,2.05,good,Image quality is good. Proceed with assessment.,0
train,Flows,Flows train (307).jpg,train\Flows\Flows train (307).jpg,725.53,55.65,48.41,2.05,good,Image quality is good. Proceed with assessment.,0
train,Flows,Flows train (308).jpg,train\Flows\Flows train (308).jpg,726.35,55.11,47.42,2.04,good,Image quality is good. Proceed with assessment.,0
train,Flows,Flows train (309).jpg,train\Flows\Flows train (309).jpg,736.91,59.27,51.49,2.09,good,Image quality is good. Proceed with assessment.,0
train,Flows,Flows train (31).jpg,train\Flows\Flows train (31).jpg,597.35,63.93,56.31,1.98,good,Image quality is good. Proceed with assessment.,0
train,Flows,Flows train (310).jpg,train\Flows\Flows train (310).jpg,730.63,60.12,52.4,2.13,good,Image quality is good. Proceed with assessment.,0
train,Flows,Flows train (311).jpg,train\Flows\Flows train (311).jpg,724.32,60.4,52.62,2.09,good,Image quality is good. Proceed with assessment.,0
train,Flows,Flows train (312).jpg,train\Flows\Flows train (312).jpg,702.62,57.13,49.63,2.04,good,Image quality is good. Proceed with assessment.,0
train,Flows,Flows train (313).jpg,train\Flows\Flows train (313).jpg,549.81,55.73,56.04,1.69,good,Image quality is good. Proceed with assessment.,0
train,Flows,Flows train (314).jpg,train\Flows\Flows train (314).jpg,550.04,55.8,56.4,1.69,good,Image quality is good. Proceed with assessment.,0
train,Flows,Flows train (315).jpg,train\Flows\Flows train (315).jpg,539.8,48.38,51.08,1.66,good,Image quality is good. Proceed with assessment.,0
train,Flows,Flows train (316).jpg,train\Flows\Flows train (316).jpg,532.25,49.04,51.88,1.65,good,Image quality is good. Proceed with assessment.,0
train,Flows,Flows train (317).jpg,train\Flows\Flows train (317).jpg,536.54,53.27,53.18,1.69,good,Image quality is good. Proceed with assessment.,0
train,Flows,Flows train (318).jpg,train\Flows\Flows train (318).jpg,538.2,52.85,52.67,1.69,good,Image quality is good. Proceed with assessment.,0
train,Flows,Flows train (319).jpg,train\Flows\Flows train (319).jpg,538.1,52.51,52.01,1.7,good,Image quality is good. Proceed with assessment.,0
train,Flows,Flows train (32).jpg,train\Flows\Flows train (32).jpg,597.65,64.02,56.37,1.98,good,Image quality is good. Proceed with assessment.,0
train,Flows,Flows train (320).jpg,train\Flows\Flows train (320).jpg,540.6,52.95,52.86,1.7,good,Image quality is good. Proceed with assessment.,0
train,Flows,Flows train (321).jpg,train\Flows\Flows train (321).jpg,535.07,53.14,54.01,1.7,good,Image quality is good. Proceed with assessment.,0
train,Flows,Flows train (322).jpg,train\Flows\Flows train (322).jpg,517.54,53.49,54.95,1.69,good,Image quality is good. Proceed with assessment.,0
train,Flows,Flows train (323).jpg,train\Flows\Flows train (323).jpg,576.73,53.24,53.15,1.8,good,Image quality is good. Proceed with assessment.,0
train,Flows,Flows train (324).jpg,train\Flows\Flows train (324).jpg,565.41,53.75,52.68,1.78,good,Image quality is good. Proceed with assessment.,0
train,Flows,Flows train (325).jpg,train\Flows\Flows train (325).jpg,565.71,53.53,52.39,1.78,good,Image quality is good. Proceed with assessment.,0
train,Flows,Flows train (326).jpg,train\Flows\Flows train (326).jpg,566.89,53.36,52.27,1.79,good,Image quality is good. Proceed with assessment.,0
train,Flows,Flows train (327).jpg,train\Flows\Flows train (327).jpg,567.52,53.51,53.37,1.81,good,Image quality is good. Proceed with assessment.,0
train,Flows,Flows train (328).jpg,train\Flows\Flows train (328).jpg,567.27,54.23,53.95,1.83,good,Image quality is good. Proceed with assessment.,0
train,Flows,Flows train (329).jpg,train\Flows\Flows train (329).jpg,572.32,49.5,48.12,1.8,good,Image quality is good. Proceed with assessment.,0
train,Flows,Flows train (33).jpg,train\Flows\Flows train (33).jpg,584.01,51.21,55.7,1.84,good,Image quality is good. Proceed with assessment.,0
train,Flows,Flows train (330).jpg,train\Flows\Flows train (330).jpg,556.67,53.02,49.38,1.84,good,Image quality is good. Proceed with assessment.,0
train,Flows,Flows train (331).jpg,train\Flows\Flows train (331).jpg,551.26,56.06,57.62,1.71,good,Image quality is good. Proceed with assessment.,0
train,Flows,Flows train (332).jpg,train\Flows\Flows train (332).jpg,538.39,54.35,56.12,1.7,good,Image quality is good. Proceed with assessment.,0
train,Flows,Flows train (333).jpg,train\Flows\Flows train (333).jpg,537.79,54.08,55.77,1.7,good,Image quality is good. Proceed with assessment.,0
train,Flows,Flows train (334).jpg,train\Flows\Flows train (334).jpg,697.4,61.86,57.85,1.99,good,Image quality is good. Proceed with assessment.,0
train,Flows,Flows train (335).jpg,train\Flows\Flows train (335).jpg,698.11,61.59,57.41,1.99,good,Image quality is good. Proceed with assessment.,0
train,Flows,Flows train (336).jpg,train\Flows\Flows train (336).jpg,692.69,61.63,57.88,1.98,good,Image quality is good. Proceed with assessment.,0
train,Flows,Flows train (337).jpg,train\Flows\Flows train (337).jpg,695.05,61.71,58.02,1.98,good,Image quality is good. Proceed with assessment.,0
train,Flows,Flows train (338).jpg,train\Flows\Flows train (338).jpg,689.11,65.26,59.44,2.01,good,Image quality is good. Proceed with assessment.,0
train,Flows,Flows train (339).jpg,train\Flows\Flows train (339).jpg,692.12,65.49,59.59,2.0,good,Image quality is good. Proceed with assessment.,0
train,Flows,Flows train (34).jpg,train\Flows\Flows train (34).jpg,584.19,51.49,55.94,1.83,good,Image quality is good. Proceed with assessment.,0
train,Flows,Flows train (340).jpg,train\Flows\Flows train (340).jpg,692.59,65.51,59.57,1.99,good,Image quality is good. Proceed with assessment.,0
train,Flows,Flows train (341).jpg,train\Flows\Flows train (341).jpg,694.27,65.31,59.3,2.0,good,Image quality is good. Proceed with assessment.,0
train,Flows,Flows train (342).jpg,train\Flows\Flows train (342).jpg,698.46,65.27,59.21,1.99,good,Image quality is good. Proceed with assessment.,0
train,Flows,Flows train (343).jpg,train\Flows\Flows train (343).jpg,697.57,61.79,57.27,1.97,good,Image quality is good. Proceed with assessment.,0
train,Flows,Flows train (344).jpg,train\Flows\Flows train (344).jpg,697.81,61.91,57.38,1.97,good,Image quality is good. Proceed with assessment.,0
train,Flows,Flows train (345).jpg,train\Flows\Flows train (345).jpg,697.56,61.76,57.07,1.97,good,Image quality is good. Proceed with assessment.,0
train,Flows,Flows train (346).jpg,train\Flows\Flows train (346).jpg,696.99,61.56,57.57,1.99,good,Image quality is good. Proceed with assessment.,0
train,Flows,Flows train (347).jpg,train\Flows\Flows train (347).jpg,686.29,63.64,57.26,1.98,good,Image quality is good. Proceed with assessment.,0
train,Flows,Flows train (348).jpg,train\Flows\Flows train (348).jpg,685.44,63.95,57.57,1.98,good,Image quality is good. Proceed with assessment.,0
train,Flows,Flows train (349).jpg,train\Flows\Flows train (349).jpg,669.07,62.03,56.5,1.88,good,Image quality is good. Proceed with assessment.,0
train,Flows,Flows train (35).jpg,train\Flows\Flows train (35).jpg,584.41,51.38,55.95,1.84,good,Image quality is good. Proceed with assessment.,0
train,Flows,Flows train (350).jpg,train\Flows\Flows train (350).jpg,670.17,63.41,57.66,1.9,good,Image quality is good. Proceed with assessment.,0
train,Flows,Flows train (351).jpg,train\Flows\Flows train (351).jpg,615.74,65.6,53.18,1.93,good,Image quality is good. Proceed with assessment.,0
train,Flows,Flows train (352).jpg,train\Flows\Flows train (352).jpg,615.05,65.92,53.41,1.93,good,Image quality is good. Proceed with assessment.,0
train,Flows,Flows train (353).jpg,train\Flows\Flows train (353).jpg,1041.85,41.23,46.57,2.08,good,Image quality is good. Proceed with assessment.,0
train,Flows,Flows train (354).jpg,train\Flows\Flows train (354).jpg,1042.08,41.89,47.45,2.09,good,Image quality is good. Proceed with assessment.,0
train,Flows,Flows train (355).jpg,train\Flows\Flows train (355).jpg,1041.2,42.44,48.38,2.1,good,Image quality is good. Proceed with assessment.,0
train,Flows,Flows train (356).jpg,train\Flows\Flows train (356).jpg,1040.18,42.46,48.27,2.1,good,Image quality is good. Proceed with assessment.,0
train,Flows,Flows train (357).jpg,train\Flows\Flows train (357).jpg,1047.37,40.67,46.91,2.08,good,Image quality is good. Proceed with assessment.,0
train,Flows,Flows train (358).jpg,train\Flows\Flows train (358).jpg,1049.47,41.04,47.65,2.08,good,Image quality is good. Proceed with assessment.,0
train,Flows,Flows train (359).jpg,train\Flows\Flows train (359).jpg,1048.46,40.72,47.14,2.08,good,Image quality is good. Proceed with assessment.,0
train,Flows,Flows train (36).jpg,train\Flows\Flows train (36).jpg,507.29,65.23,45.31,1.64,good,Image quality is good. Proceed with assessment.,0
train,Flows,Flows train (360).jpg,train\Flows\Flows train (360).jpg,583.56,65.97,65.29,1.94,good,Image quality is good. Proceed with assessment.,0
train,Flows,Flows train (361).jpg,train\Flows\Flows train (361).jpg,582.45,66.17,65.42,1.94,good,Image quality is good. Proceed with assessment.,0
train,Flows,Flows train (362).jpg,train\Flows\Flows train (362).jpg,798.85,67.19,62.52,2.15,good,Image quality is good. Proceed with assessment.,0
train,Flows,Flows train (363).jpg,train\Flows\Flows train (363).jpg,608.04,66.92,62.27,1.87,good,Image quality is good. Proceed with assessment.,0
train,Flows,Flows train (364).jpg,train\Flows\Flows train (364).jpg,618.09,36.91,45.12,1.81,good,Image quality is good. Proceed with assessment.,0
train,Flows,Flows train (365).jpg,train\Flows\Flows train (365).jpg,617.47,36.8,44.71,1.8,good,Image quality is good. Proceed with assessment.,0
train,Flows,Flows train (366).jpg,train\Flows\Flows train (366).jpg,616.41,36.56,44.19,1.8,good,Image quality is good. Proceed with assessment.,0
train,Flows,Flows train (367).jpg,train\Flows\Flows train (367).jpg,614.77,37.11,44.59,1.78,good,Image quality is good. Proceed with assessment.,0
train,Flows,Flows train (368).jpg,train\Flows\Flows train (368).jpg,611.75,37.0,44.43,1.8,good,Image quality is good. Proceed with assessment.,0
train,Flows,Flows train (369).jpg,train\Flows\Flows train (369).jpg,611.56,36.91,44.28,1.79,good,Image quality is good. Proceed with assessment.,0
train,Flows,Flows train (37).jpg,train\Flows\Flows train (37).jpg,507.93,65.72,45.89,1.64,good,Image quality is good. Proceed with assessment.,0
train,Flows,Flows train (370).jpg,train\Flows\Flows train (370).jpg,610.16,36.88,44.81,1.81,good,Image quality is good. Proceed with assessment.,0
train,Flows,Flows train (371).jpg,train\Flows\Flows train (371).jpg,622.66,41.34,48.3,1.85,good,Image quality is good. Proceed with assessment.,0
train,Flows,Flows train (372).jpg,train\Flows\Flows train (372).jpg,622.48,41.18,48.13,1.85,good,Image quality is good. Proceed with assessment.,0
train,Flows,Flows train (373).jpg,train\Flows\Flows train (373).jpg,607.48,40.11,46.51,1.83,good,Image quality is good. Proceed with assessment.,0
train,Flows,Flows train (374).jpg,train\Flows\Flows train (374).jpg,606.79,40.19,46.61,1.84,good,Image quality is good. Proceed with assessment.,0
train,Flows,Flows train (375).jpg,train\Flows\Flows train (375).jpg,611.12,41.11,48.05,1.85,good,Image quality is good. Proceed with assessment.,0
train,Flows,Flows train (376).jpg,train\Flows\Flows train (376).jpg,610.24,41.13,48.05,1.85,good,Image quality is good. Proceed with assessment.,0
train,Flows,Flows train (377).jpg,train\Flows\Flows train (377).jpg,672.51,60.71,64.66,2.03,good,Image quality is good. Proceed with assessment.,0
train,Flows,Flows train (378).jpg,train\Flows\Flows train (378).jpg,672.94,60.69,64.65,2.03,good,Image quality is good. Proceed with assessment.,0
train,Flows,Flows train (379).jpg,train\Flows\Flows train (379).jpg,680.46,60.06,64.25,2.0,good,Image quality is good. Proceed with assessment.,0
train,Flows,Flows train (38).jpg,train\Flows\Flows train (38).jpg,507.79,65.35,46.11,1.65,good,Image quality is good. Proceed with assessment.,0
train,Flows,Flows train (380).jpg,train\Flows\Flows train (380).jpg,681.86,59.97,64.19,2.0,good,Image quality is good. Proceed with assessment.,0
train,Flows,Flows train (381).jpg,train\Flows\Flows train (381).jpg,624.29,42.74,50.59,1.88,good,Image quality is good. Proceed with assessment.,0
train,Flows,Flows train (382).jpg,train\Flows\Flows train (382).jpg,625.69,42.74,50.61,1.89,good,Image quality is good. Proceed with assessment.,0
train,Flows,Flows train (383).jpg,train\Flows\Flows train (383).jpg,630.29,43.77,51.23,1.91,good,Image quality is good. Proceed with assessment.,0
train,Flows,Flows train (384).jpg,train\Flows\Flows train (384).jpg,582.57,59.23,60.45,1.91,good,Image quality is good. Proceed with assessment.,0
train,Flows,Flows train (385).jpg,train\Flows\Flows train (385).jpg,590.88,59.19,60.4,1.92,good,Image quality is good. Proceed with assessment.,0
train,Flows,Flows train (386).jpg,train\Flows\Flows train (386).jpg,599.85,59.13,60.38,1.92,good,Image quality is good. Proceed with assessment.,0
train,Flows,Flows train (387).jpg,train\Flows\Flows train (387).jpg,606.84,58.91,60.44,1.9,good,Image quality is good. Proceed with assessment.,0
train,Flows,Flows train (388).jpg,train\Flows\Flows train (388).jpg,606.79,59.04,60.49,1.9,good,Image quality is good. Proceed with assessment.,0
train,Flows,Flows train (389).jpg,train\Flows\Flows train (389).jpg,598.03,58.15,60.96,1.9,good,Image quality is good. Proceed with assessment.,0
train,Flows,Flows train (39).jpg,train\Flows\Flows train (39).jpg,507.03,65.85,46.97,1.63,good,Image quality is good. Proceed with assessment.,0
train,Flows,Flows train (390).jpg,train\Flows\Flows train (390).jpg,597.89,58.24,61.03,1.9,good,Image quality is good. Proceed with assessment.,0
train,Flows,Flows train (391).jpg,train\Flows\Flows train (391).jpg,598.56,58.21,61.07,1.91,good,Image quality is good. Proceed with assessment.,0
train,Flows,Flows train (392).jpg,train\Flows\Flows train (392).jpg,541.3,54.53,54.91,1.77,good,Image quality is good. Proceed with assessment.,0
train,Flows,Flows train (393).jpg,train\Flows\Flows train (393).jpg,541.0,54.95,55.4,1.78,good,Image quality is good. Proceed with assessment.,0
train,Flows,Flows train (394).jpg,train\Flows\Flows train (394).jpg,541.25,54.93,55.49,1.78,good,Image quality is good. Proceed with assessment.,0
train,Flows,Flows train (395).jpg,train\Flows\Flows train (395).jpg,864.73,47.69,50.29,1.81,good,Image quality is good. Proceed with assessment.,0
train,Flows,Flows train (396).jpg,train\Flows\Flows train (396).jpg,865.84,47.5,50.35,1.8,good,Image quality is good. Proceed with assessment.,0
train,Flows,Flows train (397).jpg,train\Flows\Flows train (397).jpg,868.1,47.85,51.11,1.8,good,Image quality is good. Proceed with assessment.,0
train,Flows,Flows train (398).jpg,train\Flows\Flows train (398).jpg,868.13,48.79,53.07,1.81,good,Image quality is good. Proceed with assessment.,0
train,Flows,Flows train (399).jpg,train\Flows\Flows train (399).jpg,869.6,48.99,53.25,1.81,good,Image quality is good. Proceed with assessment.,0
train,Flows,Flows train (4).jpg,train\Flows\Flows train (4).jpg,464.35,43.68,53.64,1.54,good,Image quality is good. Proceed with assessment.,0
train,Flows,Flows train (40).jpg,train\Flows\Flows train (40).jpg,507.14,66.11,47.34,1.63,good,Image quality is good. Proceed with assessment.,0
train,Flows,Flows train (400).jpg,train\Flows\Flows train (400).jpg,821.81,48.28,50.57,1.78,good,Image quality is good. Proceed with assessment.,0
train,Flows,Flows train (401).jpg,train\Flows\Flows train (401).jpg,819.84,48.0,49.79,1.78,good,Image quality is good. Proceed with assessment.,0
train,Flows,Flows train (402).jpg,train\Flows\Flows train (402).jpg,821.02,47.74,49.11,1.77,good,Image quality is good. Proceed with assessment.,0
train,Flows,Flows train (403).jpg,train\Flows\Flows train (403).jpg,879.27,51.56,55.18,1.82,good,Image quality is good. Proceed with assessment.,0
train,Flows,Flows train (404).jpg,train\Flows\Flows train (404).jpg,881.36,51.75,55.56,1.82,good,Image quality is good. Proceed with assessment.,0
train,Flows,Flows train (405).jpg,train\Flows\Flows train (405).jpg,882.05,51.52,55.12,1.82,good,Image quality is good. Proceed with assessment.,0
train,Flows,Flows train (406).jpg,train\Flows\Flows train (406).jpg,895.78,53.52,55.07,1.87,good,Image quality is good. Proceed with assessment.,0
train,Flows,Flows train (407).jpg,train\Flows\Flows train (407).jpg,897.8,53.84,55.61,1.88,good,Image quality is good. Proceed with assessment.,0
train,Flows,Flows train (408).jpg,train\Flows\Flows train (408).jpg,898.11,53.68,55.46,1.88,good,Image quality is good. Proceed with assessment.,0
train,Flows,Flows train (409).jpg,train\Flows\Flows train (409).jpg,897.74,53.24,54.73,1.87,good,Image quality is good. Proceed with assessment.,0
train,Flows,Flows train (41).jpg,train\Flows\Flows train (41).jpg,506.13,65.63,46.9,1.63,good,Image quality is good. Proceed with assessment.,0
train,Flows,Flows train (410).jpg,train\Flows\Flows train (410).jpg,898.14,52.77,54.03,1.87,good,Image quality is good. Proceed with assessment.,0
train,Flows,Flows train (411).jpg,train\Flows\Flows train (411).jpg,887.6,53.65,55.23,1.87,good,Image quality is good. Proceed with assessment.,0
train,Flows,Flows train (412).jpg,train\Flows\Flows train (412).jpg,886.85,54.1,55.87,1.88,good,Image quality is good. Proceed with assessment.,0
train,Flows,Flows train (413).jpg,train\Flows\Flows train (413).jpg,886.74,54.2,55.87,1.88,good,Image quality is good. Proceed with assessment.,0
train,Flows,Flows train (414).jpg,train\Flows\Flows train (414).jpg,886.32,53.84,55.14,1.87,good,Image quality is good. Proceed with assessment.,0
train,Flows,Flows train (415).jpg,train\Flows\Flows train (415).jpg,871.53,51.85,55.06,1.86,good,Image quality is good. Proceed with assessment.,0
train,Flows,Flows train (416).jpg,train\Flows\Flows train (416).jpg,873.73,51.61,54.73,1.84,good,Image quality is good. Proceed with assessment.,0
train,Flows,Flows train (417).jpg,train\Flows\Flows train (417).jpg,885.13,47.24,49.6,1.84,good,Image quality is good. Proceed with assessment.,0
train,Flows,Flows train (418).jpg,train\Flows\Flows train (418).jpg,884.79,47.87,50.53,1.85,good,Image quality is good. Proceed with assessment.,0
train,Flows,Flows train (419).jpg,train\Flows\Flows train (419).jpg,884.7,48.14,50.81,1.85,good,Image quality is good. Proceed with assessment.,0
train,Flows,Flows train (42).jpg,train\Flows\Flows train (42).jpg,437.42,71.49,64.99,1.57,good,Image quality is good. Proceed with assessment.,0
train,Flows,Flows train (420).jpg,train\Flows\Flows train (420).jpg,886.46,48.22,50.66,1.86,good,Image quality is good. Proceed with assessment.,0
train,Flows,Flows train (421).jpg,train\Flows\Flows train (421).jpg,872.21,48.12,49.75,1.85,good,Image quality is good. Proceed with assessment.,0
train,Flows,Flows train (422).jpg,train\Flows\Flows train (422).jpg,874.69,48.81,50.79,1.85,good,Image quality is good. Proceed with assessment.,0
train,Flows,Flows train (423).jpg,train\Flows\Flows train (423).jpg,874.47,49.13,51.26,1.85,good,Image quality is good. Proceed with assessment.,0
train,Flows,Flows train (424).jpg,train\Flows\Flows train (424).jpg,651.45,73.62,62.63,1.98,good,Image quality is good. Proceed with assessment.,0
train,Flows,Flows train (425).jpg,train\Flows\Flows train (425).jpg,646.67,73.38,62.48,1.97,good,Image quality is good. Proceed with assessment.,0
train,Flows,Flows train (426).jpg,train\Flows\Flows train (426).jpg,646.35,73.42,62.45,1.97,good,Image quality is good. Proceed with assessment.,0
train,Flows,Flows train (427).jpg,train\Flows\Flows train (427).jpg,644.17,71.86,61.64,1.97,good,Image quality is good. Proceed with assessment.,0
train,Flows,Flows train (428).jpg,train\Flows\Flows train (428).jpg,644.0,71.48,61.4,1.97,good,Image quality is good. Proceed with assessment.,0
train,Flows,Flows train (429).jpg,train\Flows\Flows train (429).jpg,652.95,75.22,63.4,1.99,good,Image quality is good. Proceed with assessment.,0
train,Flows,Flows train (43).jpg,train\Flows\Flows train (43).jpg,437.82,69.7,63.65,1.57,good,Image quality is good. Proceed with assessment.,0
train,Flows,Flows train (430).jpg,train\Flows\Flows train (430).jpg,652.91,75.48,63.55,1.99,good,Image quality is good. Proceed with assessment.,0
train,Flows,Flows train (431).jpg,train\Flows\Flows train (431).jpg,635.37,72.25,62.45,1.98,good,Image quality is good. Proceed with assessment.,0
train,Flows,Flows train (432).jpg,train\Flows\Flows train (432).jpg,635.23,72.41,62.44,1.98,good,Image quality is good. Proceed with assessment.,0
train,Flows,Flows train (433).jpg,train\Flows\Flows train (433).jpg,643.15,73.14,55.4,1.93,good,Image quality is good. Proceed with assessment.,0
train,Flows,Flows train (434).jpg,train\Flows\Flows train (434).jpg,801.05,33.67,45.45,1.75,good,Image quality is good. Proceed with assessment.,0
train,Flows,Flows train (435).jpg,train\Flows\Flows train (435).jpg,802.37,33.23,44.43,1.74,good,Image quality is good. Proceed with assessment.,0
train,Flows,Flows train (436).jpg,train\Flows\Flows train (436).jpg,803.99,33.7,45.42,1.75,good,Image quality is good. Proceed with assessment.,0
train,Flows,Flows train (437).jpg,train\Flows\Flows train (437).jpg,566.46,50.73,49.86,1.76,good,Image quality is good. Proceed with assessment.,0
train,Flows,Flows train (438).jpg,train\Flows\Flows train (438).jpg,398.33,63.92,53.83,1.43,good,Image quality is good. Proceed with assessment.,0
train,Flows,Flows train (439).jpg,train\Flows\Flows train (439).jpg,402.48,64.41,54.15,1.44,good,Image quality is good. Proceed with assessment.,0
train,Flows,Flows train (44).jpg,train\Flows\Flows train (44).jpg,355.27,39.35,50.12,1.29,good,Image quality is good. Proceed with assessment.,0
train,Flows,Flows train (440).jpg,train\Flows\Flows train (440).jpg,404.64,64.6,54.13,1.44,good,Image quality is good. Proceed with assessment.,0
train,Flows,Flows train (441).jpg,train\Flows\Flows train (441).jpg,406.02,64.66,54.0,1.45,good,Image quality is good. Proceed with assessment.,0
train,Flows,Flows train (442).jpg,train\Flows\Flows train (442).jpg,408.95,64.44,53.74,1.46,good,Image quality is good. Proceed with assessment.,0
train,Flows,Flows train (443).jpg,train\Flows\Flows train (443).jpg,409.77,64.38,54.3,1.44,good,Image quality is good. Proceed with assessment.,0
train,Flows,Flows train (444).jpg,train\Flows\Flows train (444).jpg,409.95,64.44,54.34,1.44,good,Image quality is good. Proceed with assessment.,0
train,Flows,Flows train (445).jpg,train\Flows\Flows train (445).jpg,410.43,64.39,54.32,1.44,good,Image quality is good. Proceed with assessment.,0
train,Flows,Flows train (446).jpg,train\Flows\Flows train (446).jpg,413.72,64.28,55.02,1.46,good,Image quality is good. Proceed with assessment.,0
train,Flows,Flows train (447).jpg,train\Flows\Flows train (447).jpg,413.25,64.14,54.95,1.45,good,Image quality is good. Proceed with assessment.,0
train,Flows,Flows train (448).jpg,train\Flows\Flows train (448).jpg,412.24,64.03,54.81,1.45,good,Image quality is good. Proceed with assessment.,0
train,Flows,Flows train (449).jpg,train\Flows\Flows train (449).jpg,411.65,63.83,54.55,1.45,good,Image quality is good. Proceed with assessment.,0
train,Flows,Flows train (45).jpg,train\Flows\Flows train (45).jpg,355.28,39.11,49.89,1.28,good,Image quality is good. Proceed with assessment.,0
train,Flows,Flows train (450).jpg,train\Flows\Flows train (450).jpg,388.16,47.29,46.65,1.36,good,Image quality is good. Proceed with assessment.,0
train,Flows,Flows train (451).jpg,train\Flows\Flows train (451).jpg,388.17,47.45,46.69,1.36,good,Image quality is good. Proceed with assessment.,0
train,Flows,Flows train (452).jpg,train\Flows\Flows train (452).jpg,387.82,47.51,46.66,1.36,good,Image quality is good. Proceed with assessment.,0
train,Flows,Flows train (453).jpg,train\Flows\Flows train (453).jpg,387.1,47.94,47.14,1.36,good,Image quality is good. Proceed with assessment.,0
train,Flows,Flows train (454).jpg,train\Flows\Flows train (454).jpg,387.01,48.0,47.24,1.36,good,Image quality is good. Proceed with assessment.,0
train,Flows,Flows train (455).jpg,train\Flows\Flows train (455).jpg,385.96,47.89,47.09,1.36,good,Image quality is good. Proceed with assessment.,0
train,Flows,Flows train (456).jpg,train\Flows\Flows train (456).jpg,383.74,47.64,47.74,1.37,good,Image quality is good. Proceed with assessment.,0
train,Flows,Flows train (457).jpg,train\Flows\Flows train (457).jpg,383.9,47.63,47.88,1.37,good,Image quality is good. Proceed with assessment.,0
train,Flows,Flows train (458).jpg,train\Flows\Flows train (458).jpg,386.6,48.19,47.6,1.37,good,Image quality is good. Proceed with assessment.,0
train,Flows,Flows train (459).jpg,train\Flows\Flows train (459).jpg,386.66,48.62,48.14,1.37,good,Image quality is good. Proceed with assessment.,0
train,Flows,Flows train (46).jpg,train\Flows\Flows train (46).jpg,354.7,39.16,49.61,1.27,good,Image quality is good. Proceed with assessment.,0
train,Flows,Flows train (460).jpg,train\Flows\Flows train (460).jpg,386.76,48.17,47.6,1.36,good,Image quality is good. Proceed with assessment.,0
train,Flows,Flows train (461).jpg,train\Flows\Flows train (461).jpg,386.92,48.56,48.08,1.37,good,Image quality is good. Proceed with assessment.,0
train,Flows,Flows train (462).jpg,train\Flows\Flows train (462).jpg,386.77,48.48,47.88,1.37,good,Image quality is good. Proceed with assessment.,0
train,Flows,Flows train (463).jpg,train\Flows\Flows train (463).jpg,381.89,47.35,47.48,1.36,good,Image quality is good. Proceed with assessment.,0
train,Flows,Flows train (464).jpg,train\Flows\Flows train (464).jpg,365.21,40.78,49.32,1.43,good,Image quality is good. Proceed with assessment.,0
train,Flows,Flows train (465).jpg,train\Flows\Flows train (465).jpg,365.58,40.88,49.38,1.43,good,Image quality is good. Proceed with assessment.,0
train,Flows,Flows train (466).jpg,train\Flows\Flows train (466).jpg,365.67,41.03,49.41,1.43,good,Image quality is good. Proceed with assessment.,0
train,Flows,Flows train (467).jpg,train\Flows\Flows train (467).jpg,365.98,41.05,49.33,1.43,good,Image quality is good. Proceed with assessment.,0
train,Flows,Flows train (468).jpg,train\Flows\Flows train (468).jpg,363.52,41.01,49.2,1.41,good,Image quality is good. Proceed with assessment.,0
train,Flows,Flows train (469).jpg,train\Flows\Flows train (469).jpg,365.81,40.94,49.01,1.42,good,Image quality is good. Proceed with assessment.,0
train,Flows,Flows train (47).jpg,train\Flows\Flows train (47).jpg,355.03,39.22,49.55,1.27,good,Image quality is good. Proceed with assessment.,0
train,Flows,Flows train (470).jpg,train\Flows\Flows train (470).jpg,366.83,40.24,48.64,1.42,good,Image quality is good. Proceed with assessment.,0
train,Flows,Flows train (471).jpg,train\Flows\Flows train (471).jpg,366.86,40.39,48.79,1.42,good,Image quality is good. Proceed with assessment.,0
train,Flows,Flows train (472).jpg,train\Flows\Flows train (472).jpg,367.41,40.52,48.87,1.42,good,Image quality is good. Proceed with assessment.,0
train,Flows,Flows train (473).jpg,train\Flows\Flows train (473).jpg,367.11,40.6,48.74,1.42,good,Image quality is good. Proceed with assessment.,0
train,Flows,Flows train (474).jpg,train\Flows\Flows train (474).jpg,374.8,48.41,59.53,1.24,good,Image quality is good. Proceed with assessment.,0
train,Flows,Flows train (475).jpg,train\Flows\Flows train (475).jpg,370.08,32.0,45.34,1.18,good,Image quality is good. Proceed with assessment.,0
train,Flows,Flows train (476).jpg,train\Flows\Flows train (476).jpg,370.47,32.55,46.25,1.19,good,Image quality is good. Proceed with assessment.,0
train,Flows,Flows train (477).jpg,train\Flows\Flows train (477).jpg,370.47,33.04,47.22,1.19,good,Image quality is good. Proceed with assessment.,0
train,Flows,Flows train (478).jpg,train\Flows\Flows train (478).jpg,369.75,32.43,46.34,1.19,good,Image quality is good. Proceed with assessment.,0
train,Flows,Flows train (479).jpg,train\Flows\Flows train (479).jpg,683.49,85.87,66.26,2.07,good,Image quality is good. Proceed with assessment.,0
train,Flows,Flows train (48).jpg,train\Flows\Flows train (48).jpg,354.53,39.05,49.25,1.26,good,Image quality is good. Proceed with assessment.,0
train,Flows,Flows train (480).jpg,train\Flows\Flows train (480).jpg,840.21,75.32,46.52,1.97,good,Image quality is good. Proceed with assessment.,0
train,Flows,Flows train (481).jpg,train\Flows\Flows train (481).jpg,840.45,75.16,46.43,1.97,good,Image quality is good. Proceed with assessment.,0
train,Flows,Flows train (482).jpg,train\Flows\Flows train (482).jpg,841.9,74.54,45.83,1.97,good,Image quality is good. Proceed with assessment.,0
train,Flows,Flows train (483).jpg,train\Flows\Flows train (483).jpg,840.68,74.14,45.41,1.96,good,Image quality is good. Proceed with assessment.,0
train,Flows,Flows train (484).jpg,train\Flows\Flows train (484).jpg,519.91,55.43,52.49,1.64,good,Image quality is good. Proceed with assessment.,0
train,Flows,Flows train (485).jpg,train\Flows\Flows train (485).jpg,521.14,55.78,52.51,1.64,good,Image quality is good. Proceed with assessment.,0
train,Flows,Flows train (486).jpg,train\Flows\Flows train (486).jpg,517.65,54.67,53.62,1.68,good,Image quality is good. Proceed with assessment.,0
train,Flows,Flows train (487).jpg,train\Flows\Flows train (487).jpg,519.53,54.31,53.81,1.71,good,Image quality is good. Proceed with assessment.,0
train,Flows,Flows train (488).jpg,train\Flows\Flows train (488).jpg,518.76,54.27,53.51,1.7,good,Image quality is good. Proceed with assessment.,0
train,Flows,Flows train (489).jpg,train\Flows\Flows train (489).jpg,519.32,54.46,53.75,1.7,good,Image quality is good. Proceed with assessment.,0
train,Flows,Flows train (49).jpg,train\Flows\Flows train (49).jpg,354.46,39.03,49.09,1.26,good,Image quality is good. Proceed with assessment.,0
train,Flows,Flows train (490).jpg,train\Flows\Flows train (490).jpg,514.94,53.5,52.99,1.7,good,Image quality is good. Proceed with assessment.,0
train,Flows,Flows train (491).jpg,train\Flows\Flows train (491).jpg,508.68,54.79,52.56,1.66,good,Image quality is good. Proceed with assessment.,0
train,Flows,Flows train (492).jpg,train\Flows\Flows train (492).jpg,511.16,55.21,52.8,1.67,good,Image quality is good. Proceed with assessment.,0
train,Flows,Flows train (493).jpg,train\Flows\Flows train (493).jpg,512.88,55.78,52.8,1.69,good,Image quality is good. Proceed with assessment.,0
train,Flows,Flows train (494).jpg,train\Flows\Flows train (494).jpg,511.47,55.55,52.83,1.69,good,Image quality is good. Proceed with assessment.,0
train,Flows,Flows train (495).jpg,train\Flows\Flows train (495).jpg,502.91,54.61,52.46,1.68,good,Image quality is good. Proceed with assessment.,0
train,Flows,Flows train (496).jpg,train\Flows\Flows train (496).jpg,499.65,54.37,51.96,1.66,good,Image quality is good. Proceed with assessment.,0
train,Flows,Flows train (497).jpg,train\Flows\Flows train (497).jpg,498.96,54.31,52.01,1.66,good,Image quality is good. Proceed with assessment.,0
train,Flows,Flows train (498).jpg,train\Flows\Flows train (498).jpg,512.16,55.04,52.73,1.7,good,Image quality is good. Proceed with assessment.,0
train,Flows,Flows train (499).jpg,train\Flows\Flows train (499).jpg,512.73,55.12,52.83,1.7,good,Image quality is good. Proceed with assessment.,0
train,Flows,Flows train (5).jpg,train\Flows\Flows train (5).jpg,464.47,43.77,53.87,1.54,good,Image quality is good. Proceed with assessment.,0
train,Flows,Flows train (50).jpg,train\Flows\Flows train (50).jpg,359.82,38.52,50.19,1.3,good,Image quality is good. Proceed with assessment.,0
train,Flows,Flows train (500).jpg,train\Flows\Flows train (500).jpg,516.18,55.68,52.77,1.7,good,Image quality is good. Proceed with assessment.,0
train,Flows,Flows train (501).jpg,train\Flows\Flows train (501).jpg,517.31,53.97,52.26,1.69,good,Image quality is good. Proceed with assessment.,0
train,Flows,Flows train (502).jpg,train\Flows\Flows train (502).jpg,516.99,54.43,53.29,1.7,good,Image quality is good. Proceed with assessment.,0
train,Flows,Flows train (503).jpg,train\Flows\Flows train (503).jpg,518.19,54.65,53.64,1.7,good,Image quality is good. Proceed with assessment.,0
train,Flows,Flows train (504).jpg,train\Flows\Flows train (504).jpg,509.24,53.61,53.39,1.68,good,Image quality is good. Proceed with assessment.,0
train,Flows,Flows train (505).jpg,train\Flows\Flows train (505).jpg,516.99,54.43,53.29,1.7,good,Image quality is good. Proceed with assessment.,0
train,Flows,Flows train (506).jpg,train\Flows\Flows train (506).jpg,518.19,54.65,53.64,1.7,good,Image quality is good. Proceed with assessment.,0
train,Flows,Flows train (507).jpg,train\Flows\Flows train (507).jpg,518.55,54.4,53.48,1.7,good,Image quality is good. Proceed with assessment.,0
train,Flows,Flows train (508).jpg,train\Flows\Flows train (508).jpg,509.94,53.1,52.65,1.67,good,Image quality is good. Proceed with assessment.,0
train,Flows,Flows train (509).jpg,train\Flows\Flows train (509).jpg,430.57,40.77,50.58,1.38,good,Image quality is good. Proceed with assessment.,0
train,Flows,Flows train (51).jpg,train\Flows\Flows train (51).jpg,359.92,38.69,50.44,1.31,good,Image quality is good. Proceed with assessment.,0
train,Flows,Flows train (510).jpg,train\Flows\Flows train (510).jpg,437.14,41.84,50.83,1.4,good,Image quality is good. Proceed with assessment.,0
train,Flows,Flows train (511).jpg,train\Flows\Flows train (511).jpg,565.49,66.76,59.37,1.97,good,Image quality is good. Proceed with assessment.,0
train,Flows,Flows train (512).jpg,train\Flows\Flows train (512).jpg,565.96,66.79,59.4,1.97,good,Image quality is good. Proceed with assessment.,0
train,Flows,Flows train (513).jpg,train\Flows\Flows train (513).jpg,565.64,66.74,59.35,1.98,good,Image quality is good. Proceed with assessment.,0
train,Flows,Flows train (514).jpg,train\Flows\Flows train (514).jpg,554.54,41.57,50.02,1.75,good,Image quality is good. Proceed with assessment.,0
train,Flows,Flows train (515).jpg,train\Flows\Flows train (515).jpg,555.58,41.56,49.82,1.76,good,Image quality is good. Proceed with assessment.,0
train,Flows,Flows train (516).jpg,train\Flows\Flows train (516).jpg,556.93,43.88,50.26,1.79,good,Image quality is good. Proceed with assessment.,0
train,Flows,Flows train (517).jpg,train\Flows\Flows train (517).jpg,556.27,44.2,50.5,1.79,good,Image quality is good. Proceed with assessment.,0
train,Flows,Flows train (518).jpg,train\Flows\Flows train (518).jpg,546.9,44.41,50.62,1.77,good,Image quality is good. Proceed with assessment.,0
train,Flows,Flows train (519).jpg,train\Flows\Flows train (519).jpg,550.45,44.36,50.39,1.77,good,Image quality is good. Proceed with assessment.,0
train,Flows,Flows train (52).jpg,train\Flows\Flows train (52).jpg,359.74,38.63,50.41,1.3,good,Image quality is good. Proceed with assessment.,0
train,Flows,Flows train (520).jpg,train\Flows\Flows train (520).jpg,375.34,51.13,49.91,1.39,good,Image quality is good. Proceed with assessment.,0
train,Flows,Flows train (521).jpg,train\Flows\Flows train (521).jpg,378.26,50.46,48.82,1.33,good,Image quality is good. Proceed with assessment.,0
train,Flows,Flows train (522).jpg,train\Flows\Flows train (522).jpg,397.78,51.54,51.57,1.44,good,Image quality is good. Proceed with assessment.,0
train,Flows,Flows train (523).jpg,train\Flows\Flows train (523).jpg,397.44,51.35,51.25,1.44,good,Image quality is good. Proceed with assessment.,0
train,Flows,Flows train (524).jpg,train\Flows\Flows train (524).jpg,609.3,51.38,49.38,1.97,good,Image quality is good. Proceed with assessment.,0
train,Flows,Flows train (525).jpg,train\Flows\Flows train (525).jpg,607.43,49.88,48.92,1.96,good,Image quality is good. Proceed with assessment.,0
train,Flows,Flows train (526).jpg,train\Flows\Flows train (526).jpg,607.49,49.99,49.2,1.97,good,Image quality is good. Proceed with assessment.,0
train,Flows,Flows train (527).jpg,train\Flows\Flows train (527).jpg,962.65,43.23,45.92,1.72,good,Image quality is good. Proceed with assessment.,0
train,Flows,Flows train (528).jpg,train\Flows\Flows train (528).jpg,967.83,44.17,47.44,1.72,good,Image quality is good. Proceed with assessment.,0
train,Flows,Flows train (529).jpg,train\Flows\Flows train (529).jpg,968.9,44.55,47.76,1.72,good,Image quality is good. Proceed with assessment.,0
train,Flows,Flows train (53).jpg,train\Flows\Flows train (53).jpg,360.12,38.8,50.72,1.3,good,Image quality is good. Proceed with assessment.,0
train,Flows,Flows train (530).jpg,train\Flows\Flows train (530).jpg,967.03,44.24,46.7,1.72,good,Image quality is good. Proceed with assessment.,0
train,Flows,Flows train (531).jpg,train\Flows\Flows train (531).jpg,960.39,43.8,44.88,1.73,good,Image quality is good. Proceed with assessment.,0
train,Flows,Flows train (532).jpg,train\Flows\Flows train (532).jpg,960.15,44.94,46.44,1.73,good,Image quality is good. Proceed with assessment.,0
train,Flows,Flows train (533).jpg,train\Flows\Flows train (533).jpg,958.4,45.4,46.99,1.73,good,Image quality is good. Proceed with assessment.,0
train,Flows,Flows train (534).jpg,train\Flows\Flows train (534).jpg,957.46,45.26,46.31,1.72,good,Image quality is good. Proceed with assessment.,0
train,Flows,Flows train (535).jpg,train\Flows\Flows train (535).jpg,956.84,44.65,45.0,1.72,good,Image quality is good. Proceed with assessment.,0
train,Flows,Flows train (536).jpg,train\Flows\Flows train (536).jpg,956.49,44.05,43.82,1.72,good,Image quality is good. Proceed with assessment.,0
train,Flows,Flows train (537).jpg,train\Flows\Flows train (537).jpg,970.0,45.57,46.86,1.74,good,Image quality is good. Proceed with assessment.,0
train,Flows,Flows train (538).jpg,train\Flows\Flows train (538).jpg,969.73,45.89,46.97,1.73,good,Image quality is good. Proceed with assessment.,0
train,Flows,Flows train (539).jpg,train\Flows\Flows train (539).jpg,970.17,45.49,45.92,1.73,good,Image quality is good. Proceed with assessment.,0
train,Flows,Flows train (54).jpg,train\Flows\Flows train (54).jpg,360.23,38.91,50.9,1.3,good,Image quality is good. Proceed with assessment.,0
train,Flows,Flows train (540).jpg,train\Flows\Flows train (540).jpg,969.77,44.96,44.85,1.73,good,Image quality is good. Proceed with assessment.,0
train,Flows,Flows train (541).jpg,train\Flows\Flows train (541).jpg,979.77,45.86,46.73,1.74,good,Image quality is good. Proceed with assessment.,0
train,Flows,Flows train (542).jpg,train\Flows\Flows train (542).jpg,629.06,58.39,49.86,1.88,good,Image quality is good. Proceed with assessment.,0
train,Flows,Flows train (543).jpg,train\Flows\Flows train (543).jpg,642.15,57.34,51.63,1.95,good,Image quality is good. Proceed with assessment.,0
train,Flows,Flows train (544).jpg,train\Flows\Flows train (544).jpg,648.55,57.37,51.53,1.96,good,Image quality is good. Proceed with assessment.,0
train,Flows,Flows train (545).jpg,train\Flows\Flows train (545).jpg,624.4,69.86,57.82,2.04,good,Image quality is good. Proceed with assessment.,0
train,Flows,Flows train (546).jpg,train\Flows\Flows train (546).jpg,623.73,70.25,57.77,2.04,good,Image quality is good. Proceed with assessment.,0
train,Flows,Flows train (547).jpg,train\Flows\Flows train (547).jpg,626.24,70.33,59.01,2.07,good,Image quality is good. Proceed with assessment.,0
train,Flows,Flows train (548).jpg,train\Flows\Flows train (548).jpg,630.83,64.06,56.83,1.86,good,Image quality is good. Proceed with assessment.,0
train,Flows,Flows train (549).jpg,train\Flows\Flows train (549).jpg,629.73,64.11,56.84,1.87,good,Image quality is good. Proceed with assessment.,0
train,Flows,Flows train (55).jpg,train\Flows\Flows train (55).jpg,512.94,54.87,62.39,1.66,good,Image quality is good. Proceed with assessment.,0
train,Flows,Flows train (550).jpg,train\Flows\Flows train (550).jpg,617.4,64.84,58.08,1.89,good,Image quality is good. Proceed with assessment.,0
train,Flows,Flows train (551).jpg,train\Flows\Flows train (551).jpg,616.79,65.03,58.24,1.89,good,Image quality is good. Proceed with assessment.,0
train,Flows,Flows train (552).jpg,train\Flows\Flows train (552).jpg,615.88,64.81,58.19,1.88,good,Image quality is good. Proceed with assessment.,0
train,Flows,Flows train (553).jpg,train\Flows\Flows train (553).jpg,604.76,64.59,58.58,1.86,good,Image quality is good. Proceed with assessment.,0
train,Flows,Flows train (554).jpg,train\Flows\Flows train (554).jpg,603.93,64.69,58.69,1.86,good,Image quality is good. Proceed with assessment.,0
train,Flows,Flows train (555).jpg,train\Flows\Flows train (555).jpg,604.59,64.55,58.63,1.86,good,Image quality is good. Proceed with assessment.,0
train,Flows,Flows train (556).jpg,train\Flows\Flows train (556).jpg,604.64,64.39,58.46,1.86,good,Image quality is good. Proceed with assessment.,0
train,Flows,Flows train (557).jpg,train\Flows\Flows train (557).jpg,623.79,63.57,57.97,1.86,good,Image quality is good. Proceed with assessment.,0
train,Flows,Flows train (558).jpg,train\Flows\Flows train (558).jpg,617.36,64.34,56.64,1.87,good,Image quality is good. Proceed with assessment.,0
train,Flows,Flows train (559).jpg,train\Flows\Flows train (559).jpg,616.06,64.28,56.67,1.87,good,Image quality is good. Proceed with assessment.,0
train,Flows,Flows train (56).jpg,train\Flows\Flows train (56).jpg,495.46,70.19,56.49,1.65,good,Image quality is good. Proceed with assessment.,0
train,Flows,Flows train (560).jpg,train\Flows\Flows train (560).jpg,616.42,63.95,56.5,1.87,good,Image quality is good. Proceed with assessment.,0
train,Flows,Flows train (561).jpg,train\Flows\Flows train (561).jpg,625.96,63.35,57.19,1.86,good,Image quality is good. Proceed with assessment.,0
train,Flows,Flows train (562).jpg,train\Flows\Flows train (562).jpg,626.78,63.59,57.54,1.86,good,Image quality is good. Proceed with assessment.,0
train,Flows,Flows train (563).jpg,train\Flows\Flows train (563).jpg,627.75,63.36,57.52,1.86,good,Image quality is good. Proceed with assessment.,0
train,Flows,Flows train (564).jpg,train\Flows\Flows train (564).jpg,628.41,60.91,56.25,1.88,good,Image quality is good. Proceed with assessment.,0
train,Flows,Flows train (565).jpg,train\Flows\Flows train (565).jpg,628.59,61.06,56.48,1.87,good,Image quality is good. Proceed with assessment.,0
train,Flows,Flows train (566).jpg,train\Flows\Flows train (566).jpg,628.05,58.88,55.11,1.82,good,Image quality is good. Proceed with assessment.,0
train,Flows,Flows train (567).jpg,train\Flows\Flows train (567).jpg,622.92,58.33,55.17,1.82,good,Image quality is good. Proceed with assessment.,0
train,Flows,Flows train (568).jpg,train\Flows\Flows train (568).jpg,624.89,58.72,55.53,1.83,good,Image quality is good. Proceed with assessment.,0
train,Flows,Flows train (569).jpg,train\Flows\Flows train (569).jpg,625.98,58.77,55.29,1.83,good,Image quality is good. Proceed with assessment.,0
train,Flows,Flows train (57).jpg,train\Flows\Flows train (57).jpg,493.52,70.35,56.83,1.65,good,Image quality is good. Proceed with assessment.,0
train,Flows,Flows train (570).jpg,train\Flows\Flows train (570).jpg,617.46,61.59,56.89,1.86,good,Image quality is good. Proceed with assessment.,0
train,Flows,Flows train (571).jpg,train\Flows\Flows train (571).jpg,615.46,61.89,57.01,1.85,good,Image quality is good. Proceed with assessment.,0
train,Flows,Flows train (572).jpg,train\Flows\Flows train (572).jpg,611.97,61.85,56.87,1.85,good,Image quality is good. Proceed with assessment.,0
train,Flows,Flows train (573).jpg,train\Flows\Flows train (573).jpg,608.26,61.67,56.71,1.84,good,Image quality is good. Proceed with assessment.,0
train,Flows,Flows train (574).jpg,train\Flows\Flows train (574).jpg,618.18,62.19,58.01,1.84,good,Image quality is good. Proceed with assessment.,0
train,Flows,Flows train (575).jpg,train\Flows\Flows train (575).jpg,610.22,65.99,53.98,1.9,good,Image quality is good. Proceed with assessment.,0
train,Flows,Flows train (576).jpg,train\Flows\Flows train (576).jpg,612.07,66.05,54.0,1.9,good,Image quality is good. Proceed with assessment.,0
train,Flows,Flows train (577).jpg,train\Flows\Flows train (577).jpg,621.36,64.76,54.97,1.9,good,Image quality is good. Proceed with assessment.,0
train,Flows,Flows train (578).jpg,train\Flows\Flows train (578).jpg,621.03,64.8,55.15,1.9,good,Image quality is good. Proceed with assessment.,0
train,Flows,Flows train (579).jpg,train\Flows\Flows train (579).jpg,600.14,64.42,53.55,1.88,good,Image quality is good. Proceed with assessment.,0
train,Flows,Flows train (58).jpg,train\Flows\Flows train (58).jpg,507.19,64.77,54.36,1.68,good,Image quality is good. Proceed with assessment.,0
train,Flows,Flows train (580).jpg,train\Flows\Flows train (580).jpg,599.64,64.85,53.78,1.88,good,Image quality is good. Proceed with assessment.,0
train,Flows,Flows train (581).jpg,train\Flows\Flows train (581).jpg,595.89,65.03,54.04,1.86,good,Image quality is good. Proceed with assessment.,0
train,Flows,Flows train (582).jpg,train\Flows\Flows train (582).jpg,598.43,65.02,54.11,1.86,good,Image quality is good. Proceed with assessment.,0
train,Flows,Flows train (583).jpg,train\Flows\Flows train (583).jpg,599.31,64.52,54.23,1.88,good,Image quality is good. Proceed with assessment.,0
train,Flows,Flows train (584).jpg,train\Flows\Flows train (584).jpg,597.13,64.49,54.41,1.87,good,Image quality is good. Proceed with assessment.,0
train,Flows,Flows train (585).jpg,train\Flows\Flows train (585).jpg,598.54,64.07,54.27,1.87,good,Image quality is good. Proceed with assessment.,0
train,Flows,Flows train (586).jpg,train\Flows\Flows train (586).jpg,625.75,63.86,56.79,1.86,good,Image quality is good. Proceed with assessment.,0
train,Flows,Flows train (587).jpg,train\Flows\Flows train (587).jpg,610.52,61.86,55.58,1.83,good,Image quality is good. Proceed with assessment.,0
train,Flows,Flows train (588).jpg,train\Flows\Flows train (588).jpg,608.8,61.88,55.6,1.81,good,Image quality is good. Proceed with assessment.,0
train,Flows,Flows train (589).jpg,train\Flows\Flows train (589).jpg,590.69,59.64,56.02,1.78,good,Image quality is good. Proceed with assessment.,0
train,Flows,Flows train (59).jpg,train\Flows\Flows train (59).jpg,508.44,64.6,54.22,1.67,good,Image quality is good. Proceed with assessment.,0
train,Flows,Flows train (590).jpg,train\Flows\Flows train (590).jpg,576.82,58.63,57.01,1.77,good,Image quality is good. Proceed with assessment.,0
train,Flows,Flows train (591).jpg,train\Flows\Flows train (591).jpg,576.55,58.95,57.08,1.76,good,Image quality is good. Proceed with assessment.,0
train,Flows,Flows train (592).jpg,train\Flows\Flows train (592).jpg,576.36,59.1,57.16,1.77,good,Image quality is good. Proceed with assessment.,0
train,Flows,Flows train (593).jpg,train\Flows\Flows train (593).jpg,575.84,59.04,57.17,1.77,good,Image quality is good. Proceed with assessment.,0
train,Flows,Flows train (594).jpg,train\Flows\Flows train (594).jpg,613.22,60.1,50.23,1.94,good,Image quality is good. Proceed with assessment.,0
train,Flows,Flows train (595).jpg,train\Flows\Flows train (595).jpg,611.77,60.74,50.22,1.94,good,Image quality is good. Proceed with assessment.,0
train,Flows,Flows train (596).jpg,train\Flows\Flows train (596).jpg,611.21,61.29,49.97,1.94,good,Image quality is good. Proceed with assessment.,0
train,Flows,Flows train (597).jpg,train\Flows\Flows train (597).jpg,610.79,61.65,49.73,1.94,good,Image quality is good. Proceed with assessment.,0
train,Flows,Flows train (598).jpg,train\Flows\Flows train (598).jpg,610.65,61.89,49.42,1.94,good,Image quality is good. Proceed with assessment.,0
train,Flows,Flows train (599).jpg,train\Flows\Flows train (599).jpg,615.93,58.1,50.17,1.93,good,Image quality is good. Proceed with assessment.,0
train,Flows,Flows train (6).jpg,train\Flows\Flows train (6).jpg,468.09,43.33,54.17,1.49,good,Image quality is good. Proceed with assessment.,0
train,Flows,Flows train (60).jpg,train\Flows\Flows train (60).jpg,337.43,48.44,47.0,1.27,good,Image quality is good. Proceed with assessment.,0
train,Flows,Flows train (600).jpg,train\Flows\Flows train (600).jpg,615.92,58.57,49.84,1.93,good,Image quality is good. Proceed with assessment.,0
train,Flows,Flows train (601).jpg,train\Flows\Flows train (601).jpg,623.92,62.74,49.69,1.98,good,Image quality is good. Proceed with assessment.,0
train,Flows,Flows train (602).jpg,train\Flows\Flows train (602).jpg,623.74,62.9,49.75,1.98,good,Image quality is good. Proceed with assessment.,0
train,Flows,Flows train (603).jpg,train\Flows\Flows train (603).jpg,608.74,53.63,47.96,1.86,good,Image quality is good. Proceed with assessment.,0
train,Flows,Flows train (604).jpg,train\Flows\Flows train (604).jpg,609.14,53.56,47.79,1.86,good,Image quality is good. Proceed with assessment.,0
train,Flows,Flows train (605).jpg,train\Flows\Flows train (605).jpg,608.27,53.8,48.16,1.88,good,Image quality is good. Proceed with assessment.,0
train,Flows,Flows train (606).jpg,train\Flows\Flows train (606).jpg,607.78,54.35,48.24,1.88,good,Image quality is good. Proceed with assessment.,0
train,Flows,Flows train (607).jpg,train\Flows\Flows train (607).jpg,593.83,60.72,50.83,1.87,good,Image quality is good. Proceed with assessment.,0
train,Flows,Flows train (608).jpg,train\Flows\Flows train (608).jpg,594.04,62.66,51.07,1.87,good,Image quality is good. Proceed with assessment.,0
train,Flows,Flows train (609).jpg,train\Flows\Flows train (609).jpg,599.87,59.73,49.99,1.86,good,Image quality is good. Proceed with assessment.,0
train,Flows,Flows train (61).jpg,train\Flows\Flows train (61).jpg,334.86,50.26,47.82,1.28,good,Image quality is good. Proceed with assessment.,0
train,Flows,Flows train (610).jpg,train\Flows\Flows train (610).jpg,600.41,60.05,50.07,1.87,good,Image quality is good. Proceed with assessment.,0
train,Flows,Flows train (611).jpg,train\Flows\Flows train (611).jpg,580.67,62.53,50.38,1.87,good,Image quality is good. Proceed with assessment.,0
train,Flows,Flows train (612).jpg,train\Flows\Flows train (612).jpg,580.56,62.57,50.42,1.87,good,Image quality is good. Proceed with assessment.,0
train,Flows,Flows train (613).jpg,train\Flows\Flows train (613).jpg,593.92,62.66,51.07,1.87,good,Image quality is good. Proceed with assessment.,0
train,Flows,Flows train (614).jpg,train\Flows\Flows train (614).jpg,596.89,45.93,47.9,1.78,good,Image quality is good. Proceed with assessment.,0
train,Flows,Flows train (615).jpg,train\Flows\Flows train (615).jpg,597.63,46.23,48.37,1.79,good,Image quality is good. Proceed with assessment.,0
train,Flows,Flows train (616).jpg,train\Flows\Flows train (616).jpg,620.44,60.01,46.3,1.92,good,Image quality is good. Proceed with assessment.,0
train,Flows,Flows train (617).jpg,train\Flows\Flows train (617).jpg,621.72,59.96,46.23,1.93,good,Image quality is good. Proceed with assessment.,0
train,Flows,Flows train (618).jpg,train\Flows\Flows train (618).jpg,622.88,59.76,46.03,1.93,good,Image quality is good. Proceed with assessment.,0
train,Flows,Flows train (619).jpg,train\Flows\Flows train (619).jpg,612.55,56.79,43.68,1.85,good,Image quality is good. Proceed with assessment.,0
train,Flows,Flows train (62).jpg,train\Flows\Flows train (62).jpg,330.16,50.05,47.15,1.28,good,Image quality is good. Proceed with assessment.,0
train,Flows,Flows train (620).jpg,train\Flows\Flows train (620).jpg,609.17,57.21,43.81,1.86,good,Image quality is good. Proceed with assessment.,0
train,Flows,Flows train (621).jpg,train\Flows\Flows train (621).jpg,613.63,68.56,50.23,1.97,good,Image quality is good. Proceed with assessment.,0
train,Flows,Flows train (622).jpg,train\Flows\Flows train (622).jpg,613.24,68.37,50.31,1.98,good,Image quality is good. Proceed with assessment.,0
train,Flows,Flows train (623).jpg,train\Flows\Flows train (623).jpg,609.03,65.04,51.41,1.95,good,Image quality is good. Proceed with assessment.,0
train,Flows,Flows train (624).jpg,train\Flows\Flows train (624).jpg,608.35,64.95,51.55,1.95,good,Image quality is good. Proceed with assessment.,0
train,Flows,Flows train (625).jpg,train\Flows\Flows train (625).jpg,608.28,64.54,51.49,1.95,good,Image quality is good. Proceed with assessment.,0
train,Flows,Flows train (626).jpg,train\Flows\Flows train (626).jpg,606.05,62.56,53.22,1.95,good,Image quality is good. Proceed with assessment.,0
train,Flows,Flows train (627).jpg,train\Flows\Flows train (627).jpg,613.7,53.19,45.5,2.02,good,Image quality is good. Proceed with assessment.,0
train,Flows,Flows train (628).jpg,train\Flows\Flows train (628).jpg,613.53,53.12,45.49,2.01,good,Image quality is good. Proceed with assessment.,0
train,Flows,Flows train (629).jpg,train\Flows\Flows train (629).jpg,615.25,52.77,45.06,2.02,good,Image quality is good. Proceed with assessment.,0
train,Flows,Flows train (63).jpg,train\Flows\Flows train (63).jpg,329.81,50.37,47.11,1.28,good,Image quality is good. Proceed with assessment.,0
train,Flows,Flows train (630).jpg,train\Flows\Flows train (630).jpg,589.7,54.96,60.01,1.82,good,Image quality is good. Proceed with assessment.,0
train,Flows,Flows train (631).jpg,train\Flows\Flows train (631).jpg,589.94,55.11,60.06,1.81,good,Image quality is good. Proceed with assessment.,0
train,Flows,Flows train (632).jpg,train\Flows\Flows train (632).jpg,595.03,54.15,60.86,1.79,good,Image quality is good. Proceed with assessment.,0
train,Flows,Flows train (633).jpg,train\Flows\Flows train (633).jpg,664.73,70.4,58.31,1.98,good,Image quality is good. Proceed with assessment.,0
train,Flows,Flows train (634).jpg,train\Flows\Flows train (634).jpg,666.66,70.89,58.5,2.0,good,Image quality is good. Proceed with assessment.,0
train,Flows,Flows train (635).jpg,train\Flows\Flows train (635).jpg,670.59,71.11,58.69,2.0,good,Image quality is good. Proceed with assessment.,0
train,Flows,Flows train (636).jpg,train\Flows\Flows train (636).jpg,660.69,71.36,57.83,1.97,good,Image quality is good. Proceed with assessment.,0
train,Flows,Flows train (637).jpg,train\Flows\Flows train (637).jpg,664.05,71.04,57.76,1.98,good,Image quality is good. Proceed with assessment.,0
train,Flows,Flows train (638).jpg,train\Flows\Flows train (638).jpg,669.84,72.36,58.74,2.01,good,Image quality is good. Proceed with assessment.,0
train,Flows,Flows train (639).jpg,train\Flows\Flows train (639).jpg,669.38,72.64,58.95,2.0,good,Image quality is good. Proceed with assessment.,0
train,Flows,Flows train (64).jpg,train\Flows\Flows train (64).jpg,330.91,51.93,48.4,1.26,good,Image quality is good. Proceed with assessment.,0
train,Flows,Flows train (640).jpg,train\Flows\Flows train (640).jpg,668.64,72.74,59.09,2.0,good,Image quality is good. Proceed with assessment.,0
train,Flows,Flows train (641).jpg,train\Flows\Flows train (641).jpg,667.27,72.76,59.21,1.98,good,Image quality is good. Proceed with assessment.,0
train,Flows,Flows train (642).jpg,train\Flows\Flows train (642).jpg,556.39,27.53,39.26,1.32,good,Image quality is good. Proceed with assessment.,0
train,Flows,Flows train (643).jpg,train\Flows\Flows train (643).jpg,555.2,28.21,40.69,1.32,good,Image quality is good. Proceed with assessment.,0
train,Flows,Flows train (644).jpg,train\Flows\Flows train (644).jpg,654.17,75.41,55.38,2.12,good,Image quality is good. Proceed with assessment.,0
train,Flows,Flows train (645).jpg,train\Flows\Flows train (645).jpg,654.36,75.76,55.49,2.14,good,Image quality is good. Proceed with assessment.,0
train,Flows,Flows train (646).jpg,train\Flows\Flows train (646).jpg,655.66,75.69,55.58,2.15,good,Image quality is good. Proceed with assessment.,0
train,Flows,Flows train (647).jpg,train\Flows\Flows train (647).jpg,696.1,73.32,55.21,2.15,good,Image quality is good. Proceed with assessment.,0
train,Flows,Flows train (648).jpg,train\Flows\Flows train (648).jpg,700.54,73.33,54.81,2.15,good,Image quality is good. Proceed with assessment.,0
train,Flows,Flows train (649).jpg,train\Flows\Flows train (649).jpg,575.91,46.22,52.64,1.76,good,Image quality is good. Proceed with assessment.,0
train,Flows,Flows train (65).jpg,train\Flows\Flows train (65).jpg,330.3,51.74,48.19,1.26,good,Image quality is good. Proceed with assessment.,0
train,Flows,Flows train (650).jpg,train\Flows\Flows train (650).jpg,575.31,46.7,53.33,1.77,good,Image quality is good. Proceed with assessment.,0
train,Flows,Flows train (651).jpg,train\Flows\Flows train (651).jpg,572.23,46.85,53.83,1.76,good,Image quality is good. Proceed with assessment.,0
train,Flows,Flows train (652).jpg,train\Flows\Flows train (652).jpg,575.33,46.75,53.16,1.78,good,Image quality is good. Proceed with assessment.,0
train,Flows,Flows train (653).jpg,train\Flows\Flows train (653).jpg,580.32,46.84,52.1,1.79,good,Image quality is good. Proceed with assessment.,0
train,Flows,Flows train (654).jpg,train\Flows\Flows train (654).jpg,583.72,47.26,52.74,1.8,good,Image quality is good. Proceed with assessment.,0
train,Flows,Flows train (655).jpg,train\Flows\Flows train (655).jpg,596.75,41.38,45.22,1.97,good,Image quality is good. Proceed with assessment.,0
train,Flows,Flows train (656).jpg,train\Flows\Flows train (656).jpg,599.21,41.49,45.4,1.97,good,Image quality is good. Proceed with assessment.,0
train,Flows,Flows train (657).jpg,train\Flows\Flows train (657).jpg,601.85,40.93,44.46,1.97,good,Image quality is good. Proceed with assessment.,0
train,Flows,Flows train (658).jpg,train\Flows\Flows train (658).jpg,602.61,41.28,45.35,1.97,good,Image quality is good. Proceed with assessment.,0
train,Flows,Flows train (659).jpg,train\Flows\Flows train (659).jpg,436.96,42.94,53.81,1.36,good,Image quality is good. Proceed with assessment.,0
train,Flows,Flows train (66).jpg,train\Flows\Flows train (66).jpg,584.87,79.21,56.35,1.87,good,Image quality is good. Proceed with assessment.,0
train,Flows,Flows train (660).jpg,train\Flows\Flows train (660).jpg,430.36,43.05,53.24,1.37,good,Image quality is good. Proceed with assessment.,0
train,Flows,Flows train (661).jpg,train\Flows\Flows train (661).jpg,663.01,89.57,60.38,2.02,good,Image quality is good. Proceed with assessment.,0
train,Flows,Flows train (662).jpg,train\Flows\Flows train (662).jpg,663.39,89.75,60.27,2.02,good,Image quality is good. Proceed with assessment.,0
train,Flows,Flows train (663).jpg,train\Flows\Flows train (663).jpg,663.13,89.72,60.22,2.02,good,Image quality is good. Proceed with assessment.,0
train,Flows,Flows train (664).jpg,train\Flows\Flows train (664).jpg,645.81,91.8,56.01,1.99,good,Image quality is good. Proceed with assessment.,0
train,Flows,Flows train (665).jpg,train\Flows\Flows train (665).jpg,641.3,91.88,55.88,1.99,good,Image quality is good. Proceed with assessment.,0
train,Flows,Flows train (666).jpg,train\Flows\Flows train (666).jpg,671.4,86.76,57.99,2.0,good,Image quality is good. Proceed with assessment.,0
train,Flows,Flows train (667).jpg,train\Flows\Flows train (667).jpg,688.7,72.61,75.13,1.82,good,Image quality is good. Proceed with assessment.,0
train,Flows,Flows train (668).jpg,train\Flows\Flows train (668).jpg,689.16,72.62,75.18,1.82,good,Image quality is good. Proceed with assessment.,0
train,Flows,Flows train (669).jpg,train\Flows\Flows train (669).jpg,689.8,72.44,75.08,1.82,good,Image quality is good. Proceed with assessment.,0
train,Flows,Flows train (67).jpg,train\Flows\Flows train (67).jpg,575.21,79.42,56.61,1.84,good,Image quality is good. Proceed with assessment.,0
train,Flows,Flows train (670).jpg,train\Flows\Flows train (670).jpg,647.65,69.91,74.21,1.77,good,Image quality is good. Proceed with assessment.,0
train,Flows,Flows train (671).jpg,train\Flows\Flows train (671).jpg,669.08,67.4,72.49,1.79,good,Image quality is good. Proceed with assessment.,0
train,Flows,Flows train (672).jpg,train\Flows\Flows train (672).jpg,668.85,67.31,72.54,1.79,good,Image quality is good. Proceed with assessment.,0
train,Flows,Flows train (673).jpg,train\Flows\Flows train (673).jpg,668.83,67.06,72.46,1.79,good,Image quality is good. Proceed with assessment.,0
train,Flows,Flows train (674).jpg,train\Flows\Flows train (674).jpg,817.18,35.91,47.81,1.77,good,Image quality is good. Proceed with assessment.,0
train,Flows,Flows train (675).jpg,train\Flows\Flows train (675).jpg,815.97,35.7,47.93,1.75,good,Image quality is good. Proceed with assessment.,0
train,Flows,Flows train (676).jpg,train\Flows\Flows train (676).jpg,817.36,35.49,48.17,1.74,good,Image quality is good. Proceed with assessment.,0
train,Flows,Flows train (677).jpg,train\Flows\Flows train (677).jpg,816.54,35.25,47.73,1.74,good,Image quality is good. Proceed with assessment.,0
train,Flows,Flows train (678).jpg,train\Flows\Flows train (678).jpg,826.22,33.87,47.32,1.74,good,Image quality is good. Proceed with assessment.,0
train,Flows,Flows train (679).jpg,train\Flows\Flows train (679).jpg,827.01,33.73,47.14,1.74,good,Image quality is good. Proceed with assessment.,0
train,Flows,Flows train (68).jpg,train\Flows\Flows train (68).jpg,579.31,79.23,56.82,1.85,good,Image quality is good. Proceed with assessment.,0
train,Flows,Flows train (680).jpg,train\Flows\Flows train (680).jpg,831.51,33.53,47.17,1.76,good,Image quality is good. Proceed with assessment.,0
train,Flows,Flows train (681).jpg,train\Flows\Flows train (681).jpg,841.04,32.93,46.84,1.75,good,Image quality is good. Proceed with assessment.,0
train,Flows,Flows train (682).jpg,train\Flows\Flows train (682).jpg,616.03,39.21,44.46,1.89,good,Image quality is good. Proceed with assessment.,0
train,Flows,Flows train (683).jpg,train\Flows\Flows train (683).jpg,615.21,40.05,44.05,1.91,good,Image quality is good. Proceed with assessment.,0
train,Flows,Flows train (684).jpg,train\Flows\Flows train (684).jpg,615.95,40.37,44.52,1.91,good,Image quality is good. Proceed with assessment.,0
train,Flows,Flows train (685).jpg,train\Flows\Flows train (685).jpg,615.33,40.74,45.08,1.91,good,Image quality is good. Proceed with assessment.,0
train,Flows,Flows train (686).jpg,train\Flows\Flows train (686).jpg,612.29,39.8,44.06,1.87,good,Image quality is good. Proceed with assessment.,0
train,Flows,Flows train (687).jpg,train\Flows\Flows train (687).jpg,615.95,40.21,44.68,1.87,good,Image quality is good. Proceed with assessment.,0
train,Flows,Flows train (688).jpg,train\Flows\Flows train (688).jpg,561.97,41.21,44.9,1.93,good,Image quality is good. Proceed with assessment.,0
train,Flows,Flows train (689).jpg,train\Flows\Flows train (689).jpg,562.47,41.43,45.24,1.93,good,Image quality is good. Proceed with assessment.,0
train,Flows,Flows train (69).jpg,train\Flows\Flows train (69).jpg,580.46,79.2,56.79,1.85,good,Image quality is good. Proceed with assessment.,0
train,Flows,Flows train (690).jpg,train\Flows\Flows train (690).jpg,561.35,42.68,45.1,1.89,good,Image quality is good. Proceed with assessment.,0
train,Flows,Flows train (691).jpg,train\Flows\Flows train (691).jpg,585.45,65.89,62.95,1.88,good,Image quality is good. Proceed with assessment.,0
train,Flows,Flows train (692).jpg,train\Flows\Flows train (692).jpg,600.04,64.43,64.64,1.92,good,Image quality is good. Proceed with assessment.,0
train,Flows,Flows train (693).jpg,train\Flows\Flows train (693).jpg,554.02,65.17,61.36,1.91,good,Image quality is good. Proceed with assessment.,0
train,Flows,Flows train (694).jpg,train\Flows\Flows train (694).jpg,556.39,65.43,61.56,1.92,good,Image quality is good. Proceed with assessment.,0
train,Flows,Flows train (695).jpg,train\Flows\Flows train (695).jpg,560.74,66.71,61.59,1.92,good,Image quality is good. Proceed with assessment.,0
train,Flows,Flows train (696).jpg,train\Flows\Flows train (696).jpg,560.98,66.91,61.63,1.92,good,Image quality is good. Proceed with assessment.,0
train,Flows,Flows train (697).jpg,train\Flows\Flows train (697).jpg,555.91,64.59,61.78,1.89,good,Image quality is good. Proceed with assessment.,0
train,Flows,Flows train (698).jpg,train\Flows\Flows train (698).jpg,556.18,64.74,61.88,1.89,good,Image quality is good. Proceed with assessment.,0
train,Flows,Flows train (699).jpg,train\Flows\Flows train (699).jpg,558.04,64.61,63.63,1.91,good,Image quality is good. Proceed with assessment.,0
train,Flows,Flows train (7).jpg,train\Flows\Flows train (7).jpg,396.85,44.26,45.8,1.3,good,Image quality is good. Proceed with assessment.,0
train,Flows,Flows train (70).jpg,train\Flows\Flows train (70).jpg,317.02,47.57,40.99,1.26,good,Image quality is good. Proceed with assessment.,0
train,Flows,Flows train (700).jpg,train\Flows\Flows train (700).jpg,558.42,64.63,63.66,1.91,good,Image quality is good. Proceed with assessment.,0
train,Flows,Flows train (71).jpg,train\Flows\Flows train (71).jpg,319.38,47.53,40.84,1.27,good,Image quality is good. Proceed with assessment.,0
train,Flows,Flows train (72).jpg,train\Flows\Flows train (72).jpg,328.38,48.38,41.64,1.27,good,Image quality is good. Proceed with assessment.,0
train,Flows,Flows train (73).jpg,train\Flows\Flows train (73).jpg,331.12,49.17,41.86,1.28,good,Image quality is good. Proceed with assessment.,0
train,Flows,Flows train (74).jpg,train\Flows\Flows train (74).jpg,323.37,47.59,41.54,1.26,good,Image quality is good. Proceed with assessment.,0
train,Flows,Flows train (75).jpg,train\Flows\Flows train (75).jpg,324.1,40.34,41.28,1.21,good,Image quality is good. Proceed with assessment.,0
train,Flows,Flows train (76).jpg,train\Flows\Flows train (76).jpg,324.36,40.5,41.34,1.21,good,Image quality is good. Proceed with assessment.,0
train,Flows,Flows train (77).jpg,train\Flows\Flows train (77).jpg,443.59,54.31,51.19,1.52,good,Image quality is good. Proceed with assessment.,0
train,Flows,Flows train (78).jpg,train\Flows\Flows train (78).jpg,443.8,54.5,50.64,1.52,good,Image quality is good. Proceed with assessment.,0
train,Flows,Flows train (79).jpg,train\Flows\Flows train (79).jpg,469.1,57.11,51.33,1.6,good,Image quality is good. Proceed with assessment.,0
train,Flows,Flows train (8).jpg,train\Flows\Flows train (8).jpg,387.6,43.88,44.74,1.27,good,Image quality is good. Proceed with assessment.,0
train,Flows,Flows train (80).jpg,train\Flows\Flows train (80).jpg,469.7,56.88,51.1,1.6,good,Image quality is good. Proceed with assessment.,0
train,Flows,Flows train (81).jpg,train\Flows\Flows train (81).jpg,473.71,56.0,50.71,1.63,good,Image quality is good. Proceed with assessment.,0
train,Flows,Flows train (82).jpg,train\Flows\Flows train (82).jpg,509.63,46.42,49.86,1.58,good,Image quality is good. Proceed with assessment.,0
train,Flows,Flows train (83).jpg,train\Flows\Flows train (83).jpg,513.31,45.8,48.96,1.58,good,Image quality is good. Proceed with assessment.,0
train,Flows,Flows train (84).jpg,train\Flows\Flows train (84).jpg,506.14,47.05,50.4,1.58,good,Image quality is good. Proceed with assessment.,0
train,Flows,Flows train (85).jpg,train\Flows\Flows train (85).jpg,506.3,47.15,50.35,1.58,good,Image quality is good. Proceed with assessment.,0
train,Flows,Flows train (86).jpg,train\Flows\Flows train (86).jpg,663.95,59.37,63.93,1.8,good,Image quality is good. Proceed with assessment.,0
train,Flows,Flows train (87).jpg,train\Flows\Flows train (87).jpg,599.11,74.65,50.32,1.82,good,Image quality is good. Proceed with assessment.,0
train,Flows,Flows train (88).jpg,train\Flows\Flows train (88).jpg,604.09,74.44,50.65,1.83,good,Image quality is good. Proceed with assessment.,0
train,Flows,Flows train (89).jpg,train\Flows\Flows train (89).jpg,607.64,73.96,50.78,1.84,good,Image quality is good. Proceed with assessment.,0
train,Flows,Flows train (9).jpg,train\Flows\Flows train (9).jpg,387.94,43.38,43.74,1.28,good,Image quality is good. Proceed with assessment.,0
train,Flows,Flows train (90).jpg,train\Flows\Flows train (90).jpg,611.46,73.6,50.8,1.84,good,Image quality is good. Proceed with assessment.,0
train,Flows,Flows train (91).jpg,train\Flows\Flows train (91).jpg,607.51,59.6,50.98,1.89,good,Image quality is good. Proceed with assessment.,0
train,Flows,Flows train (92).jpg,train\Flows\Flows train (92).jpg,612.87,60.5,52.97,1.9,good,Image quality is good. Proceed with assessment.,0
train,Flows,Flows train (93).jpg,train\Flows\Flows train (93).jpg,612.23,60.52,52.69,1.89,good,Image quality is good. Proceed with assessment.,0
train,Flows,Flows train (94).jpg,train\Flows\Flows train (94).jpg,582.66,57.97,52.2,1.87,good,Image quality is good. Proceed with assessment.,0
train,Flows,Flows train (95).jpg,train\Flows\Flows train (95).jpg,583.64,57.92,52.17,1.88,good,Image quality is good. Proceed with assessment.,0
train,Flows,Flows train (96).jpg,train\Flows\Flows train (96).jpg,583.87,57.74,52.13,1.88,good,Image quality is good. Proceed with assessment.,0
train,Flows,Flows train (97).jpg,train\Flows\Flows train (97).jpg,584.76,57.73,52.18,1.88,good,Image quality is good. Proceed with assessment.,0
train,Flows,Flows train (98).jpg,train\Flows\Flows train (98).jpg,658.17,63.54,55.98,1.92,good,Image quality is good. Proceed with assessment.,0
train,Flows,Flows train (99).jpg,train\Flows\Flows train (99).jpg,657.9,63.61,55.98,1.92,good,Image quality is good. Proceed with assessment.,0
train,Other,Other train (1).jpg,train\Other\Other train (1).jpg,602.31,44.87,44.65,1.83,good,Image quality is good. Proceed with assessment.,0
train,Other,Other train (10).jpg,train\Other\Other train (10).jpg,650.22,50.27,49.67,1.86,good,Image quality is good. Proceed with assessment.,0
train,Other,Other train (100).jpg,train\Other\Other train (100).jpg,592.71,47.08,54.38,1.83,good,Image quality is good. Proceed with assessment.,0
train,Other,Other train (1000).jpg,train\Other\Other train (1000).jpg,550.97,75.21,68.86,1.91,good,Image quality is good. Proceed with assessment.,0
train,Other,Other train (1001).jpg,train\Other\Other train (1001).jpg,551.16,75.19,68.82,1.91,good,Image quality is good. Proceed with assessment.,0
train,Other,Other train (1002).jpg,train\Other\Other train (1002).jpg,552.11,75.27,68.83,1.91,good,Image quality is good. Proceed with assessment.,0
train,Other,Other train (1003).jpg,train\Other\Other train (1003).jpg,543.0,75.47,68.56,1.91,good,Image quality is good. Proceed with assessment.,0
train,Other,Other train (1004).jpg,train\Other\Other train (1004).jpg,546.15,75.45,68.55,1.91,good,Image quality is good. Proceed with assessment.,0
train,Other,Other train (1005).jpg,train\Other\Other train (1005).jpg,547.44,75.45,68.56,1.9,good,Image quality is good. Proceed with assessment.,0
train,Other,Other train (1006).jpg,train\Other\Other train (1006).jpg,547.39,75.48,68.59,1.9,good,Image quality is good. Proceed with assessment.,0
train,Other,Other train (1007).jpg,train\Other\Other train (1007).jpg,549.83,75.66,68.43,1.92,good,Image quality is good. Proceed with assessment.,0
train,Other,Other train (1008).jpg,train\Other\Other train (1008).jpg,551.16,74.96,67.13,1.97,good,Image quality is good. Proceed with assessment.,0
train,Other,Other train (1009).jpg,train\Other\Other train (1009).jpg,550.31,74.68,66.81,1.97,good,Image quality is good. Proceed with assessment.,0
train,Other,Other train (101).jpg,train\Other\Other train (101).jpg,592.52,47.07,54.37,1.83,good,Image quality is good. Proceed with assessment.,0
train,Other,Other train (1010).jpg,train\Other\Other train (1010).jpg,552.59,74.54,66.63,1.98,good,Image quality is good. Proceed with assessment.,0
train,Other,Other train (1011).jpg,train\Other\Other train (1011).jpg,554.74,73.66,65.39,1.98,good,Image quality is good. Proceed with assessment.,0
train,Other,Other train (1012).jpg,train\Other\Other train (1012).jpg,555.28,73.64,65.44,1.98,good,Image quality is good. Proceed with assessment.,0
train,Other,Other train (1013).jpg,train\Other\Other train (1013).jpg,554.84,73.63,65.57,1.99,good,Image quality is good. Proceed with assessment.,0
train,Other,Other train (1014).jpg,train\Other\Other train (1014).jpg,555.74,73.7,65.74,2.0,good,Image quality is good. Proceed with assessment.,0
train,Other,Other train (1015).jpg,train\Other\Other train (1015).jpg,555.27,73.54,65.72,1.99,good,Image quality is good. Proceed with assessment.,0
train,Other,Other train (1016).jpg,train\Other\Other train (1016).jpg,554.8,73.56,65.73,1.99,good,Image quality is good. Proceed with assessment.,0
train,Other,Other train (1017).jpg,train\Other\Other train (1017).jpg,555.82,73.4,65.65,1.98,good,Image quality is good. Proceed with assessment.,0
train,Other,Other train (1018).jpg,train\Other\Other train (1018).jpg,555.04,71.63,65.7,1.93,good,Image quality is good. Proceed with assessment.,0
train,Other,Other train (1019).jpg,train\Other\Other train (1019).jpg,552.68,69.64,65.12,1.9,good,Image quality is good. Proceed with assessment.,0
train,Other,Other train (102).jpg,train\Other\Other train (102).jpg,593.53,47.08,54.44,1.84,good,Image quality is good. Proceed with assessment.,0
train,Other,Other train (1020).jpg,train\Other\Other train (1020).jpg,544.96,66.51,64.6,1.86,good,Image quality is good. Proceed with assessment.,0
train,Other,Other train (1021).jpg,train\Other\Other train (1021).jpg,546.84,66.46,64.92,1.86,good,Image quality is good. Proceed with assessment.,0
train,Other,Other train (1022).jpg,train\Other\Other train (1022).jpg,547.73,66.42,65.4,1.86,good,Image quality is good. Proceed with assessment.,0
train,Other,Other train (1023).jpg,train\Other\Other train (1023).jpg,548.14,66.53,65.87,1.89,good,Image quality is good. Proceed with assessment.,0
train,Other,Other train (1024).jpg,train\Other\Other train (1024).jpg,549.51,66.39,65.9,1.89,good,Image quality is good. Proceed with assessment.,0
train,Other,Other train (1025).jpg,train\Other\Other train (1025).jpg,548.69,66.01,65.49,1.86,good,Image quality is good. Proceed with assessment.,0
train,Other,Other train (1026).jpg,train\Other\Other train (1026).jpg,559.4,65.43,64.87,1.9,good,Image quality is good. Proceed with assessment.,0
train,Other,Other train (1027).jpg,train\Other\Other train (1027).jpg,564.31,65.88,65.18,1.94,good,Image quality is good. Proceed with assessment.,0
train,Other,Other train (1028).jpg,train\Other\Other train (1028).jpg,564.93,69.5,66.21,1.89,good,Image quality is good. Proceed with assessment.,0
train,Other,Other train (1029).jpg,train\Other\Other train (1029).jpg,583.55,64.38,58.52,1.96,good,Image quality is good. Proceed with assessment.,0
train,Other,Other train (103).jpg,train\Other\Other train (103).jpg,593.85,47.02,54.35,1.84,good,Image quality is good. Proceed with assessment.,0
train,Other,Other train (1030).jpg,train\Other\Other train (1030).jpg,589.32,64.73,58.75,1.94,good,Image quality is good. Proceed with assessment.,0
train,Other,Other train (1031).jpg,train\Other\Other train (1031).jpg,591.69,65.06,59.27,1.96,good,Image quality is good. Proceed with assessment.,0
train,Other,Other train (1032).jpg,train\Other\Other train (1032).jpg,591.74,65.12,59.39,1.96,good,Image quality is good. Proceed with assessment.,0
train,Other,Other train (1033).jpg,train\Other\Other train (1033).jpg,589.3,64.71,59.14,1.95,good,Image quality is good. Proceed with assessment.,0
train,Other,Other train (1034).jpg,train\Other\Other train (1034).jpg,588.83,64.61,58.9,1.95,good,Image quality is good. Proceed with assessment.,0
train,Other,Other train (1035).jpg,train\Other\Other train (1035).jpg,590.85,64.88,59.09,1.96,good,Image quality is good. Proceed with assessment.,0
train,Other,Other train (1036).jpg,train\Other\Other train (1036).jpg,587.89,54.99,57.03,1.94,good,Image quality is good. Proceed with assessment.,0
train,Other,Other train (1037).jpg,train\Other\Other train (1037).jpg,588.86,54.82,57.1,1.94,good,Image quality is good. Proceed with assessment.,0
train,Other,Other train (1038).jpg,train\Other\Other train (1038).jpg,590.88,54.65,57.29,1.95,good,Image quality is good. Proceed with assessment.,0
train,Other,Other train (1039).jpg,train\Other\Other train (1039).jpg,596.53,53.92,57.24,1.95,good,Image quality is good. Proceed with assessment.,0
train,Other,Other train (104).jpg,train\Other\Other train (104).jpg,594.79,47.08,54.4,1.84,good,Image quality is good. Proceed with assessment.,0
train,Other,Other train (1040).jpg,train\Other\Other train (1040).jpg,538.84,42.63,51.53,1.87,good,Image quality is good. Proceed with assessment.,0
train,Other,Other train (1041).jpg,train\Other\Other train (1041).jpg,539.01,42.63,51.46,1.86,good,Image quality is good. Proceed with assessment.,0
train,Other,Other train (1042).jpg,train\Other\Other train (1042).jpg,554.83,41.9,50.5,1.79,good,Image quality is good. Proceed with assessment.,0
train,Other,Other train (1043).jpg,train\Other\Other train (1043).jpg,614.43,46.33,44.05,1.96,good,Image quality is good. Proceed with assessment.,0
train,Other,Other train (1044).jpg,train\Other\Other train (1044).jpg,615.85,47.15,44.43,1.96,good,Image quality is good. Proceed with assessment.,0
train,Other,Other train (1045).jpg,train\Other\Other train (1045).jpg,619.29,49.1,45.47,1.96,good,Image quality is good. Proceed with assessment.,0
train,Other,Other train (1046).jpg,train\Other\Other train (1046).jpg,619.52,49.2,45.53,1.97,good,Image quality is good. Proceed with assessment.,0
train,Other,Other train (1047).jpg,train\Other\Other train (1047).jpg,621.35,49.5,46.08,1.99,good,Image quality is good. Proceed with assessment.,0
train,Other,Other train (1048).jpg,train\Other\Other train (1048).jpg,634.68,49.93,47.1,2.0,good,Image quality is good. Proceed with assessment.,0
train,Other,Other train (1049).jpg,train\Other\Other train (1049).jpg,635.45,49.96,47.23,2.0,good,Image quality is good. Proceed with assessment.,0
train,Other,Other train (105).jpg,train\Other\Other train (105).jpg,594.94,46.83,54.55,1.84,good,Image quality is good. Proceed with assessment.,0
train,Other,Other train (1050).jpg,train\Other\Other train (1050).jpg,638.98,50.22,47.6,2.03,good,Image quality is good. Proceed with assessment.,0
train,Other,Other train (1051).jpg,train\Other\Other train (1051).jpg,639.95,50.17,47.53,2.04,good,Image quality is good. Proceed with assessment.,0
train,Other,Other train (1052).jpg,train\Other\Other train (1052).jpg,637.48,50.49,47.35,2.05,good,Image quality is good. Proceed with assessment.,0
train,Other,Other train (1053).jpg,train\Other\Other train (1053).jpg,601.62,70.64,47.89,1.98,good,Image quality is good. Proceed with assessment.,0
train,Other,Other train (1054).jpg,train\Other\Other train (1054).jpg,588.73,75.33,46.05,1.98,good,Image quality is good. Proceed with assessment.,0
train,Other,Other train (1055).jpg,train\Other\Other train (1055).jpg,587.86,76.41,46.48,2.0,good,Image quality is good. Proceed with assessment.,0
train,Other,Other train (1056).jpg,train\Other\Other train (1056).jpg,587.73,76.62,46.39,2.02,good,Image quality is good. Proceed with assessment.,0
train,Other,Other train (1057).jpg,train\Other\Other train (1057).jpg,587.08,76.82,46.4,2.01,good,Image quality is good. Proceed with assessment.,0
train,Other,Other train (1058).jpg,train\Other\Other train (1058).jpg,593.6,78.76,45.95,2.0,good,Image quality is good. Proceed with assessment.,0
train,Other,Other train (1059).jpg,train\Other\Other train (1059).jpg,596.38,78.54,46.13,2.0,good,Image quality is good. Proceed with assessment.,0
train,Other,Other train (106).jpg,train\Other\Other train (106).jpg,526.66,56.06,57.03,1.59,good,Image quality is good. Proceed with assessment.,0
train,Other,Other train (1060).jpg,train\Other\Other train (1060).jpg,598.63,78.52,46.19,2.01,good,Image quality is good. Proceed with assessment.,0
train,Other,Other train (1061).jpg,train\Other\Other train (1061).jpg,599.42,78.49,46.32,2.01,good,Image quality is good. Proceed with assessment.,0
train,Other,Other train (1062).jpg,train\Other\Other train (1062).jpg,601.04,78.22,46.44,2.02,good,Image quality is good. Proceed with assessment.,0
train,Other,Other train (1063).jpg,train\Other\Other train (1063).jpg,600.35,78.32,46.74,2.03,good,Image quality is good. Proceed with assessment.,0
train,Other,Other train (1064).jpg,train\Other\Other train (1064).jpg,604.15,78.61,46.84,2.04,good,Image quality is good. Proceed with assessment.,0
train,Other,Other train (1065).jpg,train\Other\Other train (1065).jpg,585.51,77.35,45.32,1.99,good,Image quality is good. Proceed with assessment.,0
train,Other,Other train (1066).jpg,train\Other\Other train (1066).jpg,583.73,77.15,45.37,1.99,good,Image quality is good. Proceed with assessment.,0
train,Other,Other train (1067).jpg,train\Other\Other train (1067).jpg,576.5,77.75,47.11,2.0,good,Image quality is good. Proceed with assessment.,0
train,Other,Other train (1068).jpg,train\Other\Other train (1068).jpg,576.59,77.69,48.07,1.99,good,Image quality is good. Proceed with assessment.,0
train,Other,Other train (1069).jpg,train\Other\Other train (1069).jpg,569.18,78.51,48.45,1.97,good,Image quality is good. Proceed with assessment.,0
train,Other,Other train (107).jpg,train\Other\Other train (107).jpg,521.07,53.92,61.81,1.67,good,Image quality is good. Proceed with assessment.,0
train,Other,Other train (1070).jpg,train\Other\Other train (1070).jpg,570.79,78.24,48.22,1.98,good,Image quality is good. Proceed with assessment.,0
train,Other,Other train (1071).jpg,train\Other\Other train (1071).jpg,569.94,78.2,48.22,1.98,good,Image quality is good. Proceed with assessment.,0
train,Other,Other train (1072).jpg,train\Other\Other train (1072).jpg,569.69,78.55,47.64,1.97,good,Image quality is good. Proceed with assessment.,0
train,Other,Other train (1073).jpg,train\Other\Other train (1073).jpg,570.1,79.12,46.92,1.98,good,Image quality is good. Proceed with assessment.,0
train,Other,Other train (1074).jpg,train\Other\Other train (1074).jpg,570.05,79.6,46.74,1.99,good,Image quality is good. Proceed with assessment.,0
train,Other,Other train (1075).jpg,train\Other\Other train (1075).jpg,576.97,79.42,46.14,2.01,good,Image quality is good. Proceed with assessment.,0
train,Other,Other train (1076).jpg,train\Other\Other train (1076).jpg,573.25,80.12,46.37,2.0,good,Image quality is good. Proceed with assessment.,0
train,Other,Other train (1077).jpg,train\Other\Other train (1077).jpg,577.93,79.7,46.54,2.01,good,Image quality is good. Proceed with assessment.,0
train,Other,Other train (1078).jpg,train\Other\Other train (1078).jpg,589.73,79.38,46.94,2.04,good,Image quality is good. Proceed with assessment.,0
train,Other,Other train (1079).jpg,train\Other\Other train (1079).jpg,589.77,79.3,46.95,2.04,good,Image quality is good. Proceed with assessment.,0
train,Other,Other train (108).jpg,train\Other\Other train (108).jpg,526.7,54.33,61.64,1.69,good,Image quality is good. Proceed with assessment.,0
train,Other,Other train (1080).jpg,train\Other\Other train (1080).jpg,592.07,79.38,46.96,2.04,good,Image quality is good. Proceed with assessment.,0
train,Other,Other train (1081).jpg,train\Other\Other train (1081).jpg,605.02,79.07,47.74,2.09,good,Image quality is good. Proceed with assessment.,0
train,Other,Other train (1082).jpg,train\Other\Other train (1082).jpg,605.58,79.11,47.94,2.1,good,Image quality is good. Proceed with assessment.,0
train,Other,Other train (1083).jpg,train\Other\Other train (1083).jpg,608.8,79.19,48.1,2.1,good,Image quality is good. Proceed with assessment.,0
train,Other,Other train (1084).jpg,train\Other\Other train (1084).jpg,608.18,79.29,48.2,2.1,good,Image quality is good. Proceed with assessment.,0
train,Other,Other train (1085).jpg,train\Other\Other train (1085).jpg,607.79,79.33,48.52,2.1,good,Image quality is good. Proceed with assessment.,0
train,Other,Other train (1086).jpg,train\Other\Other train (1086).jpg,612.18,79.85,48.95,2.1,good,Image quality is good. Proceed with assessment.,0
train,Other,Other train (1087).jpg,train\Other\Other train (1087).jpg,649.08,58.35,48.88,1.99,good,Image quality is good. Proceed with assessment.,0
train,Other,Other train (1088).jpg,train\Other\Other train (1088).jpg,661.75,58.51,49.15,2.01,good,Image quality is good. Proceed with assessment.,0
train,Other,Other train (1089).jpg,train\Other\Other train (1089).jpg,665.9,58.59,49.54,2.01,good,Image quality is good. Proceed with assessment.,0
train,Other,Other train (109).jpg,train\Other\Other train (109).jpg,528.15,54.94,62.06,1.69,good,Image quality is good. Proceed with assessment.,0
train,Other,Other train (1090).jpg,train\Other\Other train (1090).jpg,664.02,58.54,49.51,2.0,good,Image quality is good. Proceed with assessment.,0
train,Other,Other train (1091).jpg,train\Other\Other train (1091).jpg,666.88,58.76,49.88,2.02,good,Image quality is good. Proceed with assessment.,0
train,Other,Other train (1092).jpg,train\Other\Other train (1092).jpg,669.17,59.2,50.09,2.01,good,Image quality is good. Proceed with assessment.,0
train,Other,Other train (1093).jpg,train\Other\Other train (1093).jpg,670.59,59.45,50.12,2.01,good,Image quality is good. Proceed with assessment.,0
train,Other,Other train (1094).jpg,train\Other\Other train (1094).jpg,652.89,57.93,51.32,2.02,good,Image quality is good. Proceed with assessment.,0
train,Other,Other train (1095).jpg,train\Other\Other train (1095).jpg,633.64,55.87,50.23,1.9,good,Image quality is good. Proceed with assessment.,0
train,Other,Other train (1096).jpg,train\Other\Other train (1096).jpg,639.02,56.66,52.11,1.97,good,Image quality is good. Proceed with assessment.,0
train,Other,Other train (1097).jpg,train\Other\Other train (1097).jpg,638.62,56.63,52.13,1.97,good,Image quality is good. Proceed with assessment.,0
train,Other,Other train (1098).jpg,train\Other\Other train (1098).jpg,644.55,50.04,47.43,1.98,good,Image quality is good. Proceed with assessment.,0
train,Other,Other train (1099).jpg,train\Other\Other train (1099).jpg,646.76,51.55,48.16,2.01,good,Image quality is good. Proceed with assessment.,0
train,Other,Other train (11).jpg,train\Other\Other train (11).jpg,661.02,53.59,52.4,1.9,good,Image quality is good. Proceed with assessment.,0
train,Other,Other train (110).jpg,train\Other\Other train (110).jpg,521.23,54.17,61.66,1.64,good,Image quality is good. Proceed with assessment.,0
train,Other,Other train (1100).jpg,train\Other\Other train (1100).jpg,643.11,51.44,48.31,2.0,good,Image quality is good. Proceed with assessment.,0
train,Other,Other train (1101).jpg,train\Other\Other train (1101).jpg,646.93,51.79,49.13,2.0,good,Image quality is good. Proceed with assessment.,0
train,Other,Other train (1102).jpg,train\Other\Other train (1102).jpg,648.48,51.99,49.31,2.0,good,Image quality is good. Proceed with assessment.,0
train,Other,Other train (1103).jpg,train\Other\Other train (1103).jpg,655.56,52.34,50.73,2.01,good,Image quality is good. Proceed with assessment.,0
train,Other,Other train (1104).jpg,train\Other\Other train (1104).jpg,657.69,52.46,50.84,2.02,good,Image quality is good. Proceed with assessment.,0
train,Other,Other train (1105).jpg,train\Other\Other train (1105).jpg,655.38,52.14,49.48,2.01,good,Image quality is good. Proceed with assessment.,0
train,Other,Other train (1106).jpg,train\Other\Other train (1106).jpg,651.04,52.25,49.65,2.01,good,Image quality is good. Proceed with assessment.,0
train,Other,Other train (1107).jpg,train\Other\Other train (1107).jpg,642.63,66.52,56.69,2.09,good,Image quality is good. Proceed with assessment.,0
train,Other,Other train (1108).jpg,train\Other\Other train (1108).jpg,615.47,61.78,57.43,1.87,good,Image quality is good. Proceed with assessment.,0
train,Other,Other train (1109).jpg,train\Other\Other train (1109).jpg,613.72,54.6,56.55,1.83,good,Image quality is good. Proceed with assessment.,0
train,Other,Other train (111).jpg,train\Other\Other train (111).jpg,522.03,54.23,61.85,1.65,good,Image quality is good. Proceed with assessment.,0
train,Other,Other train (1110).jpg,train\Other\Other train (1110).jpg,609.87,53.91,56.24,1.8,good,Image quality is good. Proceed with assessment.,0
train,Other,Other train (1111).jpg,train\Other\Other train (1111).jpg,609.22,53.74,56.1,1.8,good,Image quality is good. Proceed with assessment.,0
train,Other,Other train (1112).jpg,train\Other\Other train (1112).jpg,587.64,43.2,54.95,1.75,good,Image quality is good. Proceed with assessment.,0
train,Other,Other train (1113).jpg,train\Other\Other train (1113).jpg,596.44,43.27,52.92,1.7,good,Image quality is good. Proceed with assessment.,0
train,Other,Other train (1114).jpg,train\Other\Other train (1114).jpg,600.84,43.25,52.53,1.7,good,Image quality is good. Proceed with assessment.,0
train,Other,Other train (1115).jpg,train\Other\Other train (1115).jpg,602.94,43.0,50.97,1.72,good,Image quality is good. Proceed with assessment.,0
train,Other,Other train (1116).jpg,train\Other\Other train (1116).jpg,611.46,46.49,50.33,1.74,good,Image quality is good. Proceed with assessment.,0
train,Other,Other train (1117).jpg,train\Other\Other train (1117).jpg,615.05,47.28,50.29,1.74,good,Image quality is good. Proceed with assessment.,0
train,Other,Other train (1118).jpg,train\Other\Other train (1118).jpg,625.75,50.2,47.68,1.76,good,Image quality is good. Proceed with assessment.,0
train,Other,Other train (1119).jpg,train\Other\Other train (1119).jpg,633.11,52.04,46.12,1.78,good,Image quality is good. Proceed with assessment.,0
train,Other,Other train (112).jpg,train\Other\Other train (112).jpg,522.48,54.02,61.68,1.65,good,Image quality is good. Proceed with assessment.,0
train,Other,Other train (1120).jpg,train\Other\Other train (1120).jpg,639.03,59.65,46.01,1.82,good,Image quality is good. Proceed with assessment.,0
train,Other,Other train (1121).jpg,train\Other\Other train (1121).jpg,641.3,63.6,46.88,1.83,good,Image quality is good. Proceed with assessment.,0
train,Other,Other train (1122).jpg,train\Other\Other train (1122).jpg,642.95,64.51,46.98,1.83,good,Image quality is good. Proceed with assessment.,0
train,Other,Other train (1123).jpg,train\Other\Other train (1123).jpg,652.97,65.83,48.9,1.85,good,Image quality is good. Proceed with assessment.,0
train,Other,Other train (1124).jpg,train\Other\Other train (1124).jpg,659.09,67.98,53.79,1.87,good,Image quality is good. Proceed with assessment.,0
train,Other,Other train (1125).jpg,train\Other\Other train (1125).jpg,657.83,67.43,54.48,1.88,good,Image quality is good. Proceed with assessment.,0
train,Other,Other train (1126).jpg,train\Other\Other train (1126).jpg,635.13,65.79,52.41,1.84,good,Image quality is good. Proceed with assessment.,0
train,Other,Other train (1127).jpg,train\Other\Other train (1127).jpg,638.77,65.73,51.96,1.84,good,Image quality is good. Proceed with assessment.,0
train,Other,Other train (1128).jpg,train\Other\Other train (1128).jpg,609.22,60.07,49.91,1.77,good,Image quality is good. Proceed with assessment.,0
train,Other,Other train (1129).jpg,train\Other\Other train (1129).jpg,606.58,60.23,51.11,1.78,good,Image quality is good. Proceed with assessment.,0
train,Other,Other train (113).jpg,train\Other\Other train (113).jpg,523.59,54.52,61.79,1.65,good,Image quality is good. Proceed with assessment.,0
train,Other,Other train (1130).jpg,train\Other\Other train (1130).jpg,606.19,60.41,52.14,1.78,good,Image quality is good. Proceed with assessment.,0
train,Other,Other train (1131).jpg,train\Other\Other train (1131).jpg,604.91,60.67,52.13,1.76,good,Image quality is good. Proceed with assessment.,0
train,Other,Other train (1132).jpg,train\Other\Other train (1132).jpg,625.14,62.95,53.05,1.79,good,Image quality is good. Proceed with assessment.,0
train,Other,Other train (1133).jpg,train\Other\Other train (1133).jpg,633.81,63.35,53.75,1.82,good,Image quality is good. Proceed with assessment.,0
train,Other,Other train (1134).jpg,train\Other\Other train (1134).jpg,649.1,64.02,54.94,1.87,good,Image quality is good. Proceed with assessment.,0
train,Other,Other train (1135).jpg,train\Other\Other train (1135).jpg,618.19,59.78,57.7,1.85,good,Image quality is good. Proceed with assessment.,0
train,Other,Other train (1136).jpg,train\Other\Other train (1136).jpg,627.55,58.92,58.07,1.85,good,Image quality is good. Proceed with assessment.,0
train,Other,Other train (1137).jpg,train\Other\Other train (1137).jpg,630.53,58.71,58.27,1.86,good,Image quality is good. Proceed with assessment.,0
train,Other,Other train (1138).jpg,train\Other\Other train (1138).jpg,631.14,58.23,57.99,1.86,good,Image quality is good. Proceed with assessment.,0
train,Other,Other train (1139).jpg,train\Other\Other train (1139).jpg,610.11,58.84,56.32,1.83,good,Image quality is good. Proceed with assessment.,0
train,Other,Other train (114).jpg,train\Other\Other train (114).jpg,524.78,54.94,61.44,1.66,good,Image quality is good. Proceed with assessment.,0
train,Other,Other train (1140).jpg,train\Other\Other train (1140).jpg,612.13,59.0,56.48,1.83,good,Image quality is good. Proceed with assessment.,0
train,Other,Other train (1141).jpg,train\Other\Other train (1141).jpg,631.74,50.84,52.27,1.83,good,Image quality is good. Proceed with assessment.,0
train,Other,Other train (1142).jpg,train\Other\Other train (1142).jpg,620.49,49.27,52.26,1.82,good,Image quality is good. Proceed with assessment.,0
train,Other,Other train (1143).jpg,train\Other\Other train (1143).jpg,615.63,49.35,52.45,1.81,good,Image quality is good. Proceed with assessment.,0
train,Other,Other train (1144).jpg,train\Other\Other train (1144).jpg,611.86,50.46,53.51,1.79,good,Image quality is good. Proceed with assessment.,0
train,Other,Other train (1145).jpg,train\Other\Other train (1145).jpg,608.74,50.12,53.45,1.75,good,Image quality is good. Proceed with assessment.,0
train,Other,Other train (1146).jpg,train\Other\Other train (1146).jpg,605.71,54.66,56.12,1.76,good,Image quality is good. Proceed with assessment.,0
train,Other,Other train (1147).jpg,train\Other\Other train (1147).jpg,628.34,61.62,57.54,1.84,good,Image quality is good. Proceed with assessment.,0
train,Other,Other train (1148).jpg,train\Other\Other train (1148).jpg,623.0,60.31,57.43,1.83,good,Image quality is good. Proceed with assessment.,0
train,Other,Other train (1149).jpg,train\Other\Other train (1149).jpg,617.09,59.62,57.44,1.82,good,Image quality is good. Proceed with assessment.,0
train,Other,Other train (115).jpg,train\Other\Other train (115).jpg,524.85,54.94,61.24,1.66,good,Image quality is good. Proceed with assessment.,0
train,Other,Other train (1150).jpg,train\Other\Other train (1150).jpg,617.34,59.67,57.74,1.83,good,Image quality is good. Proceed with assessment.,0
train,Other,Other train (1151).jpg,train\Other\Other train (1151).jpg,594.16,62.54,55.59,1.81,good,Image quality is good. Proceed with assessment.,0
train,Other,Other train (1152).jpg,train\Other\Other train (1152).jpg,593.48,62.28,55.8,1.82,good,Image quality is good. Proceed with assessment.,0
train,Other,Other train (1153).jpg,train\Other\Other train (1153).jpg,598.62,62.65,56.19,1.84,good,Image quality is good. Proceed with assessment.,0
train,Other,Other train (1154).jpg,train\Other\Other train (1154).jpg,601.47,62.9,56.27,1.84,good,Image quality is good. Proceed with assessment.,0
train,Other,Other train (1155).jpg,train\Other\Other train (1155).jpg,608.67,62.67,56.24,1.85,good,Image quality is good. Proceed with assessment.,0
train,Other,Other train (1156).jpg,train\Other\Other train (1156).jpg,595.49,60.58,55.11,1.81,good,Image quality is good. Proceed with assessment.,0
train,Other,Other train (1157).jpg,train\Other\Other train (1157).jpg,593.41,59.92,55.46,1.79,good,Image quality is good. Proceed with assessment.,0
train,Other,Other train (1158).jpg,train\Other\Other train (1158).jpg,597.62,61.48,56.02,1.84,good,Image quality is good. Proceed with assessment.,0
train,Other,Other train (1159).jpg,train\Other\Other train (1159).jpg,601.14,62.11,55.01,1.85,good,Image quality is good. Proceed with assessment.,0
train,Other,Other train (116).jpg,train\Other\Other train (116).jpg,527.3,54.98,61.06,1.67,good,Image quality is good. Proceed with assessment.,0
train,Other,Other train (1160).jpg,train\Other\Other train (1160).jpg,605.25,62.18,55.28,1.84,good,Image quality is good. Proceed with assessment.,0
train,Other,Other train (1161).jpg,train\Other\Other train (1161).jpg,604.08,62.3,55.42,1.85,good,Image quality is good. Proceed with assessment.,0
train,Other,Other train (1162).jpg,train\Other\Other train (1162).jpg,602.13,62.35,55.48,1.85,good,Image quality is good. Proceed with assessment.,0
train,Other,Other train (1163).jpg,train\Other\Other train (1163).jpg,602.14,62.12,55.28,1.85,good,Image quality is good. Proceed with assessment.,0
train,Other,Other train (1164).jpg,train\Other\Other train (1164).jpg,592.64,61.55,55.44,1.83,good,Image quality is good. Proceed with assessment.,0
train,Other,Other train (1165).jpg,train\Other\Other train (1165).jpg,593.68,62.4,56.32,1.83,good,Image quality is good. Proceed with assessment.,0
train,Other,Other train (1166).jpg,train\Other\Other train (1166).jpg,608.6,62.1,55.39,1.82,good,Image quality is good. Proceed with assessment.,0
train,Other,Other train (1167).jpg,train\Other\Other train (1167).jpg,624.19,61.23,55.73,1.87,good,Image quality is good. Proceed with assessment.,0
train,Other,Other train (1168).jpg,train\Other\Other train (1168).jpg,627.19,60.47,55.48,1.87,good,Image quality is good. Proceed with assessment.,0
train,Other,Other train (1169).jpg,train\Other\Other train (1169).jpg,627.33,60.48,55.48,1.86,good,Image quality is good. Proceed with assessment.,0
train,Other,Other train (117).jpg,train\Other\Other train (117).jpg,529.36,55.18,60.66,1.66,good,Image quality is good. Proceed with assessment.,0
train,Other,Other train (1170).jpg,train\Other\Other train (1170).jpg,628.15,60.5,55.68,1.87,good,Image quality is good. Proceed with assessment.,0
train,Other,Other train (1171).jpg,train\Other\Other train (1171).jpg,632.25,60.74,55.77,1.89,good,Image quality is good. Proceed with assessment.,0
train,Other,Other train (1172).jpg,train\Other\Other train (1172).jpg,634.54,60.79,55.79,1.89,good,Image quality is good. Proceed with assessment.,0
train,Other,Other train (1173).jpg,train\Other\Other train (1173).jpg,636.38,60.84,55.76,1.9,good,Image quality is good. Proceed with assessment.,0
train,Other,Other train (1174).jpg,train\Other\Other train (1174).jpg,628.08,58.56,56.55,1.83,good,Image quality is good. Proceed with assessment.,0
train,Other,Other train (1175).jpg,train\Other\Other train (1175).jpg,631.93,60.28,57.96,1.85,good,Image quality is good. Proceed with assessment.,0
train,Other,Other train (1176).jpg,train\Other\Other train (1176).jpg,629.85,60.35,57.79,1.84,good,Image quality is good. Proceed with assessment.,0
train,Other,Other train (1177).jpg,train\Other\Other train (1177).jpg,628.82,60.43,57.82,1.85,good,Image quality is good. Proceed with assessment.,0
train,Other,Other train (1178).jpg,train\Other\Other train (1178).jpg,628.22,60.5,57.69,1.85,good,Image quality is good. Proceed with assessment.,0
train,Other,Other train (1179).jpg,train\Other\Other train (1179).jpg,601.91,30.57,43.48,1.72,good,Image quality is good. Proceed with assessment.,0
train,Other,Other train (118).jpg,train\Other\Other train (118).jpg,536.4,56.2,60.87,1.67,good,Image quality is good. Proceed with assessment.,0
train,Other,Other train (1180).jpg,train\Other\Other train (1180).jpg,629.29,31.03,42.8,1.72,good,Image quality is good. Proceed with assessment.,0
train,Other,Other train (1181).jpg,train\Other\Other train (1181).jpg,629.88,31.21,42.99,1.73,good,Image quality is good. Proceed with assessment.,0
train,Other,Other train (1182).jpg,train\Other\Other train (1182).jpg,632.16,31.43,43.42,1.73,good,Image quality is good. Proceed with assessment.,0
train,Other,Other train (1183).jpg,train\Other\Other train (1183).jpg,634.51,31.47,43.56,1.73,good,Image quality is good. Proceed with assessment.,0
train,Other,Other train (1184).jpg,train\Other\Other train (1184).jpg,637.58,31.42,43.56,1.73,good,Image quality is good. Proceed with assessment.,0
train,Other,Other train (1185).jpg,train\Other\Other train (1185).jpg,638.17,30.86,42.66,1.72,good,Image quality is good. Proceed with assessment.,0
train,Other,Other train (1186).jpg,train\Other\Other train (1186).jpg,638.34,30.36,40.17,1.74,good,Image quality is good. Proceed with assessment.,0
train,Other,Other train (1187).jpg,train\Other\Other train (1187).jpg,624.82,31.41,39.61,1.76,good,Image quality is good. Proceed with assessment.,0
train,Other,Other train (1188).jpg,train\Other\Other train (1188).jpg,642.49,32.51,40.4,1.77,good,Image quality is good. Proceed with assessment.,0
train,Other,Other train (1189).jpg,train\Other\Other train (1189).jpg,634.52,53.62,50.08,1.94,good,Image quality is good. Proceed with assessment.,0
train,Other,Other train (119).jpg,train\Other\Other train (119).jpg,526.18,51.24,53.61,1.56,good,Image quality is good. Proceed with assessment.,0
train,Other,Other train (1190).jpg,train\Other\Other train (1190).jpg,635.18,53.04,50.37,1.93,good,Image quality is good. Proceed with assessment.,0
train,Other,Other train (1191).jpg,train\Other\Other train (1191).jpg,634.6,52.64,50.29,1.93,good,Image quality is good. Proceed with assessment.,0
train,Other,Other train (1192).jpg,train\Other\Other train (1192).jpg,614.59,56.83,50.25,1.86,good,Image quality is good. Proceed with assessment.,0
train,Other,Other train (1193).jpg,train\Other\Other train (1193).jpg,616.59,55.76,50.08,1.86,good,Image quality is good. Proceed with assessment.,0
train,Other,Other train (1194).jpg,train\Other\Other train (1194).jpg,618.55,54.49,49.72,1.86,good,Image quality is good. Proceed with assessment.,0
train,Other,Other train (1195).jpg,train\Other\Other train (1195).jpg,622.23,52.75,49.47,1.88,good,Image quality is good. Proceed with assessment.,0
train,Other,Other train (1196).jpg,train\Other\Other train (1196).jpg,626.27,53.94,46.38,1.9,good,Image quality is good. Proceed with assessment.,0
train,Other,Other train (1197).jpg,train\Other\Other train (1197).jpg,623.01,53.45,46.4,1.9,good,Image quality is good. Proceed with assessment.,0
train,Other,Other train (1198).jpg,train\Other\Other train (1198).jpg,611.79,51.99,46.46,1.86,good,Image quality is good. Proceed with assessment.,0
train,Other,Other train (1199).jpg,train\Other\Other train (1199).jpg,593.15,48.9,47.46,1.85,good,Image quality is good. Proceed with assessment.,0
train,Other,Other train (12).jpg,train\Other\Other train (12).jpg,700.7,60.34,57.79,2.01,good,Image quality is good. Proceed with assessment.,0
train,Other,Other train (120).jpg,train\Other\Other train (120).jpg,539.18,47.36,51.36,1.59,good,Image quality is good. Proceed with assessment.,0
train,Other,Other train (1200).jpg,train\Other\Other train (1200).jpg,591.65,48.61,47.52,1.85,good,Image quality is good. Proceed with assessment.,0
train,Other,Other train (1201).jpg,train\Other\Other train (1201).jpg,586.34,46.68,48.14,1.81,good,Image quality is good. Proceed with assessment.,0
train,Other,Other train (1202).jpg,train\Other\Other train (1202).jpg,617.86,38.18,46.42,1.78,good,Image quality is good. Proceed with assessment.,0
train,Other,Other train (1203).jpg,train\Other\Other train (1203).jpg,621.76,36.61,46.07,1.79,good,Image quality is good. Proceed with assessment.,0
train,Other,Other train (1204).jpg,train\Other\Other train (1204).jpg,632.07,33.63,44.21,1.78,good,Image quality is good. Proceed with assessment.,0
train,Other,Other train (1205).jpg,train\Other\Other train (1205).jpg,633.72,33.42,43.9,1.79,good,Image quality is good. Proceed with assessment.,0
train,Other,Other train (1206).jpg,train\Other\Other train (1206).jpg,633.71,32.92,42.61,1.78,good,Image quality is good. Proceed with assessment.,0
train,Other,Other train (1207).jpg,train\Other\Other train (1207).jpg,635.45,30.78,40.84,1.77,good,Image quality is good. Proceed with assessment.,0
train,Other,Other train (1208).jpg,train\Other\Other train (1208).jpg,631.44,30.18,39.86,1.73,good,Image quality is good. Proceed with assessment.,0
train,Other,Other train (1209).jpg,train\Other\Other train (1209).jpg,615.01,38.23,43.15,1.77,good,Image quality is good. Proceed with assessment.,0
train,Other,Other train (121).jpg,train\Other\Other train (121).jpg,524.85,52.75,57.89,1.59,good,Image quality is good. Proceed with assessment.,0
train,Other,Other train (1210).jpg,train\Other\Other train (1210).jpg,613.3,39.54,44.05,1.77,good,Image quality is good. Proceed with assessment.,0
train,Other,Other train (1211).jpg,train\Other\Other train (1211).jpg,613.1,41.13,44.57,1.79,good,Image quality is good. Proceed with assessment.,0
train,Other,Other train (1212).jpg,train\Other\Other train (1212).jpg,614.22,43.03,44.42,1.8,good,Image quality is good. Proceed with assessment.,0
train,Other,Other train (1213).jpg,train\Other\Other train (1213).jpg,615.49,44.24,44.11,1.8,good,Image quality is good. Proceed with assessment.,0
train,Other,Other train (1214).jpg,train\Other\Other train (1214).jpg,614.66,56.99,44.31,1.85,good,Image quality is good. Proceed with assessment.,0
train,Other,Other train (1215).jpg,train\Other\Other train (1215).jpg,600.92,56.06,43.71,1.83,good,Image quality is good. Proceed with assessment.,0
train,Other,Other train (1216).jpg,train\Other\Other train (1216).jpg,563.77,45.37,45.89,1.75,good,Image quality is good. Proceed with assessment.,0
train,Other,Other train (1217).jpg,train\Other\Other train (1217).jpg,573.26,41.12,46.38,1.75,good,Image quality is good. Proceed with assessment.,0
train,Other,Other train (1218).jpg,train\Other\Other train (1218).jpg,638.54,63.11,45.62,1.91,good,Image quality is good. Proceed with assessment.,0
train,Other,Other train (1219).jpg,train\Other\Other train (1219).jpg,650.36,65.82,46.28,1.93,good,Image quality is good. Proceed with assessment.,0
train,Other,Other train (122).jpg,train\Other\Other train (122).jpg,521.62,52.6,58.38,1.57,good,Image quality is good. Proceed with assessment.,0
train,Other,Other train (1220).jpg,train\Other\Other train (1220).jpg,649.2,69.13,46.97,1.92,good,Image quality is good. Proceed with assessment.,0
train,Other,Other train (1221).jpg,train\Other\Other train (1221).jpg,651.17,75.18,49.18,1.9,good,Image quality is good. Proceed with assessment.,0
train,Other,Other train (1222).jpg,train\Other\Other train (1222).jpg,691.49,77.13,49.6,1.98,good,Image quality is good. Proceed with assessment.,0
train,Other,Other train (1223).jpg,train\Other\Other train (1223).jpg,691.24,76.29,49.14,1.98,good,Image quality is good. Proceed with assessment.,0
train,Other,Other train (1224).jpg,train\Other\Other train (1224).jpg,690.05,75.4,48.69,1.99,good,Image quality is good. Proceed with assessment.,0
train,Other,Other train (1225).jpg,train\Other\Other train (1225).jpg,676.43,71.17,45.94,1.97,good,Image quality is good. Proceed with assessment.,0
train,Other,Other train (1226).jpg,train\Other\Other train (1226).jpg,654.5,66.66,42.9,1.94,good,Image quality is good. Proceed with assessment.,0
train,Other,Other train (1227).jpg,train\Other\Other train (1227).jpg,650.67,66.1,42.23,1.94,good,Image quality is good. Proceed with assessment.,0
train,Other,Other train (1228).jpg,train\Other\Other train (1228).jpg,623.55,63.09,40.58,1.9,good,Image quality is good. Proceed with assessment.,0
train,Other,Other train (1229).jpg,train\Other\Other train (1229).jpg,609.32,63.14,43.54,1.9,good,Image quality is good. Proceed with assessment.,0
train,Other,Other train (123).jpg,train\Other\Other train (123).jpg,522.76,53.18,59.53,1.58,good,Image quality is good. Proceed with assessment.,0
train,Other,Other train (1230).jpg,train\Other\Other train (1230).jpg,610.34,62.41,43.89,1.89,good,Image quality is good. Proceed with assessment.,0
train,Other,Other train (1231).jpg,train\Other\Other train (1231).jpg,612.75,62.13,43.65,1.89,good,Image quality is good. Proceed with assessment.,0
train,Other,Other train (1232).jpg,train\Other\Other train (1232).jpg,623.89,61.19,42.45,1.9,good,Image quality is good. Proceed with assessment.,0
train,Other,Other train (1233).jpg,train\Other\Other train (1233).jpg,648.08,60.54,41.79,1.91,good,Image quality is good. Proceed with assessment.,0
train,Other,Other train (1234).jpg,train\Other\Other train (1234).jpg,650.41,65.87,42.91,1.88,good,Image quality is good. Proceed with assessment.,0
train,Other,Other train (1235).jpg,train\Other\Other train (1235).jpg,639.62,67.57,43.1,1.86,good,Image quality is good. Proceed with assessment.,0
train,Other,Other train (1236).jpg,train\Other\Other train (1236).jpg,638.0,69.0,44.0,1.87,good,Image quality is good. Proceed with assessment.,0
train,Other,Other train (1237).jpg,train\Other\Other train (1237).jpg,631.06,72.03,46.1,1.89,good,Image quality is good. Proceed with assessment.,0
train,Other,Other train (1238).jpg,train\Other\Other train (1238).jpg,627.9,72.43,46.23,1.89,good,Image quality is good. Proceed with assessment.,0
train,Other,Other train (1239).jpg,train\Other\Other train (1239).jpg,626.06,72.44,46.05,1.89,good,Image quality is good. Proceed with assessment.,0
train,Other,Other train (124).jpg,train\Other\Other train (124).jpg,522.03,53.68,60.66,1.6,good,Image quality is good. Proceed with assessment.,0
train,Other,Other train (1240).jpg,train\Other\Other train (1240).jpg,625.96,72.57,45.92,1.89,good,Image quality is good. Proceed with assessment.,0
train,Other,Other train (1241).jpg,train\Other\Other train (1241).jpg,623.81,72.6,45.35,1.89,good,Image quality is good. Proceed with assessment.,0
train,Other,Other train (1242).jpg,train\Other\Other train (1242).jpg,631.66,71.23,42.79,1.9,good,Image quality is good. Proceed with assessment.,0
train,Other,Other train (1243).jpg,train\Other\Other train (1243).jpg,640.13,68.94,41.5,1.9,good,Image quality is good. Proceed with assessment.,0
train,Other,Other train (1244).jpg,train\Other\Other train (1244).jpg,645.76,68.9,43.25,1.94,good,Image quality is good. Proceed with assessment.,0
train,Other,Other train (1245).jpg,train\Other\Other train (1245).jpg,640.14,69.36,45.01,1.95,good,Image quality is good. Proceed with assessment.,0
train,Other,Other train (1246).jpg,train\Other\Other train (1246).jpg,640.23,69.42,45.44,1.95,good,Image quality is good. Proceed with assessment.,0
train,Other,Other train (1247).jpg,train\Other\Other train (1247).jpg,640.54,69.47,45.88,1.96,good,Image quality is good. Proceed with assessment.,0
train,Other,Other train (1248).jpg,train\Other\Other train (1248).jpg,638.35,69.47,47.45,1.97,good,Image quality is good. Proceed with assessment.,0
train,Other,Other train (1249).jpg,train\Other\Other train (1249).jpg,627.73,50.6,40.8,1.96,good,Image quality is good. Proceed with assessment.,0
train,Other,Other train (125).jpg,train\Other\Other train (125).jpg,517.67,53.86,61.11,1.62,good,Image quality is good. Proceed with assessment.,0
train,Other,Other train (1250).jpg,train\Other\Other train (1250).jpg,620.23,51.33,39.85,1.97,good,Image quality is good. Proceed with assessment.,0
train,Other,Other train (1251).jpg,train\Other\Other train (1251).jpg,608.45,51.6,39.8,1.96,good,Image quality is good. Proceed with assessment.,0
train,Other,Other train (1252).jpg,train\Other\Other train (1252).jpg,610.28,52.04,39.46,1.96,good,Image quality is good. Proceed with assessment.,0
train,Other,Other train (1253).jpg,train\Other\Other train (1253).jpg,607.37,52.49,39.28,1.95,good,Image quality is good. Proceed with assessment.,0
train,Other,Other train (1254).jpg,train\Other\Other train (1254).jpg,604.35,52.8,39.23,1.95,good,Image quality is good. Proceed with assessment.,0
train,Other,Other train (1255).jpg,train\Other\Other train (1255).jpg,602.81,52.94,39.28,1.95,good,Image quality is good. Proceed with assessment.,0
train,Other,Other train (1256).jpg,train\Other\Other train (1256).jpg,596.9,53.49,39.01,1.95,good,Image quality is good. Proceed with assessment.,0
train,Other,Other train (1257).jpg,train\Other\Other train (1257).jpg,588.61,54.95,40.26,1.96,good,Image quality is good. Proceed with assessment.,0
train,Other,Other train (1258).jpg,train\Other\Other train (1258).jpg,585.11,55.01,40.46,1.93,good,Image quality is good. Proceed with assessment.,0
train,Other,Other train (1259).jpg,train\Other\Other train (1259).jpg,586.92,54.79,40.18,1.92,good,Image quality is good. Proceed with assessment.,0
train,Other,Other train (126).jpg,train\Other\Other train (126).jpg,510.05,53.83,60.02,1.59,good,Image quality is good. Proceed with assessment.,0
train,Other,Other train (1260).jpg,train\Other\Other train (1260).jpg,616.15,49.68,39.16,1.93,good,Image quality is good. Proceed with assessment.,0
train,Other,Other train (1261).jpg,train\Other\Other train (1261).jpg,621.66,50.56,43.6,1.98,good,Image quality is good. Proceed with assessment.,0
train,Other,Other train (1262).jpg,train\Other\Other train (1262).jpg,659.88,73.14,59.87,1.99,good,Image quality is good. Proceed with assessment.,0
train,Other,Other train (1263).jpg,train\Other\Other train (1263).jpg,660.61,73.21,60.04,1.99,good,Image quality is good. Proceed with assessment.,0
train,Other,Other train (1264).jpg,train\Other\Other train (1264).jpg,670.4,72.46,60.67,2.01,good,Image quality is good. Proceed with assessment.,0
train,Other,Other train (1265).jpg,train\Other\Other train (1265).jpg,673.62,72.59,60.96,2.02,good,Image quality is good. Proceed with assessment.,0
train,Other,Other train (1266).jpg,train\Other\Other train (1266).jpg,674.1,72.67,61.09,2.02,good,Image quality is good. Proceed with assessment.,0
train,Other,Other train (1267).jpg,train\Other\Other train (1267).jpg,674.36,72.53,61.21,2.02,good,Image quality is good. Proceed with assessment.,0
train,Other,Other train (1268).jpg,train\Other\Other train (1268).jpg,672.87,72.55,61.38,2.02,good,Image quality is good. Proceed with assessment.,0
train,Other,Other train (1269).jpg,train\Other\Other train (1269).jpg,656.61,66.96,55.23,2.12,good,Image quality is good. Proceed with assessment.,0
train,Other,Other train (127).jpg,train\Other\Other train (127).jpg,511.84,54.17,58.18,1.58,good,Image quality is good. Proceed with assessment.,0
train,Other,Other train (1270).jpg,train\Other\Other train (1270).jpg,654.75,71.44,53.26,2.14,good,Image quality is good. Proceed with assessment.,0
train,Other,Other train (1271).jpg,train\Other\Other train (1271).jpg,656.08,73.09,53.11,2.14,good,Image quality is good. Proceed with assessment.,0
train,Other,Other train (1272).jpg,train\Other\Other train (1272).jpg,651.33,75.39,57.11,2.1,good,Image quality is good. Proceed with assessment.,0
train,Other,Other train (1273).jpg,train\Other\Other train (1273).jpg,666.11,76.07,56.03,2.09,good,Image quality is good. Proceed with assessment.,0
train,Other,Other train (1274).jpg,train\Other\Other train (1274).jpg,665.83,75.38,54.27,2.09,good,Image quality is good. Proceed with assessment.,0
train,Other,Other train (1275).jpg,train\Other\Other train (1275).jpg,681.64,79.3,54.13,2.16,good,Image quality is good. Proceed with assessment.,0
train,Other,Other train (1276).jpg,train\Other\Other train (1276).jpg,682.26,79.49,54.0,2.16,good,Image quality is good. Proceed with assessment.,0
train,Other,Other train (1277).jpg,train\Other\Other train (1277).jpg,685.34,80.02,54.3,2.18,good,Image quality is good. Proceed with assessment.,0
train,Other,Other train (1278).jpg,train\Other\Other train (1278).jpg,689.31,80.95,55.28,2.21,good,Image quality is good. Proceed with assessment.,0
train,Other,Other train (1279).jpg,train\Other\Other train (1279).jpg,687.18,81.23,55.37,2.2,good,Image quality is good. Proceed with assessment.,0
train,Other,Other train (128).jpg,train\Other\Other train (128).jpg,499.36,47.13,53.3,1.56,good,Image quality is good. Proceed with assessment.,0
train,Other,Other train (1280).jpg,train\Other\Other train (1280).jpg,678.41,81.37,55.4,2.18,good,Image quality is good. Proceed with assessment.,0
train,Other,Other train (1281).jpg,train\Other\Other train (1281).jpg,680.65,81.36,55.39,2.18,good,Image quality is good. Proceed with assessment.,0
train,Other,Other train (1282).jpg,train\Other\Other train (1282).jpg,675.74,81.52,55.29,2.18,good,Image quality is good. Proceed with assessment.,0
train,Other,Other train (1283).jpg,train\Other\Other train (1283).jpg,675.05,81.49,55.04,2.18,good,Image quality is good. Proceed with assessment.,0
train,Other,Other train (1284).jpg,train\Other\Other train (1284).jpg,672.89,81.56,54.93,2.18,good,Image quality is good. Proceed with assessment.,0
train,Other,Other train (1285).jpg,train\Other\Other train (1285).jpg,672.05,81.61,54.98,2.19,good,Image quality is good. Proceed with assessment.,0
train,Other,Other train (1286).jpg,train\Other\Other train (1286).jpg,669.6,81.08,54.98,2.19,good,Image quality is good. Proceed with assessment.,0
train,Other,Other train (1287).jpg,train\Other\Other train (1287).jpg,668.79,81.01,54.83,2.18,good,Image quality is good. Proceed with assessment.,0
train,Other,Other train (1288).jpg,train\Other\Other train (1288).jpg,669.5,80.8,54.58,2.17,good,Image quality is good. Proceed with assessment.,0
train,Other,Other train (1289).jpg,train\Other\Other train (1289).jpg,669.81,80.51,54.24,2.16,good,Image quality is good. Proceed with assessment.,0
train,Other,Other train (129).jpg,train\Other\Other train (129).jpg,501.67,48.5,55.03,1.58,good,Image quality is good. Proceed with assessment.,0
train,Other,Other train (1290).jpg,train\Other\Other train (1290).jpg,661.96,78.98,54.36,2.15,good,Image quality is good. Proceed with assessment.,0
train,Other,Other train (1291).jpg,train\Other\Other train (1291).jpg,660.18,78.7,54.42,2.16,good,Image quality is good. Proceed with assessment.,0
train,Other,Other train (1292).jpg,train\Other\Other train (1292).jpg,635.15,77.25,56.01,2.12,good,Image quality is good. Proceed with assessment.,0
train,Other,Other train (1293).jpg,train\Other\Other train (1293).jpg,634.11,77.25,56.11,2.12,good,Image quality is good. Proceed with assessment.,0
train,Other,Other train (1294).jpg,train\Other\Other train (1294).jpg,631.47,78.37,58.09,2.12,good,Image quality is good. Proceed with assessment.,0
train,Other,Other train (1295).jpg,train\Other\Other train (1295).jpg,638.62,78.99,59.36,2.14,good,Image quality is good. Proceed with assessment.,0
train,Other,Other train (1296).jpg,train\Other\Other train (1296).jpg,639.3,79.24,59.84,2.15,good,Image quality is good. Proceed with assessment.,0
train,Other,Other train (1297).jpg,train\Other\Other train (1297).jpg,616.27,74.88,56.41,2.03,good,Image quality is good. Proceed with assessment.,0
train,Other,Other train (1298).jpg,train\Other\Other train (1298).jpg,615.47,70.72,56.37,2.01,good,Image quality is good. Proceed with assessment.,0
train,Other,Other train (1299).jpg,train\Other\Other train (1299).jpg,616.69,69.98,56.63,2.01,good,Image quality is good. Proceed with assessment.,0
train,Other,Other train (13).jpg,train\Other\Other train (13).jpg,694.35,60.93,58.23,1.99,good,Image quality is good. Proceed with assessment.,0
train,Other,Other train (130).jpg,train\Other\Other train (130).jpg,523.99,47.97,56.52,1.61,good,Image quality is good. Proceed with assessment.,0
train,Other,Other train (1300).jpg,train\Other\Other train (1300).jpg,664.87,69.57,58.65,2.05,good,Image quality is good. Proceed with assessment.,0
train,Other,Other train (1301).jpg,train\Other\Other train (1301).jpg,644.28,72.26,55.79,2.14,good,Image quality is good. Proceed with assessment.,0
train,Other,Other train (1302).jpg,train\Other\Other train (1302).jpg,687.27,73.66,54.42,2.1,good,Image quality is good. Proceed with assessment.,0
train,Other,Other train (1303).jpg,train\Other\Other train (1303).jpg,682.76,78.91,56.2,2.14,good,Image quality is good. Proceed with assessment.,0
train,Other,Other train (1304).jpg,train\Other\Other train (1304).jpg,682.71,80.07,56.34,2.14,good,Image quality is good. Proceed with assessment.,0
train,Other,Other train (1305).jpg,train\Other\Other train (1305).jpg,686.13,80.54,56.52,2.15,good,Image quality is good. Proceed with assessment.,0
train,Other,Other train (1306).jpg,train\Other\Other train (1306).jpg,686.81,81.27,56.78,2.18,good,Image quality is good. Proceed with assessment.,0
train,Other,Other train (1307).jpg,train\Other\Other train (1307).jpg,683.05,81.3,56.5,2.16,good,Image quality is good. Proceed with assessment.,0
train,Other,Other train (1308).jpg,train\Other\Other train (1308).jpg,676.73,81.02,54.65,2.14,good,Image quality is good. Proceed with assessment.,0
train,Other,Other train (1309).jpg,train\Other\Other train (1309).jpg,666.61,79.33,54.43,2.12,good,Image quality is good. Proceed with assessment.,0
train,Other,Other train (131).jpg,train\Other\Other train (131).jpg,529.62,47.95,57.21,1.62,good,Image quality is good. Proceed with assessment.,0
train,Other,Other train (1310).jpg,train\Other\Other train (1310).jpg,662.95,76.61,55.03,2.15,good,Image quality is good. Proceed with assessment.,0
train,Other,Other train (1311).jpg,train\Other\Other train (1311).jpg,661.64,74.01,53.45,2.13,good,Image quality is good. Proceed with assessment.,0
train,Other,Other train (1312).jpg,train\Other\Other train (1312).jpg,681.61,72.44,56.94,2.13,good,Image quality is good. Proceed with assessment.,0
train,Other,Other train (1313).jpg,train\Other\Other train (1313).jpg,683.86,72.6,58.25,2.13,good,Image quality is good. Proceed with assessment.,0
train,Other,Other train (1314).jpg,train\Other\Other train (1314).jpg,682.87,72.71,57.88,2.1,good,Image quality is good. Proceed with assessment.,0
train,Other,Other train (1315).jpg,train\Other\Other train (1315).jpg,687.52,72.65,58.67,2.12,good,Image quality is good. Proceed with assessment.,0
train,Other,Other train (1316).jpg,train\Other\Other train (1316).jpg,688.55,72.35,58.8,2.12,good,Image quality is good. Proceed with assessment.,0
train,Other,Other train (1317).jpg,train\Other\Other train (1317).jpg,685.64,72.09,58.9,2.11,good,Image quality is good. Proceed with assessment.,0
train,Other,Other train (1318).jpg,train\Other\Other train (1318).jpg,682.4,72.09,58.88,2.1,good,Image quality is good. Proceed with assessment.,0
train,Other,Other train (1319).jpg,train\Other\Other train (1319).jpg,678.39,72.62,59.77,2.11,good,Image quality is good. Proceed with assessment.,0
train,Other,Other train (132).jpg,train\Other\Other train (132).jpg,524.62,48.18,57.27,1.61,good,Image quality is good. Proceed with assessment.,0
train,Other,Other train (1320).jpg,train\Other\Other train (1320).jpg,678.56,72.77,59.82,2.11,good,Image quality is good. Proceed with assessment.,0
train,Other,Other train (1321).jpg,train\Other\Other train (1321).jpg,675.63,72.4,60.61,2.12,good,Image quality is good. Proceed with assessment.,0
train,Other,Other train (1322).jpg,train\Other\Other train (1322).jpg,677.83,72.15,60.72,2.12,good,Image quality is good. Proceed with assessment.,0
train,Other,Other train (1323).jpg,train\Other\Other train (1323).jpg,678.1,71.78,60.83,2.12,good,Image quality is good. Proceed with assessment.,0
train,Other,Other train (1324).jpg,train\Other\Other train (1324).jpg,684.39,68.82,60.78,2.11,good,Image quality is good. Proceed with assessment.,0
train,Other,Other train (1325).jpg,train\Other\Other train (1325).jpg,682.94,68.55,61.0,2.11,good,Image quality is good. Proceed with assessment.,0
train,Other,Other train (1326).jpg,train\Other\Other train (1326).jpg,675.86,68.52,61.27,2.1,good,Image quality is good. Proceed with assessment.,0
train,Other,Other train (1327).jpg,train\Other\Other train (1327).jpg,413.28,41.56,51.9,1.35,good,Image quality is good. Proceed with assessment.,0
train,Other,Other train (1328).jpg,train\Other\Other train (1328).jpg,414.66,41.98,52.43,1.33,good,Image quality is good. Proceed with assessment.,0
train,Other,Other train (1329).jpg,train\Other\Other train (1329).jpg,413.08,40.88,52.29,1.31,good,Image quality is good. Proceed with assessment.,0
train,Other,Other train (133).jpg,train\Other\Other train (133).jpg,520.81,47.82,57.53,1.6,good,Image quality is good. Proceed with assessment.,0
train,Other,Other train (1330).jpg,train\Other\Other train (1330).jpg,417.03,39.67,50.55,1.32,good,Image quality is good. Proceed with assessment.,0
train,Other,Other train (1331).jpg,train\Other\Other train (1331).jpg,407.73,37.7,47.7,1.32,good,Image quality is good. Proceed with assessment.,0
train,Other,Other train (1332).jpg,train\Other\Other train (1332).jpg,407.33,37.61,47.5,1.32,good,Image quality is good. Proceed with assessment.,0
train,Other,Other train (1333).jpg,train\Other\Other train (1333).jpg,403.04,40.31,50.76,1.28,good,Image quality is good. Proceed with assessment.,0
train,Other,Other train (1334).jpg,train\Other\Other train (1334).jpg,409.75,40.96,51.47,1.34,good,Image quality is good. Proceed with assessment.,0
train,Other,Other train (1335).jpg,train\Other\Other train (1335).jpg,416.83,40.87,51.15,1.34,good,Image quality is good. Proceed with assessment.,0
train,Other,Other train (1336).jpg,train\Other\Other train (1336).jpg,404.33,40.95,50.94,1.31,good,Image quality is good. Proceed with assessment.,0
train,Other,Other train (1337).jpg,train\Other\Other train (1337).jpg,400.21,40.95,52.3,1.34,good,Image quality is good. Proceed with assessment.,0
train,Other,Other train (1338).jpg,train\Other\Other train (1338).jpg,399.64,40.58,51.5,1.33,good,Image quality is good. Proceed with assessment.,0
train,Other,Other train (1339).jpg,train\Other\Other train (1339).jpg,396.35,40.12,50.59,1.32,good,Image quality is good. Proceed with assessment.,0
train,Other,Other train (134).jpg,train\Other\Other train (134).jpg,516.7,47.48,56.52,1.59,good,Image quality is good. Proceed with assessment.,0
train,Other,Other train (1340).jpg,train\Other\Other train (1340).jpg,388.34,34.86,44.54,1.26,good,Image quality is good. Proceed with assessment.,0
train,Other,Other train (1341).jpg,train\Other\Other train (1341).jpg,388.46,33.91,45.07,1.24,good,Image quality is good. Proceed with assessment.,0
train,Other,Other train (1342).jpg,train\Other\Other train (1342).jpg,402.21,39.19,50.38,1.33,good,Image quality is good. Proceed with assessment.,0
train,Other,Other train (1343).jpg,train\Other\Other train (1343).jpg,402.03,40.3,51.4,1.35,good,Image quality is good. Proceed with assessment.,0
train,Other,Other train (1344).jpg,train\Other\Other train (1344).jpg,412.95,43.43,53.22,1.4,good,Image quality is good. Proceed with assessment.,0
train,Other,Other train (1345).jpg,train\Other\Other train (1345).jpg,423.07,43.39,53.58,1.38,good,Image quality is good. Proceed with assessment.,0
train,Other,Other train (1346).jpg,train\Other\Other train (1346).jpg,413.31,43.02,52.18,1.37,good,Image quality is good. Proceed with assessment.,0
train,Other,Other train (1347).jpg,train\Other\Other train (1347).jpg,413.91,43.01,52.21,1.37,good,Image quality is good. Proceed with assessment.,0
train,Other,Other train (1348).jpg,train\Other\Other train (1348).jpg,413.23,43.01,52.41,1.37,good,Image quality is good. Proceed with assessment.,0
train,Other,Other train (1349).jpg,train\Other\Other train (1349).jpg,413.22,43.48,52.82,1.37,good,Image quality is good. Proceed with assessment.,0
train,Other,Other train (135).jpg,train\Other\Other train (135).jpg,515.47,47.43,56.49,1.59,good,Image quality is good. Proceed with assessment.,0
train,Other,Other train (1350).jpg,train\Other\Other train (1350).jpg,411.25,43.14,52.66,1.36,good,Image quality is good. Proceed with assessment.,0
train,Other,Other train (1351).jpg,train\Other\Other train (1351).jpg,410.84,42.71,52.69,1.36,good,Image quality is good. Proceed with assessment.,0
train,Other,Other train (1352).jpg,train\Other\Other train (1352).jpg,412.9,43.24,53.3,1.36,good,Image quality is good. Proceed with assessment.,0
train,Other,Other train (1353).jpg,train\Other\Other train (1353).jpg,404.07,42.66,52.15,1.33,good,Image quality is good. Proceed with assessment.,0
train,Other,Other train (1354).jpg,train\Other\Other train (1354).jpg,406.28,43.38,53.32,1.34,good,Image quality is good. Proceed with assessment.,0
train,Other,Other train (1355).jpg,train\Other\Other train (1355).jpg,670.83,90.59,56.2,1.98,good,Image quality is good. Proceed with assessment.,0
train,Other,Other train (1356).jpg,train\Other\Other train (1356).jpg,670.89,90.69,56.13,1.98,good,Image quality is good. Proceed with assessment.,0
train,Other,Other train (1357).jpg,train\Other\Other train (1357).jpg,670.81,90.87,56.35,1.98,good,Image quality is good. Proceed with assessment.,0
train,Other,Other train (1358).jpg,train\Other\Other train (1358).jpg,672.19,91.18,56.56,1.99,good,Image quality is good. Proceed with assessment.,0
train,Other,Other train (1359).jpg,train\Other\Other train (1359).jpg,671.46,91.31,56.63,1.99,good,Image quality is good. Proceed with assessment.,0
train,Other,Other train (136).jpg,train\Other\Other train (136).jpg,531.75,53.74,60.05,1.65,good,Image quality is good. Proceed with assessment.,0
train,Other,Other train (1360).jpg,train\Other\Other train (1360).jpg,670.95,92.06,56.79,1.99,good,Image quality is good. Proceed with assessment.,0
train,Other,Other train (1361).jpg,train\Other\Other train (1361).jpg,657.59,91.35,56.71,1.96,good,Image quality is good. Proceed with assessment.,0
train,Other,Other train (1362).jpg,train\Other\Other train (1362).jpg,693.0,85.17,58.47,2.02,good,Image quality is good. Proceed with assessment.,0
train,Other,Other train (1363).jpg,train\Other\Other train (1363).jpg,566.84,68.87,51.87,1.98,good,Image quality is good. Proceed with assessment.,0
train,Other,Other train (1364).jpg,train\Other\Other train (1364).jpg,569.35,69.22,52.01,1.99,good,Image quality is good. Proceed with assessment.,0
train,Other,Other train (1365).jpg,train\Other\Other train (1365).jpg,568.81,69.4,52.16,1.99,good,Image quality is good. Proceed with assessment.,0
train,Other,Other train (1366).jpg,train\Other\Other train (1366).jpg,558.8,68.77,52.06,1.97,good,Image quality is good. Proceed with assessment.,0
train,Other,Other train (1367).jpg,train\Other\Other train (1367).jpg,558.14,68.34,52.07,1.99,good,Image quality is good. Proceed with assessment.,0
train,Other,Other train (1368).jpg,train\Other\Other train (1368).jpg,558.59,68.3,52.06,1.99,good,Image quality is good. Proceed with assessment.,0
train,Other,Other train (1369).jpg,train\Other\Other train (1369).jpg,655.91,66.35,72.31,1.77,good,Image quality is good. Proceed with assessment.,0
train,Other,Other train (137).jpg,train\Other\Other train (137).jpg,536.56,54.6,60.91,1.65,good,Image quality is good. Proceed with assessment.,0
train,Other,Other train (1370).jpg,train\Other\Other train (1370).jpg,658.96,66.22,72.27,1.77,good,Image quality is good. Proceed with assessment.,0
train,Other,Other train (1371).jpg,train\Other\Other train (1371).jpg,626.23,66.01,70.76,1.78,good,Image quality is good. Proceed with assessment.,0
train,Other,Other train (1372).jpg,train\Other\Other train (1372).jpg,635.42,65.05,69.78,1.8,good,Image quality is good. Proceed with assessment.,0
train,Other,Other train (1373).jpg,train\Other\Other train (1373).jpg,637.04,65.0,69.83,1.8,good,Image quality is good. Proceed with assessment.,0
train,Other,Other train (1374).jpg,train\Other\Other train (1374).jpg,638.9,67.52,70.95,1.79,good,Image quality is good. Proceed with assessment.,0
train,Other,Other train (1375).jpg,train\Other\Other train (1375).jpg,627.57,66.74,70.94,1.8,good,Image quality is good. Proceed with assessment.,0
train,Other,Other train (1376).jpg,train\Other\Other train (1376).jpg,612.54,66.31,71.04,1.77,good,Image quality is good. Proceed with assessment.,0
train,Other,Other train (1377).jpg,train\Other\Other train (1377).jpg,641.33,65.15,69.15,1.74,good,Image quality is good. Proceed with assessment.,0
train,Other,Other train (1378).jpg,train\Other\Other train (1378).jpg,632.87,66.37,61.49,1.7,good,Image quality is good. Proceed with assessment.,0
train,Other,Other train (1379).jpg,train\Other\Other train (1379).jpg,662.47,67.9,68.06,1.8,good,Image quality is good. Proceed with assessment.,0
train,Other,Other train (138).jpg,train\Other\Other train (138).jpg,539.81,54.74,60.87,1.63,good,Image quality is good. Proceed with assessment.,0
train,Other,Other train (1380).jpg,train\Other\Other train (1380).jpg,668.7,68.03,68.42,1.8,good,Image quality is good. Proceed with assessment.,0
train,Other,Other train (1381).jpg,train\Other\Other train (1381).jpg,675.11,68.27,68.99,1.81,good,Image quality is good. Proceed with assessment.,0
train,Other,Other train (1382).jpg,train\Other\Other train (1382).jpg,681.9,67.53,70.19,1.81,good,Image quality is good. Proceed with assessment.,0
train,Other,Other train (1383).jpg,train\Other\Other train (1383).jpg,683.61,66.8,70.38,1.81,good,Image quality is good. Proceed with assessment.,0
train,Other,Other train (1384).jpg,train\Other\Other train (1384).jpg,670.37,65.17,70.91,1.79,good,Image quality is good. Proceed with assessment.,0
train,Other,Other train (1385).jpg,train\Other\Other train (1385).jpg,671.3,65.04,70.87,1.78,good,Image quality is good. Proceed with assessment.,0
train,Other,Other train (1386).jpg,train\Other\Other train (1386).jpg,676.32,65.08,70.43,1.79,good,Image quality is good. Proceed with assessment.,0
train,Other,Other train (1387).jpg,train\Other\Other train (1387).jpg,670.36,64.36,69.48,1.79,good,Image quality is good. Proceed with assessment.,0
train,Other,Other train (1388).jpg,train\Other\Other train (1388).jpg,665.23,64.11,69.15,1.79,good,Image quality is good. Proceed with assessment.,0
train,Other,Other train (1389).jpg,train\Other\Other train (1389).jpg,664.1,66.14,67.34,1.8,good,Image quality is good. Proceed with assessment.,0
train,Other,Other train (139).jpg,train\Other\Other train (139).jpg,540.57,54.88,60.92,1.63,good,Image quality is good. Proceed with assessment.,0
train,Other,Other train (1390).jpg,train\Other\Other train (1390).jpg,661.77,65.93,66.77,1.79,good,Image quality is good. Proceed with assessment.,0
train,Other,Other train (1391).jpg,train\Other\Other train (1391).jpg,656.65,65.19,66.23,1.79,good,Image quality is good. Proceed with assessment.,0
train,Other,Other train (1392).jpg,train\Other\Other train (1392).jpg,655.19,64.99,66.09,1.79,good,Image quality is good. Proceed with assessment.,0
train,Other,Other train (1393).jpg,train\Other\Other train (1393).jpg,656.47,64.67,66.05,1.78,good,Image quality is good. Proceed with assessment.,0
train,Other,Other train (1394).jpg,train\Other\Other train (1394).jpg,655.99,64.41,66.48,1.77,good,Image quality is good. Proceed with assessment.,0
train,Other,Other train (1395).jpg,train\Other\Other train (1395).jpg,662.83,64.58,67.99,1.77,good,Image quality is good. Proceed with assessment.,0
train,Other,Other train (1396).jpg,train\Other\Other train (1396).jpg,654.46,64.53,68.51,1.77,good,Image quality is good. Proceed with assessment.,0
train,Other,Other train (1397).jpg,train\Other\Other train (1397).jpg,663.99,64.4,68.48,1.78,good,Image quality is good. Proceed with assessment.,0
train,Other,Other train (1398).jpg,train\Other\Other train (1398).jpg,667.01,64.34,68.54,1.78,good,Image quality is good. Proceed with assessment.,0
train,Other,Other train (1399).jpg,train\Other\Other train (1399).jpg,673.5,64.52,68.89,1.79,good,Image quality is good. Proceed with assessment.,0
train,Other,Other train (14).jpg,train\Other\Other train (14).jpg,693.08,62.15,59.17,2.0,good,Image quality is good. Proceed with assessment.,0
train,Other,Other train (140).jpg,train\Other\Other train (140).jpg,537.33,55.04,61.76,1.65,good,Image quality is good. Proceed with assessment.,0
train,Other,Other train (1400).jpg,train\Other\Other train (1400).jpg,672.38,65.28,69.39,1.79,good,Image quality is good. Proceed with assessment.,0
train,Other,Other train (1401).jpg,train\Other\Other train (1401).jpg,668.3,64.93,69.19,1.78,good,Image quality is good. Proceed with assessment.,0
train,Other,Other train (1402).jpg,train\Other\Other train (1402).jpg,671.17,64.97,68.96,1.78,good,Image quality is good. Proceed with assessment.,0
train,Other,Other train (1403).jpg,train\Other\Other train (1403).jpg,681.12,67.19,69.07,1.79,good,Image quality is good. Proceed with assessment.,0
train,Other,Other train (1404).jpg,train\Other\Other train (1404).jpg,684.49,67.75,69.26,1.8,good,Image quality is good. Proceed with assessment.,0
train,Other,Other train (1405).jpg,train\Other\Other train (1405).jpg,683.77,68.41,68.13,1.82,good,Image quality is good. Proceed with assessment.,0
train,Other,Other train (1406).jpg,train\Other\Other train (1406).jpg,682.15,68.76,67.67,1.83,good,Image quality is good. Proceed with assessment.,0
train,Other,Other train (1407).jpg,train\Other\Other train (1407).jpg,657.66,68.52,67.5,1.8,good,Image quality is good. Proceed with assessment.,0
train,Other,Other train (1408).jpg,train\Other\Other train (1408).jpg,694.17,68.51,68.98,1.83,good,Image quality is good. Proceed with assessment.,0
train,Other,Other train (1409).jpg,train\Other\Other train (1409).jpg,699.67,69.34,70.0,1.84,good,Image quality is good. Proceed with assessment.,0
train,Other,Other train (141).jpg,train\Other\Other train (141).jpg,532.48,55.07,62.03,1.64,good,Image quality is good. Proceed with assessment.,0
train,Other,Other train (1410).jpg,train\Other\Other train (1410).jpg,698.9,69.28,70.12,1.83,good,Image quality is good. Proceed with assessment.,0
train,Other,Other train (1411).jpg,train\Other\Other train (1411).jpg,698.13,69.21,70.23,1.83,good,Image quality is good. Proceed with assessment.,0
train,Other,Other train (1412).jpg,train\Other\Other train (1412).jpg,702.55,69.13,70.33,1.83,good,Image quality is good. Proceed with assessment.,0
train,Other,Other train (1413).jpg,train\Other\Other train (1413).jpg,703.76,69.06,70.48,1.83,good,Image quality is good. Proceed with assessment.,0
train,Other,Other train (1414).jpg,train\Other\Other train (1414).jpg,629.65,62.78,68.01,1.76,good,Image quality is good. Proceed with assessment.,0
train,Other,Other train (1415).jpg,train\Other\Other train (1415).jpg,630.57,62.56,68.0,1.77,good,Image quality is good. Proceed with assessment.,0
train,Other,Other train (1416).jpg,train\Other\Other train (1416).jpg,634.71,62.17,67.84,1.78,good,Image quality is good. Proceed with assessment.,0
train,Other,Other train (1417).jpg,train\Other\Other train (1417).jpg,616.62,60.81,66.37,1.78,good,Image quality is good. Proceed with assessment.,0
train,Other,Other train (1418).jpg,train\Other\Other train (1418).jpg,613.78,60.75,66.33,1.78,good,Image quality is good. Proceed with assessment.,0
train,Other,Other train (1419).jpg,train\Other\Other train (1419).jpg,612.97,60.63,66.24,1.78,good,Image quality is good. Proceed with assessment.,0
train,Other,Other train (142).jpg,train\Other\Other train (142).jpg,536.45,55.07,62.05,1.65,good,Image quality is good. Proceed with assessment.,0
train,Other,Other train (1420).jpg,train\Other\Other train (1420).jpg,612.29,60.04,65.25,1.77,good,Image quality is good. Proceed with assessment.,0
train,Other,Other train (1421).jpg,train\Other\Other train (1421).jpg,624.26,61.67,66.81,1.79,good,Image quality is good. Proceed with assessment.,0
train,Other,Other train (1422).jpg,train\Other\Other train (1422).jpg,634.31,62.42,69.2,1.78,good,Image quality is good. Proceed with assessment.,0
train,Other,Other train (1423).jpg,train\Other\Other train (1423).jpg,641.93,62.39,69.75,1.79,good,Image quality is good. Proceed with assessment.,0
train,Other,Other train (1424).jpg,train\Other\Other train (1424).jpg,567.07,45.82,46.05,1.96,good,Image quality is good. Proceed with assessment.,0
train,Other,Other train (1425).jpg,train\Other\Other train (1425).jpg,568.05,45.8,46.09,1.97,good,Image quality is good. Proceed with assessment.,0
train,Other,Other train (1426).jpg,train\Other\Other train (1426).jpg,601.35,62.76,58.26,2.21,good,Image quality is good. Proceed with assessment.,0
train,Other,Other train (1427).jpg,train\Other\Other train (1427).jpg,600.38,62.88,58.37,2.21,good,Image quality is good. Proceed with assessment.,0
train,Other,Other train (1428).jpg,train\Other\Other train (1428).jpg,601.54,62.9,58.12,2.22,good,Image quality is good. Proceed with assessment.,0
train,Other,Other train (1429).jpg,train\Other\Other train (1429).jpg,601.88,62.9,57.98,2.22,good,Image quality is good. Proceed with assessment.,0
train,Other,Other train (143).jpg,train\Other\Other train (143).jpg,536.71,55.21,62.18,1.65,good,Image quality is good. Proceed with assessment.,0
train,Other,Other train (1430).jpg,train\Other\Other train (1430).jpg,621.14,58.74,58.12,2.18,good,Image quality is good. Proceed with assessment.,0
train,Other,Other train (1431).jpg,train\Other\Other train (1431).jpg,621.46,58.7,58.3,2.18,good,Image quality is good. Proceed with assessment.,0
train,Other,Other train (1432).jpg,train\Other\Other train (1432).jpg,614.05,58.59,58.39,2.17,good,Image quality is good. Proceed with assessment.,0
train,Other,Other train (1433).jpg,train\Other\Other train (1433).jpg,567.15,61.14,55.15,2.1,good,Image quality is good. Proceed with assessment.,0
train,Other,Other train (1434).jpg,train\Other\Other train (1434).jpg,566.17,61.49,55.4,2.12,good,Image quality is good. Proceed with assessment.,0
train,Other,Other train (1435).jpg,train\Other\Other train (1435).jpg,566.56,61.6,55.51,2.12,good,Image quality is good. Proceed with assessment.,0
train,Other,Other train (1436).jpg,train\Other\Other train (1436).jpg,566.97,61.7,55.54,2.13,good,Image quality is good. Proceed with assessment.,0
train,Other,Other train (1437).jpg,train\Other\Other train (1437).jpg,565.64,61.8,55.4,2.13,good,Image quality is good. Proceed with assessment.,0
train,Other,Other train (1438).jpg,train\Other\Other train (1438).jpg,566.08,61.69,55.34,2.13,good,Image quality is good. Proceed with assessment.,0
train,Other,Other train (1439).jpg,train\Other\Other train (1439).jpg,566.24,61.57,55.28,2.12,good,Image quality is good. Proceed with assessment.,0
train,Other,Other train (144).jpg,train\Other\Other train (144).jpg,539.81,54.34,61.86,1.65,good,Image quality is good. Proceed with assessment.,0
train,Other,Other train (1440).jpg,train\Other\Other train (1440).jpg,568.59,60.4,55.77,2.13,good,Image quality is good. Proceed with assessment.,0
train,Other,Other train (1441).jpg,train\Other\Other train (1441).jpg,610.27,54.87,64.09,1.9,good,Image quality is good. Proceed with assessment.,0
train,Other,Other train (1442).jpg,train\Other\Other train (1442).jpg,610.28,54.58,63.57,1.88,good,Image quality is good. Proceed with assessment.,0
train,Other,Other train (1443).jpg,train\Other\Other train (1443).jpg,629.0,52.89,61.95,1.89,good,Image quality is good. Proceed with assessment.,0
train,Other,Other train (1444).jpg,train\Other\Other train (1444).jpg,630.73,52.32,61.39,1.88,good,Image quality is good. Proceed with assessment.,0
train,Other,Other train (1445).jpg,train\Other\Other train (1445).jpg,636.97,51.95,61.21,1.88,good,Image quality is good. Proceed with assessment.,0
train,Other,Other train (1446).jpg,train\Other\Other train (1446).jpg,639.83,51.7,60.95,1.88,good,Image quality is good. Proceed with assessment.,0
train,Other,Other train (1447).jpg,train\Other\Other train (1447).jpg,646.58,54.03,62.53,1.88,good,Image quality is good. Proceed with assessment.,0
train,Other,Other train (1448).jpg,train\Other\Other train (1448).jpg,642.13,54.28,60.93,1.87,good,Image quality is good. Proceed with assessment.,0
train,Other,Other train (1449).jpg,train\Other\Other train (1449).jpg,627.52,54.33,58.97,1.83,good,Image quality is good. Proceed with assessment.,0
train,Other,Other train (145).jpg,train\Other\Other train (145).jpg,541.04,53.93,61.62,1.65,good,Image quality is good. Proceed with assessment.,0
train,Other,Other train (1450).jpg,train\Other\Other train (1450).jpg,611.77,55.73,57.24,1.8,good,Image quality is good. Proceed with assessment.,0
train,Other,Other train (1451).jpg,train\Other\Other train (1451).jpg,578.1,58.38,54.55,1.88,good,Image quality is good. Proceed with assessment.,0
train,Other,Other train (1452).jpg,train\Other\Other train (1452).jpg,585.24,58.54,54.94,1.9,good,Image quality is good. Proceed with assessment.,0
train,Other,Other train (1453).jpg,train\Other\Other train (1453).jpg,588.36,59.79,55.75,1.89,good,Image quality is good. Proceed with assessment.,0
train,Other,Other train (1454).jpg,train\Other\Other train (1454).jpg,589.02,59.96,55.23,1.88,good,Image quality is good. Proceed with assessment.,0
train,Other,Other train (1455).jpg,train\Other\Other train (1455).jpg,588.33,60.34,54.99,1.88,good,Image quality is good. Proceed with assessment.,0
train,Other,Other train (1456).jpg,train\Other\Other train (1456).jpg,594.73,62.07,54.88,1.91,good,Image quality is good. Proceed with assessment.,0
train,Other,Other train (1457).jpg,train\Other\Other train (1457).jpg,596.75,62.4,55.03,1.91,good,Image quality is good. Proceed with assessment.,0
train,Other,Other train (1458).jpg,train\Other\Other train (1458).jpg,597.27,62.57,55.4,1.92,good,Image quality is good. Proceed with assessment.,0
train,Other,Other train (1459).jpg,train\Other\Other train (1459).jpg,584.6,63.08,57.51,1.89,good,Image quality is good. Proceed with assessment.,0
train,Other,Other train (146).jpg,train\Other\Other train (146).jpg,540.31,53.95,61.52,1.64,good,Image quality is good. Proceed with assessment.,0
train,Other,Other train (1460).jpg,train\Other\Other train (1460).jpg,585.02,63.31,57.82,1.9,good,Image quality is good. Proceed with assessment.,0
train,Other,Other train (1461).jpg,train\Other\Other train (1461).jpg,593.01,63.0,57.53,1.91,good,Image quality is good. Proceed with assessment.,0
train,Other,Other train (1462).jpg,train\Other\Other train (1462).jpg,596.57,63.07,57.34,1.92,good,Image quality is good. Proceed with assessment.,0
train,Other,Other train (1463).jpg,train\Other\Other train (1463).jpg,599.81,63.12,57.36,1.92,good,Image quality is good. Proceed with assessment.,0
train,Other,Other train (1464).jpg,train\Other\Other train (1464).jpg,599.92,63.28,57.47,1.9,good,Image quality is good. Proceed with assessment.,0
train,Other,Other train (1465).jpg,train\Other\Other train (1465).jpg,623.72,63.02,57.5,1.93,good,Image quality is good. Proceed with assessment.,0
train,Other,Other train (1466).jpg,train\Other\Other train (1466).jpg,622.46,62.95,57.23,1.92,good,Image quality is good. Proceed with assessment.,0
train,Other,Other train (1467).jpg,train\Other\Other train (1467).jpg,623.83,63.83,57.72,1.93,good,Image quality is good. Proceed with assessment.,0
train,Other,Other train (1468).jpg,train\Other\Other train (1468).jpg,627.86,64.33,58.33,1.95,good,Image quality is good. Proceed with assessment.,0
train,Other,Other train (1469).jpg,train\Other\Other train (1469).jpg,627.84,64.71,58.46,1.95,good,Image quality is good. Proceed with assessment.,0
train,Other,Other train (147).jpg,train\Other\Other train (147).jpg,541.9,54.45,61.83,1.64,good,Image quality is good. Proceed with assessment.,0
train,Other,Other train (1470).jpg,train\Other\Other train (1470).jpg,628.44,64.34,58.27,1.93,good,Image quality is good. Proceed with assessment.,0
train,Other,Other train (1471).jpg,train\Other\Other train (1471).jpg,627.93,63.75,58.11,1.94,good,Image quality is good. Proceed with assessment.,0
train,Other,Other train (1472).jpg,train\Other\Other train (1472).jpg,633.25,63.89,58.03,1.98,good,Image quality is good. Proceed with assessment.,0
train,Other,Other train (1473).jpg,train\Other\Other train (1473).jpg,636.3,64.36,58.42,1.99,good,Image quality is good. Proceed with assessment.,0
train,Other,Other train (1474).jpg,train\Other\Other train (1474).jpg,637.22,64.5,58.54,1.99,good,Image quality is good. Proceed with assessment.,0
train,Other,Other train (1475).jpg,train\Other\Other train (1475).jpg,634.41,64.44,58.15,1.97,good,Image quality is good. Proceed with assessment.,0
train,Other,Other train (1476).jpg,train\Other\Other train (1476).jpg,631.6,63.84,57.27,1.94,good,Image quality is good. Proceed with assessment.,0
train,Other,Other train (1477).jpg,train\Other\Other train (1477).jpg,628.82,63.42,56.79,1.93,good,Image quality is good. Proceed with assessment.,0
train,Other,Other train (1478).jpg,train\Other\Other train (1478).jpg,628.03,62.74,56.2,1.92,good,Image quality is good. Proceed with assessment.,0
train,Other,Other train (1479).jpg,train\Other\Other train (1479).jpg,574.63,64.22,61.18,1.96,good,Image quality is good. Proceed with assessment.,0
train,Other,Other train (148).jpg,train\Other\Other train (148).jpg,542.38,54.11,61.52,1.66,good,Image quality is good. Proceed with assessment.,0
train,Other,Other train (1480).jpg,train\Other\Other train (1480).jpg,579.78,64.09,61.21,1.96,good,Image quality is good. Proceed with assessment.,0
train,Other,Other train (1481).jpg,train\Other\Other train (1481).jpg,578.1,64.07,61.21,1.96,good,Image quality is good. Proceed with assessment.,0
train,Other,Other train (1482).jpg,train\Other\Other train (1482).jpg,576.15,63.94,61.2,1.94,good,Image quality is good. Proceed with assessment.,0
train,Other,Other train (1483).jpg,train\Other\Other train (1483).jpg,580.74,58.31,57.45,1.94,good,Image quality is good. Proceed with assessment.,0
train,Other,Other train (1484).jpg,train\Other\Other train (1484).jpg,581.79,58.2,57.48,1.94,good,Image quality is good. Proceed with assessment.,0
train,Other,Other train (1485).jpg,train\Other\Other train (1485).jpg,582.64,57.97,57.54,1.95,good,Image quality is good. Proceed with assessment.,0
train,Other,Other train (1486).jpg,train\Other\Other train (1486).jpg,583.55,57.43,57.4,1.95,good,Image quality is good. Proceed with assessment.,0
train,Other,Other train (1487).jpg,train\Other\Other train (1487).jpg,584.56,57.39,57.43,1.95,good,Image quality is good. Proceed with assessment.,0
train,Other,Other train (1488).jpg,train\Other\Other train (1488).jpg,584.44,56.49,57.31,1.96,good,Image quality is good. Proceed with assessment.,0
train,Other,Other train (1489).jpg,train\Other\Other train (1489).jpg,583.49,56.3,57.18,1.96,good,Image quality is good. Proceed with assessment.,0
train,Other,Other train (149).jpg,train\Other\Other train (149).jpg,544.47,54.51,61.93,1.67,good,Image quality is good. Proceed with assessment.,0
train,Other,Other train (1490).jpg,train\Other\Other train (1490).jpg,582.0,56.41,57.48,1.95,good,Image quality is good. Proceed with assessment.,0
train,Other,Other train (15).jpg,train\Other\Other train (15).jpg,654.14,62.67,61.2,2.0,good,Image quality is good. Proceed with assessment.,0
train,Other,Other train (150).jpg,train\Other\Other train (150).jpg,544.72,54.37,61.99,1.69,good,Image quality is good. Proceed with assessment.,0
train,Other,Other train (151).jpg,train\Other\Other train (151).jpg,544.67,54.96,62.24,1.69,good,Image quality is good. Proceed with assessment.,0
train,Other,Other train (152).jpg,train\Other\Other train (152).jpg,543.86,55.02,62.16,1.7,good,Image quality is good. Proceed with assessment.,0
train,Other,Other train (153).jpg,train\Other\Other train (153).jpg,543.68,55.01,62.1,1.7,good,Image quality is good. Proceed with assessment.,0
train,Other,Other train (154).jpg,train\Other\Other train (154).jpg,541.48,54.71,61.67,1.7,good,Image quality is good. Proceed with assessment.,0
train,Other,Other train (155).jpg,train\Other\Other train (155).jpg,538.53,54.49,61.37,1.69,good,Image quality is good. Proceed with assessment.,0
train,Other,Other train (156).jpg,train\Other\Other train (156).jpg,537.21,54.4,61.41,1.7,good,Image quality is good. Proceed with assessment.,0
train,Other,Other train (157).jpg,train\Other\Other train (157).jpg,532.8,53.43,61.39,1.66,good,Image quality is good. Proceed with assessment.,0
train,Other,Other train (158).jpg,train\Other\Other train (158).jpg,533.99,53.14,55.59,1.61,good,Image quality is good. Proceed with assessment.,0
train,Other,Other train (159).jpg,train\Other\Other train (159).jpg,536.92,53.62,56.59,1.62,good,Image quality is good. Proceed with assessment.,0
train,Other,Other train (16).jpg,train\Other\Other train (16).jpg,648.17,62.24,60.83,1.99,good,Image quality is good. Proceed with assessment.,0
train,Other,Other train (160).jpg,train\Other\Other train (160).jpg,533.26,51.92,57.76,1.61,good,Image quality is good. Proceed with assessment.,0
train,Other,Other train (161).jpg,train\Other\Other train (161).jpg,534.96,53.25,58.35,1.62,good,Image quality is good. Proceed with assessment.,0
train,Other,Other train (162).jpg,train\Other\Other train (162).jpg,536.1,53.42,58.58,1.62,good,Image quality is good. Proceed with assessment.,0
train,Other,Other train (163).jpg,train\Other\Other train (163).jpg,538.13,53.69,58.86,1.64,good,Image quality is good. Proceed with assessment.,0
train,Other,Other train (164).jpg,train\Other\Other train (164).jpg,538.65,53.91,59.25,1.64,good,Image quality is good. Proceed with assessment.,0
train,Other,Other train (165).jpg,train\Other\Other train (165).jpg,539.3,54.04,59.3,1.64,good,Image quality is good. Proceed with assessment.,0
train,Other,Other train (166).jpg,train\Other\Other train (166).jpg,540.59,54.26,59.19,1.65,good,Image quality is good. Proceed with assessment.,0
train,Other,Other train (167).jpg,train\Other\Other train (167).jpg,539.28,54.85,59.09,1.63,good,Image quality is good. Proceed with assessment.,0
train,Other,Other train (168).jpg,train\Other\Other train (168).jpg,539.52,54.9,58.98,1.64,good,Image quality is good. Proceed with assessment.,0
train,Other,Other train (169).jpg,train\Other\Other train (169).jpg,542.7,55.53,59.41,1.66,good,Image quality is good. Proceed with assessment.,0
train,Other,Other train (17).jpg,train\Other\Other train (17).jpg,646.03,62.53,61.46,2.0,good,Image quality is good. Proceed with assessment.,0
train,Other,Other train (170).jpg,train\Other\Other train (170).jpg,541.77,55.99,59.61,1.65,good,Image quality is good. Proceed with assessment.,0
train,Other,Other train (171).jpg,train\Other\Other train (171).jpg,538.51,56.6,58.9,1.63,good,Image quality is good. Proceed with assessment.,0
train,Other,Other train (172).jpg,train\Other\Other train (172).jpg,541.63,58.2,58.46,1.65,good,Image quality is good. Proceed with assessment.,0
train,Other,Other train (173).jpg,train\Other\Other train (173).jpg,539.59,58.79,58.64,1.67,good,Image quality is good. Proceed with assessment.,0
train,Other,Other train (174).jpg,train\Other\Other train (174).jpg,537.9,58.79,58.78,1.68,good,Image quality is good. Proceed with assessment.,0
train,Other,Other train (175).jpg,train\Other\Other train (175).jpg,502.55,57.09,56.07,1.65,good,Image quality is good. Proceed with assessment.,0
train,Other,Other train (176).jpg,train\Other\Other train (176).jpg,507.83,56.51,55.22,1.63,good,Image quality is good. Proceed with assessment.,0
train,Other,Other train (177).jpg,train\Other\Other train (177).jpg,511.0,56.47,55.79,1.6,good,Image quality is good. Proceed with assessment.,0
train,Other,Other train (178).jpg,train\Other\Other train (178).jpg,514.25,56.81,56.61,1.58,good,Image quality is good. Proceed with assessment.,0
train,Other,Other train (179).jpg,train\Other\Other train (179).jpg,536.55,56.55,59.38,1.67,good,Image quality is good. Proceed with assessment.,0
train,Other,Other train (18).jpg,train\Other\Other train (18).jpg,668.7,52.24,50.41,1.91,good,Image quality is good. Proceed with assessment.,0
train,Other,Other train (180).jpg,train\Other\Other train (180).jpg,535.26,56.2,58.54,1.66,good,Image quality is good. Proceed with assessment.,0
train,Other,Other train (181).jpg,train\Other\Other train (181).jpg,521.32,55.86,57.18,1.63,good,Image quality is good. Proceed with assessment.,0
train,Other,Other train (182).jpg,train\Other\Other train (182).jpg,508.12,55.54,57.14,1.62,good,Image quality is good. Proceed with assessment.,0
train,Other,Other train (183).jpg,train\Other\Other train (183).jpg,495.37,53.86,55.15,1.64,good,Image quality is good. Proceed with assessment.,0
train,Other,Other train (184).jpg,train\Other\Other train (184).jpg,507.61,56.03,55.16,1.67,good,Image quality is good. Proceed with assessment.,0
train,Other,Other train (185).jpg,train\Other\Other train (185).jpg,510.84,54.49,54.6,1.63,good,Image quality is good. Proceed with assessment.,0
train,Other,Other train (186).jpg,train\Other\Other train (186).jpg,522.9,57.47,58.59,1.67,good,Image quality is good. Proceed with assessment.,0
train,Other,Other train (187).jpg,train\Other\Other train (187).jpg,528.5,57.37,58.92,1.68,good,Image quality is good. Proceed with assessment.,0
train,Other,Other train (188).jpg,train\Other\Other train (188).jpg,513.58,57.56,58.41,1.66,good,Image quality is good. Proceed with assessment.,0
train,Other,Other train (189).jpg,train\Other\Other train (189).jpg,530.38,58.57,56.28,1.71,good,Image quality is good. Proceed with assessment.,0
train,Other,Other train (19).jpg,train\Other\Other train (19).jpg,669.84,51.62,50.32,1.91,good,Image quality is good. Proceed with assessment.,0
train,Other,Other train (190).jpg,train\Other\Other train (190).jpg,530.75,58.75,56.19,1.71,good,Image quality is good. Proceed with assessment.,0
train,Other,Other train (191).jpg,train\Other\Other train (191).jpg,519.87,57.74,57.97,1.69,good,Image quality is good. Proceed with assessment.,0
train,Other,Other train (192).jpg,train\Other\Other train (192).jpg,545.08,58.56,61.4,1.67,good,Image quality is good. Proceed with assessment.,0
train,Other,Other train (193).jpg,train\Other\Other train (193).jpg,547.72,58.36,61.74,1.68,good,Image quality is good. Proceed with assessment.,0
train,Other,Other train (194).jpg,train\Other\Other train (194).jpg,483.37,54.72,51.67,1.53,good,Image quality is good. Proceed with assessment.,0
train,Other,Other train (195).jpg,train\Other\Other train (195).jpg,528.45,61.56,53.82,1.71,good,Image quality is good. Proceed with assessment.,0
train,Other,Other train (196).jpg,train\Other\Other train (196).jpg,520.71,59.45,52.94,1.7,good,Image quality is good. Proceed with assessment.,0
train,Other,Other train (197).jpg,train\Other\Other train (197).jpg,518.04,58.48,52.33,1.7,good,Image quality is good. Proceed with assessment.,0
train,Other,Other train (198).jpg,train\Other\Other train (198).jpg,514.26,57.71,52.21,1.71,good,Image quality is good. Proceed with assessment.,0
train,Other,Other train (199).jpg,train\Other\Other train (199).jpg,511.51,56.0,52.29,1.71,good,Image quality is good. Proceed with assessment.,0
train,Other,Other train (2).jpg,train\Other\Other train (2).jpg,605.72,44.52,44.58,1.82,good,Image quality is good. Proceed with assessment.,0
train,Other,Other train (20).jpg,train\Other\Other train (20).jpg,675.27,50.35,49.55,1.92,good,Image quality is good. Proceed with assessment.,0
train,Other,Other train (200).jpg,train\Other\Other train (200).jpg,511.6,55.44,52.58,1.71,good,Image quality is good. Proceed with assessment.,0
train,Other,Other train (201).jpg,train\Other\Other train (201).jpg,512.4,52.3,51.97,1.71,good,Image quality is good. Proceed with assessment.,0
train,Other,Other train (202).jpg,train\Other\Other train (202).jpg,516.31,51.53,52.04,1.68,good,Image quality is good. Proceed with assessment.,0
train,Other,Other train (203).jpg,train\Other\Other train (203).jpg,520.34,51.82,52.35,1.69,good,Image quality is good. Proceed with assessment.,0
train,Other,Other train (204).jpg,train\Other\Other train (204).jpg,529.14,53.26,53.56,1.69,good,Image quality is good. Proceed with assessment.,0
train,Other,Other train (205).jpg,train\Other\Other train (205).jpg,533.66,55.36,54.84,1.7,good,Image quality is good. Proceed with assessment.,0
train,Other,Other train (206).jpg,train\Other\Other train (206).jpg,534.29,55.93,55.34,1.7,good,Image quality is good. Proceed with assessment.,0
train,Other,Other train (207).jpg,train\Other\Other train (207).jpg,533.55,56.29,56.25,1.67,good,Image quality is good. Proceed with assessment.,0
train,Other,Other train (208).jpg,train\Other\Other train (208).jpg,529.97,56.23,56.08,1.64,good,Image quality is good. Proceed with assessment.,0
train,Other,Other train (209).jpg,train\Other\Other train (209).jpg,527.49,56.37,55.98,1.64,good,Image quality is good. Proceed with assessment.,0
train,Other,Other train (21).jpg,train\Other\Other train (21).jpg,680.37,49.96,49.21,1.9,good,Image quality is good. Proceed with assessment.,0
train,Other,Other train (210).jpg,train\Other\Other train (210).jpg,523.15,54.36,56.69,1.6,good,Image quality is good. Proceed with assessment.,0
train,Other,Other train (211).jpg,train\Other\Other train (211).jpg,527.37,55.01,57.79,1.63,good,Image quality is good. Proceed with assessment.,0
train,Other,Other train (212).jpg,train\Other\Other train (212).jpg,527.37,55.3,58.14,1.63,good,Image quality is good. Proceed with assessment.,0
train,Other,Other train (213).jpg,train\Other\Other train (213).jpg,518.23,51.31,58.94,1.64,good,Image quality is good. Proceed with assessment.,0
train,Other,Other train (214).jpg,train\Other\Other train (214).jpg,518.72,50.9,59.09,1.64,good,Image quality is good. Proceed with assessment.,0
train,Other,Other train (215).jpg,train\Other\Other train (215).jpg,515.58,50.06,59.09,1.64,good,Image quality is good. Proceed with assessment.,0
train,Other,Other train (216).jpg,train\Other\Other train (216).jpg,510.01,48.58,59.35,1.62,good,Image quality is good. Proceed with assessment.,0
train,Other,Other train (217).jpg,train\Other\Other train (217).jpg,505.12,49.25,57.68,1.57,good,Image quality is good. Proceed with assessment.,0
train,Other,Other train (218).jpg,train\Other\Other train (218).jpg,520.19,56.05,58.99,1.57,good,Image quality is good. Proceed with assessment.,0
train,Other,Other train (219).jpg,train\Other\Other train (219).jpg,354.33,44.55,45.33,1.31,good,Image quality is good. Proceed with assessment.,0
train,Other,Other train (22).jpg,train\Other\Other train (22).jpg,685.79,49.45,48.46,1.88,good,Image quality is good. Proceed with assessment.,0
train,Other,Other train (220).jpg,train\Other\Other train (220).jpg,354.27,44.08,44.66,1.3,good,Image quality is good. Proceed with assessment.,0
train,Other,Other train (221).jpg,train\Other\Other train (221).jpg,354.18,45.0,45.88,1.3,good,Image quality is good. Proceed with assessment.,0
train,Other,Other train (222).jpg,train\Other\Other train (222).jpg,340.41,47.68,43.44,1.29,good,Image quality is good. Proceed with assessment.,0
train,Other,Other train (223).jpg,train\Other\Other train (223).jpg,340.79,47.75,44.21,1.28,good,Image quality is good. Proceed with assessment.,0
train,Other,Other train (224).jpg,train\Other\Other train (224).jpg,335.03,50.69,46.8,1.26,good,Image quality is good. Proceed with assessment.,0
train,Other,Other train (225).jpg,train\Other\Other train (225).jpg,337.16,50.83,47.07,1.27,good,Image quality is good. Proceed with assessment.,0
train,Other,Other train (226).jpg,train\Other\Other train (226).jpg,336.45,50.91,47.19,1.28,good,Image quality is good. Proceed with assessment.,0
train,Other,Other train (227).jpg,train\Other\Other train (227).jpg,344.26,46.46,45.72,1.26,good,Image quality is good. Proceed with assessment.,0
train,Other,Other train (228).jpg,train\Other\Other train (228).jpg,340.49,45.8,45.33,1.25,good,Image quality is good. Proceed with assessment.,0
train,Other,Other train (229).jpg,train\Other\Other train (229).jpg,343.74,45.72,45.32,1.27,good,Image quality is good. Proceed with assessment.,0
train,Other,Other train (23).jpg,train\Other\Other train (23).jpg,683.15,49.08,48.01,1.91,good,Image quality is good. Proceed with assessment.,0
train,Other,Other train (230).jpg,train\Other\Other train (230).jpg,344.03,49.16,47.56,1.29,good,Image quality is good. Proceed with assessment.,0
train,Other,Other train (231).jpg,train\Other\Other train (231).jpg,342.8,49.19,47.38,1.27,good,Image quality is good. Proceed with assessment.,0
train,Other,Other train (232).jpg,train\Other\Other train (232).jpg,329.76,50.37,47.14,1.28,good,Image quality is good. Proceed with assessment.,0
train,Other,Other train (233).jpg,train\Other\Other train (233).jpg,330.87,50.78,47.43,1.28,good,Image quality is good. Proceed with assessment.,0
train,Other,Other train (234).jpg,train\Other\Other train (234).jpg,331.51,50.68,47.21,1.28,good,Image quality is good. Proceed with assessment.,0
train,Other,Other train (235).jpg,train\Other\Other train (235).jpg,336.17,46.35,45.55,1.25,good,Image quality is good. Proceed with assessment.,0
train,Other,Other train (236).jpg,train\Other\Other train (236).jpg,336.49,45.84,45.34,1.25,good,Image quality is good. Proceed with assessment.,0
train,Other,Other train (237).jpg,train\Other\Other train (237).jpg,339.18,45.33,44.01,1.19,good,Image quality is good. Proceed with assessment.,0
train,Other,Other train (238).jpg,train\Other\Other train (238).jpg,340.5,44.03,43.47,1.19,good,Image quality is good. Proceed with assessment.,0
train,Other,Other train (239).jpg,train\Other\Other train (239).jpg,353.36,46.75,44.85,1.27,good,Image quality is good. Proceed with assessment.,0
train,Other,Other train (24).jpg,train\Other\Other train (24).jpg,682.53,50.28,49.28,1.94,good,Image quality is good. Proceed with assessment.,0
train,Other,Other train (240).jpg,train\Other\Other train (240).jpg,353.71,47.69,43.72,1.28,good,Image quality is good. Proceed with assessment.,0
train,Other,Other train (241).jpg,train\Other\Other train (241).jpg,356.07,47.92,42.18,1.27,good,Image quality is good. Proceed with assessment.,0
train,Other,Other train (242).jpg,train\Other\Other train (242).jpg,356.23,47.35,42.03,1.31,good,Image quality is good. Proceed with assessment.,0
train,Other,Other train (243).jpg,train\Other\Other train (243).jpg,357.43,47.53,42.04,1.32,good,Image quality is good. Proceed with assessment.,0
train,Other,Other train (244).jpg,train\Other\Other train (244).jpg,357.13,47.4,41.93,1.32,good,Image quality is good. Proceed with assessment.,0
train,Other,Other train (245).jpg,train\Other\Other train (245).jpg,563.01,77.49,54.16,1.82,good,Image quality is good. Proceed with assessment.,0
train,Other,Other train (246).jpg,train\Other\Other train (246).jpg,602.91,73.81,56.88,1.84,good,Image quality is good. Proceed with assessment.,0
train,Other,Other train (247).jpg,train\Other\Other train (247).jpg,603.24,73.44,56.92,1.84,good,Image quality is good. Proceed with assessment.,0
train,Other,Other train (248).jpg,train\Other\Other train (248).jpg,597.0,71.49,57.44,1.83,good,Image quality is good. Proceed with assessment.,0
train,Other,Other train (249).jpg,train\Other\Other train (249).jpg,681.01,55.26,62.42,1.77,good,Image quality is good. Proceed with assessment.,0
train,Other,Other train (25).jpg,train\Other\Other train (25).jpg,644.4,52.28,49.48,1.87,good,Image quality is good. Proceed with assessment.,0
train,Other,Other train (250).jpg,train\Other\Other train (250).jpg,686.8,55.22,62.39,1.78,good,Image quality is good. Proceed with assessment.,0
train,Other,Other train (251).jpg,train\Other\Other train (251).jpg,690.83,55.46,62.52,1.79,good,Image quality is good. Proceed with assessment.,0
train,Other,Other train (252).jpg,train\Other\Other train (252).jpg,687.68,56.48,59.24,1.77,good,Image quality is good. Proceed with assessment.,0
train,Other,Other train (253).jpg,train\Other\Other train (253).jpg,582.6,73.02,49.9,1.82,good,Image quality is good. Proceed with assessment.,0
train,Other,Other train (254).jpg,train\Other\Other train (254).jpg,621.92,73.6,51.76,1.84,good,Image quality is good. Proceed with assessment.,0
train,Other,Other train (255).jpg,train\Other\Other train (255).jpg,628.58,74.45,50.24,1.85,good,Image quality is good. Proceed with assessment.,0
train,Other,Other train (256).jpg,train\Other\Other train (256).jpg,628.26,74.16,50.32,1.85,good,Image quality is good. Proceed with assessment.,0
train,Other,Other train (257).jpg,train\Other\Other train (257).jpg,631.11,73.66,50.65,1.86,good,Image quality is good. Proceed with assessment.,0
train,Other,Other train (258).jpg,train\Other\Other train (258).jpg,616.84,72.23,49.14,1.8,good,Image quality is good. Proceed with assessment.,0
train,Other,Other train (259).jpg,train\Other\Other train (259).jpg,636.16,68.57,51.23,1.85,good,Image quality is good. Proceed with assessment.,0
train,Other,Other train (26).jpg,train\Other\Other train (26).jpg,613.03,54.27,50.47,1.86,good,Image quality is good. Proceed with assessment.,0
train,Other,Other train (260).jpg,train\Other\Other train (260).jpg,636.48,68.73,51.36,1.86,good,Image quality is good. Proceed with assessment.,0
train,Other,Other train (261).jpg,train\Other\Other train (261).jpg,637.4,68.52,51.37,1.86,good,Image quality is good. Proceed with assessment.,0
train,Other,Other train (262).jpg,train\Other\Other train (262).jpg,638.02,68.65,51.51,1.86,good,Image quality is good. Proceed with assessment.,0
train,Other,Other train (263).jpg,train\Other\Other train (263).jpg,637.17,68.76,51.58,1.85,good,Image quality is good. Proceed with assessment.,0
train,Other,Other train (264).jpg,train\Other\Other train (264).jpg,641.09,68.28,51.18,1.83,good,Image quality is good. Proceed with assessment.,0
train,Other,Other train (265).jpg,train\Other\Other train (265).jpg,640.55,68.17,51.43,1.84,good,Image quality is good. Proceed with assessment.,0
train,Other,Other train (266).jpg,train\Other\Other train (266).jpg,641.93,68.44,51.9,1.84,good,Image quality is good. Proceed with assessment.,0
train,Other,Other train (267).jpg,train\Other\Other train (267).jpg,639.3,68.41,51.86,1.84,good,Image quality is good. Proceed with assessment.,0
train,Other,Other train (268).jpg,train\Other\Other train (268).jpg,640.75,68.47,51.77,1.83,good,Image quality is good. Proceed with assessment.,0
train,Other,Other train (269).jpg,train\Other\Other train (269).jpg,667.16,57.84,49.99,1.83,good,Image quality is good. Proceed with assessment.,0
train,Other,Other train (27).jpg,train\Other\Other train (27).jpg,661.16,55.48,52.03,1.93,good,Image quality is good. Proceed with assessment.,0
train,Other,Other train (270).jpg,train\Other\Other train (270).jpg,667.29,58.02,50.11,1.82,good,Image quality is good. Proceed with assessment.,0
train,Other,Other train (271).jpg,train\Other\Other train (271).jpg,652.36,59.05,51.19,1.84,good,Image quality is good. Proceed with assessment.,0
train,Other,Other train (272).jpg,train\Other\Other train (272).jpg,630.55,59.39,52.24,1.84,good,Image quality is good. Proceed with assessment.,0
train,Other,Other train (273).jpg,train\Other\Other train (273).jpg,620.42,60.53,51.41,1.88,good,Image quality is good. Proceed with assessment.,0
train,Other,Other train (274).jpg,train\Other\Other train (274).jpg,616.21,61.55,51.78,1.85,good,Image quality is good. Proceed with assessment.,0
train,Other,Other train (275).jpg,train\Other\Other train (275).jpg,611.2,61.25,52.21,1.85,good,Image quality is good. Proceed with assessment.,0
train,Other,Other train (276).jpg,train\Other\Other train (276).jpg,604.7,60.64,51.51,1.81,good,Image quality is good. Proceed with assessment.,0
train,Other,Other train (277).jpg,train\Other\Other train (277).jpg,614.9,60.03,50.9,1.83,good,Image quality is good. Proceed with assessment.,0
train,Other,Other train (278).jpg,train\Other\Other train (278).jpg,616.04,60.06,50.86,1.83,good,Image quality is good. Proceed with assessment.,0
train,Other,Other train (279).jpg,train\Other\Other train (279).jpg,614.2,60.18,51.06,1.84,good,Image quality is good. Proceed with assessment.,0
train,Other,Other train (28).jpg,train\Other\Other train (28).jpg,685.29,57.39,52.93,1.96,good,Image quality is good. Proceed with assessment.,0
train,Other,Other train (280).jpg,train\Other\Other train (280).jpg,612.84,59.85,50.54,1.84,good,Image quality is good. Proceed with assessment.,0
train,Other,Other train (281).jpg,train\Other\Other train (281).jpg,617.51,59.76,50.38,1.85,good,Image quality is good. Proceed with assessment.,0
train,Other,Other train (282).jpg,train\Other\Other train (282).jpg,618.39,59.64,50.38,1.86,good,Image quality is good. Proceed with assessment.,0
train,Other,Other train (283).jpg,train\Other\Other train (283).jpg,618.06,59.6,50.57,1.87,good,Image quality is good. Proceed with assessment.,0
train,Other,Other train (284).jpg,train\Other\Other train (284).jpg,627.55,57.05,52.15,1.91,good,Image quality is good. Proceed with assessment.,0
train,Other,Other train (285).jpg,train\Other\Other train (285).jpg,619.65,56.43,51.81,1.87,good,Image quality is good. Proceed with assessment.,0
train,Other,Other train (286).jpg,train\Other\Other train (286).jpg,616.88,56.3,51.59,1.85,good,Image quality is good. Proceed with assessment.,0
train,Other,Other train (287).jpg,train\Other\Other train (287).jpg,616.38,56.22,51.6,1.85,good,Image quality is good. Proceed with assessment.,0
train,Other,Other train (288).jpg,train\Other\Other train (288).jpg,614.95,56.6,52.07,1.87,good,Image quality is good. Proceed with assessment.,0
train,Other,Other train (289).jpg,train\Other\Other train (289).jpg,614.61,56.32,52.22,1.87,good,Image quality is good. Proceed with assessment.,0
train,Other,Other train (29).jpg,train\Other\Other train (29).jpg,686.15,57.86,53.19,1.96,good,Image quality is good. Proceed with assessment.,0
train,Other,Other train (290).jpg,train\Other\Other train (290).jpg,618.26,56.38,51.97,1.87,good,Image quality is good. Proceed with assessment.,0
train,Other,Other train (291).jpg,train\Other\Other train (291).jpg,621.08,56.36,51.77,1.88,good,Image quality is good. Proceed with assessment.,0
train,Other,Other train (292).jpg,train\Other\Other train (292).jpg,652.72,60.53,52.37,1.94,good,Image quality is good. Proceed with assessment.,0
train,Other,Other train (293).jpg,train\Other\Other train (293).jpg,664.41,60.37,52.72,1.95,good,Image quality is good. Proceed with assessment.,0
train,Other,Other train (294).jpg,train\Other\Other train (294).jpg,576.68,62.63,54.27,2.05,good,Image quality is good. Proceed with assessment.,0
train,Other,Other train (295).jpg,train\Other\Other train (295).jpg,577.02,62.43,54.09,2.05,good,Image quality is good. Proceed with assessment.,0
train,Other,Other train (296).jpg,train\Other\Other train (296).jpg,594.12,60.96,52.13,1.94,good,Image quality is good. Proceed with assessment.,0
train,Other,Other train (297).jpg,train\Other\Other train (297).jpg,592.46,60.54,51.25,1.86,good,Image quality is good. Proceed with assessment.,0
train,Other,Other train (298).jpg,train\Other\Other train (298).jpg,594.46,60.8,51.57,1.86,good,Image quality is good. Proceed with assessment.,0
train,Other,Other train (299).jpg,train\Other\Other train (299).jpg,598.49,59.52,49.29,1.83,good,Image quality is good. Proceed with assessment.,0
train,Other,Other train (3).jpg,train\Other\Other train (3).jpg,624.12,44.8,46.21,1.85,good,Image quality is good. Proceed with assessment.,0
train,Other,Other train (30).jpg,train\Other\Other train (30).jpg,686.73,58.21,53.41,1.96,good,Image quality is good. Proceed with assessment.,0
train,Other,Other train (300).jpg,train\Other\Other train (300).jpg,599.66,59.32,49.07,1.81,good,Image quality is good. Proceed with assessment.,0
train,Other,Other train (301).jpg,train\Other\Other train (301).jpg,600.73,59.49,49.3,1.81,good,Image quality is good. Proceed with assessment.,0
train,Other,Other train (302).jpg,train\Other\Other train (302).jpg,598.87,58.0,50.49,1.86,good,Image quality is good. Proceed with assessment.,0
train,Other,Other train (303).jpg,train\Other\Other train (303).jpg,584.41,58.04,50.66,1.84,good,Image quality is good. Proceed with assessment.,0
train,Other,Other train (304).jpg,train\Other\Other train (304).jpg,588.53,58.08,50.84,1.85,good,Image quality is good. Proceed with assessment.,0
train,Other,Other train (305).jpg,train\Other\Other train (305).jpg,586.07,57.99,50.75,1.85,good,Image quality is good. Proceed with assessment.,0
train,Other,Other train (306).jpg,train\Other\Other train (306).jpg,585.64,57.97,50.77,1.85,good,Image quality is good. Proceed with assessment.,0
train,Other,Other train (307).jpg,train\Other\Other train (307).jpg,586.24,57.96,50.83,1.85,good,Image quality is good. Proceed with assessment.,0
train,Other,Other train (308).jpg,train\Other\Other train (308).jpg,588.24,57.87,51.19,1.87,good,Image quality is good. Proceed with assessment.,0
train,Other,Other train (309).jpg,train\Other\Other train (309).jpg,583.67,55.57,51.07,1.85,good,Image quality is good. Proceed with assessment.,0
train,Other,Other train (31).jpg,train\Other\Other train (31).jpg,693.2,58.89,54.54,1.99,good,Image quality is good. Proceed with assessment.,0
train,Other,Other train (310).jpg,train\Other\Other train (310).jpg,583.87,53.81,50.07,1.82,good,Image quality is good. Proceed with assessment.,0
train,Other,Other train (311).jpg,train\Other\Other train (311).jpg,583.7,53.6,50.04,1.82,good,Image quality is good. Proceed with assessment.,0
train,Other,Other train (312).jpg,train\Other\Other train (312).jpg,587.74,52.63,50.28,1.85,good,Image quality is good. Proceed with assessment.,0
train,Other,Other train (313).jpg,train\Other\Other train (313).jpg,655.98,60.31,53.18,1.87,good,Image quality is good. Proceed with assessment.,0
train,Other,Other train (314).jpg,train\Other\Other train (314).jpg,646.03,58.5,52.61,1.86,good,Image quality is good. Proceed with assessment.,0
train,Other,Other train (315).jpg,train\Other\Other train (315).jpg,639.33,57.86,52.17,1.85,good,Image quality is good. Proceed with assessment.,0
train,Other,Other train (316).jpg,train\Other\Other train (316).jpg,633.8,58.11,52.22,1.84,good,Image quality is good. Proceed with assessment.,0
train,Other,Other train (317).jpg,train\Other\Other train (317).jpg,595.16,60.52,53.14,1.85,good,Image quality is good. Proceed with assessment.,0
train,Other,Other train (318).jpg,train\Other\Other train (318).jpg,572.67,55.63,48.26,1.78,good,Image quality is good. Proceed with assessment.,0
train,Other,Other train (319).jpg,train\Other\Other train (319).jpg,570.67,55.32,48.25,1.77,good,Image quality is good. Proceed with assessment.,0
train,Other,Other train (32).jpg,train\Other\Other train (32).jpg,661.14,58.5,57.73,2.01,good,Image quality is good. Proceed with assessment.,0
train,Other,Other train (320).jpg,train\Other\Other train (320).jpg,577.39,53.79,47.99,1.74,good,Image quality is good. Proceed with assessment.,0
train,Other,Other train (321).jpg,train\Other\Other train (321).jpg,576.01,53.28,48.93,1.76,good,Image quality is good. Proceed with assessment.,0
train,Other,Other train (322).jpg,train\Other\Other train (322).jpg,577.17,52.91,49.65,1.76,good,Image quality is good. Proceed with assessment.,0
train,Other,Other train (323).jpg,train\Other\Other train (323).jpg,580.92,53.18,50.45,1.77,good,Image quality is good. Proceed with assessment.,0
train,Other,Other train (324).jpg,train\Other\Other train (324).jpg,580.92,53.3,50.74,1.78,good,Image quality is good. Proceed with assessment.,0
train,Other,Other train (325).jpg,train\Other\Other train (325).jpg,558.35,33.22,47.73,1.82,good,Image quality is good. Proceed with assessment.,0
train,Other,Other train (326).jpg,train\Other\Other train (326).jpg,560.49,32.49,46.41,1.77,good,Image quality is good. Proceed with assessment.,0
train,Other,Other train (327).jpg,train\Other\Other train (327).jpg,573.11,35.11,46.29,1.72,good,Image quality is good. Proceed with assessment.,0
train,Other,Other train (328).jpg,train\Other\Other train (328).jpg,573.64,37.27,47.63,1.72,good,Image quality is good. Proceed with assessment.,0
train,Other,Other train (329).jpg,train\Other\Other train (329).jpg,577.27,39.43,49.52,1.72,good,Image quality is good. Proceed with assessment.,0
train,Other,Other train (33).jpg,train\Other\Other train (33).jpg,658.2,57.56,56.72,1.96,good,Image quality is good. Proceed with assessment.,0
train,Other,Other train (330).jpg,train\Other\Other train (330).jpg,576.62,40.27,49.98,1.73,good,Image quality is good. Proceed with assessment.,0
train,Other,Other train (331).jpg,train\Other\Other train (331).jpg,574.65,41.6,48.95,1.73,good,Image quality is good. Proceed with assessment.,0
train,Other,Other train (332).jpg,train\Other\Other train (332).jpg,573.96,43.15,50.67,1.75,good,Image quality is good. Proceed with assessment.,0
train,Other,Other train (333).jpg,train\Other\Other train (333).jpg,562.33,43.04,50.13,1.78,good,Image quality is good. Proceed with assessment.,0
train,Other,Other train (334).jpg,train\Other\Other train (334).jpg,561.67,42.98,50.2,1.78,good,Image quality is good. Proceed with assessment.,0
train,Other,Other train (335).jpg,train\Other\Other train (335).jpg,561.87,43.04,50.39,1.78,good,Image quality is good. Proceed with assessment.,0
train,Other,Other train (336).jpg,train\Other\Other train (336).jpg,561.48,43.13,50.53,1.78,good,Image quality is good. Proceed with assessment.,0
train,Other,Other train (337).jpg,train\Other\Other train (337).jpg,561.27,43.5,50.67,1.79,good,Image quality is good. Proceed with assessment.,0
train,Other,Other train (338).jpg,train\Other\Other train (338).jpg,561.95,44.96,50.8,1.81,good,Image quality is good. Proceed with assessment.,0
train,Other,Other train (339).jpg,train\Other\Other train (339).jpg,587.71,43.73,52.89,1.79,good,Image quality is good. Proceed with assessment.,0
train,Other,Other train (34).jpg,train\Other\Other train (34).jpg,627.43,41.36,46.01,1.97,good,Image quality is good. Proceed with assessment.,0
train,Other,Other train (340).jpg,train\Other\Other train (340).jpg,607.69,40.2,52.25,1.72,good,Image quality is good. Proceed with assessment.,0
train,Other,Other train (341).jpg,train\Other\Other train (341).jpg,607.9,40.31,52.4,1.73,good,Image quality is good. Proceed with assessment.,0
train,Other,Other train (342).jpg,train\Other\Other train (342).jpg,616.17,38.32,50.29,1.73,good,Image quality is good. Proceed with assessment.,0
train,Other,Other train (343).jpg,train\Other\Other train (343).jpg,613.31,36.32,47.99,1.72,good,Image quality is good. Proceed with assessment.,0
train,Other,Other train (344).jpg,train\Other\Other train (344).jpg,612.61,36.17,47.97,1.73,good,Image quality is good. Proceed with assessment.,0
train,Other,Other train (345).jpg,train\Other\Other train (345).jpg,608.03,36.29,48.35,1.73,good,Image quality is good. Proceed with assessment.,0
train,Other,Other train (346).jpg,train\Other\Other train (346).jpg,606.99,37.12,49.09,1.74,good,Image quality is good. Proceed with assessment.,0
train,Other,Other train (347).jpg,train\Other\Other train (347).jpg,609.57,38.5,50.68,1.75,good,Image quality is good. Proceed with assessment.,0
train,Other,Other train (348).jpg,train\Other\Other train (348).jpg,575.79,72.94,53.54,1.84,good,Image quality is good. Proceed with assessment.,0
train,Other,Other train (349).jpg,train\Other\Other train (349).jpg,614.24,74.85,54.2,1.91,good,Image quality is good. Proceed with assessment.,0
train,Other,Other train (35).jpg,train\Other\Other train (35).jpg,632.61,41.14,45.82,1.97,good,Image quality is good. Proceed with assessment.,0
train,Other,Other train (350).jpg,train\Other\Other train (350).jpg,616.77,75.89,54.38,1.91,good,Image quality is good. Proceed with assessment.,0
train,Other,Other train (351).jpg,train\Other\Other train (351).jpg,615.5,77.5,55.44,1.9,good,Image quality is good. Proceed with assessment.,0
train,Other,Other train (352).jpg,train\Other\Other train (352).jpg,604.45,76.75,54.59,1.93,good,Image quality is good. Proceed with assessment.,0
train,Other,Other train (353).jpg,train\Other\Other train (353).jpg,571.04,53.53,52.47,1.8,good,Image quality is good. Proceed with assessment.,0
train,Other,Other train (354).jpg,train\Other\Other train (354).jpg,579.02,53.41,52.55,1.81,good,Image quality is good. Proceed with assessment.,0
train,Other,Other train (355).jpg,train\Other\Other train (355).jpg,586.09,53.08,52.46,1.82,good,Image quality is good. Proceed with assessment.,0
train,Other,Other train (356).jpg,train\Other\Other train (356).jpg,588.23,52.82,52.44,1.82,good,Image quality is good. Proceed with assessment.,0
train,Other,Other train (357).jpg,train\Other\Other train (357).jpg,589.18,51.58,52.17,1.81,good,Image quality is good. Proceed with assessment.,0
train,Other,Other train (358).jpg,train\Other\Other train (358).jpg,584.46,50.27,52.47,1.8,good,Image quality is good. Proceed with assessment.,0
train,Other,Other train (359).jpg,train\Other\Other train (359).jpg,587.09,47.49,51.89,1.78,good,Image quality is good. Proceed with assessment.,0
train,Other,Other train (36).jpg,train\Other\Other train (36).jpg,640.42,40.29,44.96,1.93,good,Image quality is good. Proceed with assessment.,0
train,Other,Other train (360).jpg,train\Other\Other train (360).jpg,588.59,47.23,52.04,1.79,good,Image quality is good. Proceed with assessment.,0
train,Other,Other train (361).jpg,train\Other\Other train (361).jpg,598.33,45.21,51.81,1.78,good,Image quality is good. Proceed with assessment.,0
train,Other,Other train (362).jpg,train\Other\Other train (362).jpg,597.73,46.52,51.52,1.81,good,Image quality is good. Proceed with assessment.,0
train,Other,Other train (363).jpg,train\Other\Other train (363).jpg,600.3,46.79,51.91,1.82,good,Image quality is good. Proceed with assessment.,0
train,Other,Other train (364).jpg,train\Other\Other train (364).jpg,604.77,47.22,52.95,1.82,good,Image quality is good. Proceed with assessment.,0
train,Other,Other train (365).jpg,train\Other\Other train (365).jpg,588.24,49.65,52.2,1.78,good,Image quality is good. Proceed with assessment.,0
train,Other,Other train (366).jpg,train\Other\Other train (366).jpg,588.12,49.6,52.37,1.79,good,Image quality is good. Proceed with assessment.,0
train,Other,Other train (367).jpg,train\Other\Other train (367).jpg,581.22,48.74,49.19,1.71,good,Image quality is good. Proceed with assessment.,0
train,Other,Other train (368).jpg,train\Other\Other train (368).jpg,606.99,56.48,52.03,1.78,good,Image quality is good. Proceed with assessment.,0
train,Other,Other train (369).jpg,train\Other\Other train (369).jpg,604.5,56.41,50.99,1.79,good,Image quality is good. Proceed with assessment.,0
train,Other,Other train (37).jpg,train\Other\Other train (37).jpg,646.04,39.82,44.63,1.93,good,Image quality is good. Proceed with assessment.,0
train,Other,Other train (370).jpg,train\Other\Other train (370).jpg,605.08,56.24,50.84,1.78,good,Image quality is good. Proceed with assessment.,0
train,Other,Other train (371).jpg,train\Other\Other train (371).jpg,606.29,55.94,50.61,1.78,good,Image quality is good. Proceed with assessment.,0
train,Other,Other train (372).jpg,train\Other\Other train (372).jpg,612.1,56.01,51.48,1.8,good,Image quality is good. Proceed with assessment.,0
train,Other,Other train (373).jpg,train\Other\Other train (373).jpg,611.41,56.38,51.83,1.83,good,Image quality is good. Proceed with assessment.,0
train,Other,Other train (374).jpg,train\Other\Other train (374).jpg,610.62,57.39,51.92,1.83,good,Image quality is good. Proceed with assessment.,0
train,Other,Other train (375).jpg,train\Other\Other train (375).jpg,607.97,56.89,50.86,1.83,good,Image quality is good. Proceed with assessment.,0
train,Other,Other train (376).jpg,train\Other\Other train (376).jpg,607.23,56.57,50.43,1.83,good,Image quality is good. Proceed with assessment.,0
train,Other,Other train (377).jpg,train\Other\Other train (377).jpg,607.48,56.49,50.22,1.83,good,Image quality is good. Proceed with assessment.,0
train,Other,Other train (378).jpg,train\Other\Other train (378).jpg,607.94,56.44,49.97,1.84,good,Image quality is good. Proceed with assessment.,0
train,Other,Other train (379).jpg,train\Other\Other train (379).jpg,598.23,56.64,50.13,1.82,good,Image quality is good. Proceed with assessment.,0
train,Other,Other train (38).jpg,train\Other\Other train (38).jpg,647.59,39.53,44.1,1.93,good,Image quality is good. Proceed with assessment.,0
train,Other,Other train (380).jpg,train\Other\Other train (380).jpg,598.34,57.28,50.8,1.82,good,Image quality is good. Proceed with assessment.,0
train,Other,Other train (381).jpg,train\Other\Other train (381).jpg,601.54,57.48,52.34,1.84,good,Image quality is good. Proceed with assessment.,0
train,Other,Other train (382).jpg,train\Other\Other train (382).jpg,604.77,56.65,53.73,1.88,good,Image quality is good. Proceed with assessment.,0
train,Other,Other train (383).jpg,train\Other\Other train (383).jpg,603.27,56.54,53.66,1.87,good,Image quality is good. Proceed with assessment.,0
train,Other,Other train (384).jpg,train\Other\Other train (384).jpg,602.45,56.54,53.74,1.87,good,Image quality is good. Proceed with assessment.,0
train,Other,Other train (385).jpg,train\Other\Other train (385).jpg,602.37,56.47,53.97,1.87,good,Image quality is good. Proceed with assessment.,0
train,Other,Other train (386).jpg,train\Other\Other train (386).jpg,602.53,56.36,53.84,1.87,good,Image quality is good. Proceed with assessment.,0
train,Other,Other train (387).jpg,train\Other\Other train (387).jpg,639.27,79.24,61.8,1.94,good,Image quality is good. Proceed with assessment.,0
train,Other,Other train (388).jpg,train\Other\Other train (388).jpg,643.62,79.11,62.11,1.95,good,Image quality is good. Proceed with assessment.,0
train,Other,Other train (389).jpg,train\Other\Other train (389).jpg,645.25,79.07,62.17,1.96,good,Image quality is good. Proceed with assessment.,0
train,Other,Other train (39).jpg,train\Other\Other train (39).jpg,648.14,39.43,43.75,1.9,good,Image quality is good. Proceed with assessment.,0
train,Other,Other train (390).jpg,train\Other\Other train (390).jpg,648.65,78.8,61.85,1.97,good,Image quality is good. Proceed with assessment.,0
train,Other,Other train (391).jpg,train\Other\Other train (391).jpg,644.88,78.96,62.37,1.98,good,Image quality is good. Proceed with assessment.,0
train,Other,Other train (392).jpg,train\Other\Other train (392).jpg,652.05,73.86,63.5,2.05,good,Image quality is good. Proceed with assessment.,0
train,Other,Other train (393).jpg,train\Other\Other train (393).jpg,653.36,74.11,64.06,2.05,good,Image quality is good. Proceed with assessment.,0
train,Other,Other train (394).jpg,train\Other\Other train (394).jpg,653.24,74.08,64.14,2.05,good,Image quality is good. Proceed with assessment.,0
train,Other,Other train (395).jpg,train\Other\Other train (395).jpg,654.76,74.15,64.62,2.05,good,Image quality is good. Proceed with assessment.,0
train,Other,Other train (396).jpg,train\Other\Other train (396).jpg,584.26,52.65,52.95,1.8,good,Image quality is good. Proceed with assessment.,0
train,Other,Other train (397).jpg,train\Other\Other train (397).jpg,591.71,52.87,54.36,1.84,good,Image quality is good. Proceed with assessment.,0
train,Other,Other train (398).jpg,train\Other\Other train (398).jpg,598.26,53.59,55.91,1.85,good,Image quality is good. Proceed with assessment.,0
train,Other,Other train (399).jpg,train\Other\Other train (399).jpg,598.64,53.51,55.95,1.85,good,Image quality is good. Proceed with assessment.,0
train,Other,Other train (4).jpg,train\Other\Other train (4).jpg,635.88,45.34,47.41,1.87,good,Image quality is good. Proceed with assessment.,0
train,Other,Other train (40).jpg,train\Other\Other train (40).jpg,648.39,39.28,43.71,1.9,good,Image quality is good. Proceed with assessment.,0
train,Other,Other train (400).jpg,train\Other\Other train (400).jpg,597.99,53.12,55.9,1.85,good,Image quality is good. Proceed with assessment.,0
train,Other,Other train (401).jpg,train\Other\Other train (401).jpg,604.66,53.16,53.2,1.78,good,Image quality is good. Proceed with assessment.,0
train,Other,Other train (402).jpg,train\Other\Other train (402).jpg,606.1,52.9,53.34,1.81,good,Image quality is good. Proceed with assessment.,0
train,Other,Other train (403).jpg,train\Other\Other train (403).jpg,594.92,50.82,53.57,1.8,good,Image quality is good. Proceed with assessment.,0
train,Other,Other train (404).jpg,train\Other\Other train (404).jpg,595.3,50.33,53.54,1.81,good,Image quality is good. Proceed with assessment.,0
train,Other,Other train (405).jpg,train\Other\Other train (405).jpg,591.65,53.01,54.59,1.83,good,Image quality is good. Proceed with assessment.,0
train,Other,Other train (406).jpg,train\Other\Other train (406).jpg,591.72,52.94,53.8,1.82,good,Image quality is good. Proceed with assessment.,0
train,Other,Other train (407).jpg,train\Other\Other train (407).jpg,591.64,53.02,53.61,1.82,good,Image quality is good. Proceed with assessment.,0
train,Other,Other train (408).jpg,train\Other\Other train (408).jpg,595.62,53.95,53.22,1.8,good,Image quality is good. Proceed with assessment.,0
train,Other,Other train (409).jpg,train\Other\Other train (409).jpg,584.98,52.41,55.53,1.83,good,Image quality is good. Proceed with assessment.,0
train,Other,Other train (41).jpg,train\Other\Other train (41).jpg,650.43,39.0,43.61,1.9,good,Image quality is good. Proceed with assessment.,0
train,Other,Other train (410).jpg,train\Other\Other train (410).jpg,584.06,52.55,55.6,1.85,good,Image quality is good. Proceed with assessment.,0
train,Other,Other train (411).jpg,train\Other\Other train (411).jpg,581.62,50.33,53.37,1.8,good,Image quality is good. Proceed with assessment.,0
train,Other,Other train (412).jpg,train\Other\Other train (412).jpg,577.17,50.12,53.41,1.78,good,Image quality is good. Proceed with assessment.,0
train,Other,Other train (413).jpg,train\Other\Other train (413).jpg,574.04,48.49,52.87,1.84,good,Image quality is good. Proceed with assessment.,0
train,Other,Other train (414).jpg,train\Other\Other train (414).jpg,574.47,48.59,52.91,1.84,good,Image quality is good. Proceed with assessment.,0
train,Other,Other train (415).jpg,train\Other\Other train (415).jpg,575.02,48.61,52.88,1.84,good,Image quality is good. Proceed with assessment.,0
train,Other,Other train (416).jpg,train\Other\Other train (416).jpg,601.3,65.54,53.88,1.83,good,Image quality is good. Proceed with assessment.,0
train,Other,Other train (417).jpg,train\Other\Other train (417).jpg,599.46,65.72,54.18,1.83,good,Image quality is good. Proceed with assessment.,0
train,Other,Other train (418).jpg,train\Other\Other train (418).jpg,618.18,65.6,55.5,1.85,good,Image quality is good. Proceed with assessment.,0
train,Other,Other train (419).jpg,train\Other\Other train (419).jpg,617.56,65.22,55.22,1.84,good,Image quality is good. Proceed with assessment.,0
train,Other,Other train (42).jpg,train\Other\Other train (42).jpg,649.23,38.67,43.79,1.91,good,Image quality is good. Proceed with assessment.,0
train,Other,Other train (420).jpg,train\Other\Other train (420).jpg,619.35,64.58,55.08,1.83,good,Image quality is good. Proceed with assessment.,0
train,Other,Other train (421).jpg,train\Other\Other train (421).jpg,618.75,64.86,55.51,1.83,good,Image quality is good. Proceed with assessment.,0
train,Other,Other train (422).jpg,train\Other\Other train (422).jpg,620.15,65.29,56.7,1.85,good,Image quality is good. Proceed with assessment.,0
train,Other,Other train (423).jpg,train\Other\Other train (423).jpg,620.09,65.33,56.87,1.83,good,Image quality is good. Proceed with assessment.,0
train,Other,Other train (424).jpg,train\Other\Other train (424).jpg,621.18,66.0,57.18,1.84,good,Image quality is good. Proceed with assessment.,0
train,Other,Other train (425).jpg,train\Other\Other train (425).jpg,622.22,66.73,58.17,1.85,good,Image quality is good. Proceed with assessment.,0
train,Other,Other train (426).jpg,train\Other\Other train (426).jpg,627.39,68.15,59.53,1.86,good,Image quality is good. Proceed with assessment.,0
train,Other,Other train (427).jpg,train\Other\Other train (427).jpg,628.98,68.09,59.36,1.87,good,Image quality is good. Proceed with assessment.,0
train,Other,Other train (428).jpg,train\Other\Other train (428).jpg,630.19,68.06,59.35,1.87,good,Image quality is good. Proceed with assessment.,0
train,Other,Other train (429).jpg,train\Other\Other train (429).jpg,625.92,67.6,59.57,1.85,good,Image quality is good. Proceed with assessment.,0
train,Other,Other train (43).jpg,train\Other\Other train (43).jpg,648.71,38.69,43.98,1.91,good,Image quality is good. Proceed with assessment.,0
train,Other,Other train (430).jpg,train\Other\Other train (430).jpg,625.28,66.2,60.83,1.85,good,Image quality is good. Proceed with assessment.,0
train,Other,Other train (431).jpg,train\Other\Other train (431).jpg,625.43,66.2,61.68,1.86,good,Image quality is good. Proceed with assessment.,0
train,Other,Other train (432).jpg,train\Other\Other train (432).jpg,625.31,66.32,61.88,1.86,good,Image quality is good. Proceed with assessment.,0
train,Other,Other train (433).jpg,train\Other\Other train (433).jpg,623.54,66.32,61.96,1.86,good,Image quality is good. Proceed with assessment.,0
train,Other,Other train (434).jpg,train\Other\Other train (434).jpg,604.94,64.36,59.39,1.8,good,Image quality is good. Proceed with assessment.,0
train,Other,Other train (435).jpg,train\Other\Other train (435).jpg,608.07,64.03,60.1,1.81,good,Image quality is good. Proceed with assessment.,0
train,Other,Other train (436).jpg,train\Other\Other train (436).jpg,609.48,64.43,60.7,1.81,good,Image quality is good. Proceed with assessment.,0
train,Other,Other train (437).jpg,train\Other\Other train (437).jpg,608.51,67.87,61.45,1.87,good,Image quality is good. Proceed with assessment.,0
train,Other,Other train (438).jpg,train\Other\Other train (438).jpg,608.08,68.04,61.4,1.87,good,Image quality is good. Proceed with assessment.,0
train,Other,Other train (439).jpg,train\Other\Other train (439).jpg,613.37,66.77,61.8,1.89,good,Image quality is good. Proceed with assessment.,0
train,Other,Other train (44).jpg,train\Other\Other train (44).jpg,642.35,37.54,42.75,1.86,good,Image quality is good. Proceed with assessment.,0
train,Other,Other train (440).jpg,train\Other\Other train (440).jpg,613.27,65.27,59.87,1.89,good,Image quality is good. Proceed with assessment.,0
train,Other,Other train (441).jpg,train\Other\Other train (441).jpg,615.4,66.22,58.33,1.93,good,Image quality is good. Proceed with assessment.,0
train,Other,Other train (442).jpg,train\Other\Other train (442).jpg,615.72,66.08,58.11,1.93,good,Image quality is good. Proceed with assessment.,0
train,Other,Other train (443).jpg,train\Other\Other train (443).jpg,615.75,65.92,57.98,1.93,good,Image quality is good. Proceed with assessment.,0
train,Other,Other train (444).jpg,train\Other\Other train (444).jpg,611.2,63.79,57.77,1.93,good,Image quality is good. Proceed with assessment.,0
train,Other,Other train (445).jpg,train\Other\Other train (445).jpg,612.94,63.23,57.26,1.92,good,Image quality is good. Proceed with assessment.,0
train,Other,Other train (446).jpg,train\Other\Other train (446).jpg,583.87,42.3,45.26,1.86,good,Image quality is good. Proceed with assessment.,0
train,Other,Other train (447).jpg,train\Other\Other train (447).jpg,584.0,42.5,45.46,1.87,good,Image quality is good. Proceed with assessment.,0
train,Other,Other train (448).jpg,train\Other\Other train (448).jpg,603.79,42.48,45.94,1.86,good,Image quality is good. Proceed with assessment.,0
train,Other,Other train (449).jpg,train\Other\Other train (449).jpg,603.66,43.0,46.63,1.86,good,Image quality is good. Proceed with assessment.,0
train,Other,Other train (45).jpg,train\Other\Other train (45).jpg,631.5,38.56,42.39,1.83,good,Image quality is good. Proceed with assessment.,0
train,Other,Other train (450).jpg,train\Other\Other train (450).jpg,598.89,46.25,50.34,1.91,good,Image quality is good. Proceed with assessment.,0
train,Other,Other train (451).jpg,train\Other\Other train (451).jpg,601.26,46.4,50.54,1.91,good,Image quality is good. Proceed with assessment.,0
train,Other,Other train (452).jpg,train\Other\Other train (452).jpg,602.45,46.66,51.13,1.93,good,Image quality is good. Proceed with assessment.,0
train,Other,Other train (453).jpg,train\Other\Other train (453).jpg,435.57,65.38,53.78,1.47,good,Image quality is good. Proceed with assessment.,0
train,Other,Other train (454).jpg,train\Other\Other train (454).jpg,429.94,66.1,53.27,1.45,good,Image quality is good. Proceed with assessment.,0
train,Other,Other train (455).jpg,train\Other\Other train (455).jpg,421.98,69.01,53.86,1.44,good,Image quality is good. Proceed with assessment.,0
train,Other,Other train (456).jpg,train\Other\Other train (456).jpg,434.64,67.82,54.3,1.5,good,Image quality is good. Proceed with assessment.,0
train,Other,Other train (457).jpg,train\Other\Other train (457).jpg,436.89,67.94,54.31,1.5,good,Image quality is good. Proceed with assessment.,0
train,Other,Other train (458).jpg,train\Other\Other train (458).jpg,441.48,67.51,54.31,1.5,good,Image quality is good. Proceed with assessment.,0
train,Other,Other train (459).jpg,train\Other\Other train (459).jpg,442.01,67.4,54.4,1.5,good,Image quality is good. Proceed with assessment.,0
train,Other,Other train (46).jpg,train\Other\Other train (46).jpg,615.58,61.08,56.83,2.01,good,Image quality is good. Proceed with assessment.,0
train,Other,Other train (460).jpg,train\Other\Other train (460).jpg,442.21,65.89,58.99,1.49,good,Image quality is good. Proceed with assessment.,0
train,Other,Other train (461).jpg,train\Other\Other train (461).jpg,441.6,65.89,58.95,1.49,good,Image quality is good. Proceed with assessment.,0
train,Other,Other train (462).jpg,train\Other\Other train (462).jpg,437.54,63.86,57.79,1.47,good,Image quality is good. Proceed with assessment.,0
train,Other,Other train (463).jpg,train\Other\Other train (463).jpg,434.04,63.18,57.4,1.46,good,Image quality is good. Proceed with assessment.,0
train,Other,Other train (464).jpg,train\Other\Other train (464).jpg,441.17,62.71,58.14,1.46,good,Image quality is good. Proceed with assessment.,0
train,Other,Other train (465).jpg,train\Other\Other train (465).jpg,441.03,62.18,58.57,1.45,good,Image quality is good. Proceed with assessment.,0
train,Other,Other train (466).jpg,train\Other\Other train (466).jpg,419.98,62.47,57.34,1.41,good,Image quality is good. Proceed with assessment.,0
train,Other,Other train (467).jpg,train\Other\Other train (467).jpg,410.73,63.43,58.42,1.36,good,Image quality is good. Proceed with assessment.,0
train,Other,Other train (468).jpg,train\Other\Other train (468).jpg,416.7,62.55,57.95,1.38,good,Image quality is good. Proceed with assessment.,0
train,Other,Other train (469).jpg,train\Other\Other train (469).jpg,409.19,61.79,54.46,1.38,good,Image quality is good. Proceed with assessment.,0
train,Other,Other train (47).jpg,train\Other\Other train (47).jpg,623.28,61.35,56.3,1.99,good,Image quality is good. Proceed with assessment.,0
train,Other,Other train (470).jpg,train\Other\Other train (470).jpg,410.09,62.35,54.22,1.37,good,Image quality is good. Proceed with assessment.,0
train,Other,Other train (471).jpg,train\Other\Other train (471).jpg,395.47,67.37,53.93,1.38,good,Image quality is good. Proceed with assessment.,0
train,Other,Other train (472).jpg,train\Other\Other train (472).jpg,397.56,67.4,53.82,1.36,good,Image quality is good. Proceed with assessment.,0
train,Other,Other train (473).jpg,train\Other\Other train (473).jpg,403.7,67.14,54.07,1.37,good,Image quality is good. Proceed with assessment.,0
train,Other,Other train (474).jpg,train\Other\Other train (474).jpg,405.01,67.08,54.56,1.4,good,Image quality is good. Proceed with assessment.,0
train,Other,Other train (475).jpg,train\Other\Other train (475).jpg,402.87,67.04,55.06,1.42,good,Image quality is good. Proceed with assessment.,0
train,Other,Other train (476).jpg,train\Other\Other train (476).jpg,403.54,67.21,55.14,1.42,good,Image quality is good. Proceed with assessment.,0
train,Other,Other train (477).jpg,train\Other\Other train (477).jpg,401.13,66.48,53.78,1.37,good,Image quality is good. Proceed with assessment.,0
train,Other,Other train (478).jpg,train\Other\Other train (478).jpg,400.71,66.73,53.41,1.35,good,Image quality is good. Proceed with assessment.,0
train,Other,Other train (479).jpg,train\Other\Other train (479).jpg,411.62,62.14,55.11,1.41,good,Image quality is good. Proceed with assessment.,0
train,Other,Other train (48).jpg,train\Other\Other train (48).jpg,625.62,61.31,56.03,1.97,good,Image quality is good. Proceed with assessment.,0
train,Other,Other train (480).jpg,train\Other\Other train (480).jpg,413.53,61.35,55.57,1.4,good,Image quality is good. Proceed with assessment.,0
train,Other,Other train (481).jpg,train\Other\Other train (481).jpg,418.03,62.47,56.53,1.41,good,Image quality is good. Proceed with assessment.,0
train,Other,Other train (482).jpg,train\Other\Other train (482).jpg,417.03,62.57,56.63,1.4,good,Image quality is good. Proceed with assessment.,0
train,Other,Other train (483).jpg,train\Other\Other train (483).jpg,410.66,62.15,57.14,1.39,good,Image quality is good. Proceed with assessment.,0
train,Other,Other train (484).jpg,train\Other\Other train (484).jpg,411.59,61.58,57.02,1.38,good,Image quality is good. Proceed with assessment.,0
train,Other,Other train (485).jpg,train\Other\Other train (485).jpg,410.87,61.46,57.08,1.39,good,Image quality is good. Proceed with assessment.,0
train,Other,Other train (486).jpg,train\Other\Other train (486).jpg,437.67,53.07,49.53,1.64,good,Image quality is good. Proceed with assessment.,0
train,Other,Other train (487).jpg,train\Other\Other train (487).jpg,449.61,53.42,50.08,1.6,good,Image quality is good. Proceed with assessment.,0
train,Other,Other train (488).jpg,train\Other\Other train (488).jpg,455.82,54.23,50.74,1.62,good,Image quality is good. Proceed with assessment.,0
train,Other,Other train (489).jpg,train\Other\Other train (489).jpg,455.85,54.38,50.98,1.63,good,Image quality is good. Proceed with assessment.,0
train,Other,Other train (49).jpg,train\Other\Other train (49).jpg,631.0,61.11,55.93,1.98,good,Image quality is good. Proceed with assessment.,0
train,Other,Other train (490).jpg,train\Other\Other train (490).jpg,453.49,53.64,50.68,1.61,good,Image quality is good. Proceed with assessment.,0
train,Other,Other train (491).jpg,train\Other\Other train (491).jpg,455.91,53.79,51.1,1.62,good,Image quality is good. Proceed with assessment.,0
train,Other,Other train (492).jpg,train\Other\Other train (492).jpg,457.5,54.32,51.46,1.63,good,Image quality is good. Proceed with assessment.,0
train,Other,Other train (493).jpg,train\Other\Other train (493).jpg,445.84,53.07,50.16,1.55,good,Image quality is good. Proceed with assessment.,0
train,Other,Other train (494).jpg,train\Other\Other train (494).jpg,451.18,53.16,50.17,1.61,good,Image quality is good. Proceed with assessment.,0
train,Other,Other train (495).jpg,train\Other\Other train (495).jpg,452.23,53.33,50.32,1.62,good,Image quality is good. Proceed with assessment.,0
train,Other,Other train (496).jpg,train\Other\Other train (496).jpg,452.0,53.18,50.33,1.6,good,Image quality is good. Proceed with assessment.,0
train,Other,Other train (497).jpg,train\Other\Other train (497).jpg,451.1,52.96,50.02,1.62,good,Image quality is good. Proceed with assessment.,0
train,Other,Other train (498).jpg,train\Other\Other train (498).jpg,447.25,52.38,49.47,1.62,good,Image quality is good. Proceed with assessment.,0
train,Other,Other train (499).jpg,train\Other\Other train (499).jpg,446.05,52.12,49.26,1.62,good,Image quality is good. Proceed with assessment.,0
train,Other,Other train (5).jpg,train\Other\Other train (5).jpg,639.37,45.15,47.25,1.87,good,Image quality is good. Proceed with assessment.,0
train,Other,Other train (50).jpg,train\Other\Other train (50).jpg,630.59,59.89,56.94,1.96,good,Image quality is good. Proceed with assessment.,0
train,Other,Other train (500).jpg,train\Other\Other train (500).jpg,446.14,52.34,49.49,1.63,good,Image quality is good. Proceed with assessment.,0
train,Other,Other train (501).jpg,train\Other\Other train (501).jpg,447.52,52.42,49.72,1.62,good,Image quality is good. Proceed with assessment.,0
train,Other,Other train (502).jpg,train\Other\Other train (502).jpg,447.72,52.5,49.52,1.63,good,Image quality is good. Proceed with assessment.,0
train,Other,Other train (503).jpg,train\Other\Other train (503).jpg,447.88,53.2,48.98,1.63,good,Image quality is good. Proceed with assessment.,0
train,Other,Other train (504).jpg,train\Other\Other train (504).jpg,450.44,54.12,49.55,1.64,good,Image quality is good. Proceed with assessment.,0
train,Other,Other train (505).jpg,train\Other\Other train (505).jpg,451.4,54.37,49.81,1.64,good,Image quality is good. Proceed with assessment.,0
train,Other,Other train (506).jpg,train\Other\Other train (506).jpg,451.61,54.51,49.9,1.64,good,Image quality is good. Proceed with assessment.,0
train,Other,Other train (507).jpg,train\Other\Other train (507).jpg,402.64,50.65,53.19,1.31,good,Image quality is good. Proceed with assessment.,0
train,Other,Other train (508).jpg,train\Other\Other train (508).jpg,405.65,50.82,53.18,1.32,good,Image quality is good. Proceed with assessment.,0
train,Other,Other train (509).jpg,train\Other\Other train (509).jpg,397.59,47.29,50.97,1.29,good,Image quality is good. Proceed with assessment.,0
train,Other,Other train (51).jpg,train\Other\Other train (51).jpg,628.49,60.07,56.82,1.94,good,Image quality is good. Proceed with assessment.,0
train,Other,Other train (510).jpg,train\Other\Other train (510).jpg,395.59,46.87,50.75,1.29,good,Image quality is good. Proceed with assessment.,0
train,Other,Other train (511).jpg,train\Other\Other train (511).jpg,393.83,46.54,50.51,1.28,good,Image quality is good. Proceed with assessment.,0
train,Other,Other train (512).jpg,train\Other\Other train (512).jpg,388.13,45.39,49.68,1.26,good,Image quality is good. Proceed with assessment.,0
train,Other,Other train (513).jpg,train\Other\Other train (513).jpg,377.99,44.08,48.94,1.22,good,Image quality is good. Proceed with assessment.,0
train,Other,Other train (514).jpg,train\Other\Other train (514).jpg,383.1,44.09,48.91,1.23,good,Image quality is good. Proceed with assessment.,0
train,Other,Other train (515).jpg,train\Other\Other train (515).jpg,384.82,43.26,48.54,1.25,good,Image quality is good. Proceed with assessment.,0
train,Other,Other train (516).jpg,train\Other\Other train (516).jpg,384.92,41.87,47.64,1.24,good,Image quality is good. Proceed with assessment.,0
train,Other,Other train (517).jpg,train\Other\Other train (517).jpg,381.17,32.52,42.06,1.17,good,Image quality is good. Proceed with assessment.,0
train,Other,Other train (518).jpg,train\Other\Other train (518).jpg,371.88,33.63,40.13,1.09,good,Image quality is good. Proceed with assessment.,0
train,Other,Other train (519).jpg,train\Other\Other train (519).jpg,380.61,35.31,41.3,1.18,good,Image quality is good. Proceed with assessment.,0
train,Other,Other train (52).jpg,train\Other\Other train (52).jpg,625.6,60.86,56.23,1.96,good,Image quality is good. Proceed with assessment.,0
train,Other,Other train (520).jpg,train\Other\Other train (520).jpg,381.21,35.87,41.51,1.18,good,Image quality is good. Proceed with assessment.,0
train,Other,Other train (521).jpg,train\Other\Other train (521).jpg,395.87,51.05,53.17,1.29,good,Image quality is good. Proceed with assessment.,0
train,Other,Other train (522).jpg,train\Other\Other train (522).jpg,396.66,51.08,53.2,1.29,good,Image quality is good. Proceed with assessment.,0
train,Other,Other train (523).jpg,train\Other\Other train (523).jpg,397.21,51.91,53.82,1.3,good,Image quality is good. Proceed with assessment.,0
train,Other,Other train (524).jpg,train\Other\Other train (524).jpg,397.76,52.2,54.23,1.3,good,Image quality is good. Proceed with assessment.,0
train,Other,Other train (525).jpg,train\Other\Other train (525).jpg,416.73,58.32,55.81,1.37,good,Image quality is good. Proceed with assessment.,0
train,Other,Other train (526).jpg,train\Other\Other train (526).jpg,409.07,51.81,48.55,1.38,good,Image quality is good. Proceed with assessment.,0
train,Other,Other train (527).jpg,train\Other\Other train (527).jpg,406.68,50.39,48.13,1.39,good,Image quality is good. Proceed with assessment.,0
train,Other,Other train (528).jpg,train\Other\Other train (528).jpg,408.15,50.81,48.52,1.39,good,Image quality is good. Proceed with assessment.,0
train,Other,Other train (529).jpg,train\Other\Other train (529).jpg,559.47,44.9,39.43,1.77,good,Image quality is good. Proceed with assessment.,0
train,Other,Other train (53).jpg,train\Other\Other train (53).jpg,623.92,61.37,55.96,1.96,good,Image quality is good. Proceed with assessment.,0
train,Other,Other train (530).jpg,train\Other\Other train (530).jpg,560.58,45.03,39.46,1.78,good,Image quality is good. Proceed with assessment.,0
train,Other,Other train (531).jpg,train\Other\Other train (531).jpg,558.07,46.8,40.61,1.73,good,Image quality is good. Proceed with assessment.,0
train,Other,Other train (532).jpg,train\Other\Other train (532).jpg,560.46,47.5,41.18,1.73,good,Image quality is good. Proceed with assessment.,0
train,Other,Other train (533).jpg,train\Other\Other train (533).jpg,564.08,48.08,42.43,1.76,good,Image quality is good. Proceed with assessment.,0
train,Other,Other train (534).jpg,train\Other\Other train (534).jpg,564.93,48.39,42.81,1.77,good,Image quality is good. Proceed with assessment.,0
train,Other,Other train (535).jpg,train\Other\Other train (535).jpg,570.22,44.36,47.96,1.78,good,Image quality is good. Proceed with assessment.,0
train,Other,Other train (536).jpg,train\Other\Other train (536).jpg,571.22,44.1,47.31,1.75,good,Image quality is good. Proceed with assessment.,0
train,Other,Other train (537).jpg,train\Other\Other train (537).jpg,454.74,43.48,52.7,1.42,good,Image quality is good. Proceed with assessment.,0
train,Other,Other train (538).jpg,train\Other\Other train (538).jpg,450.19,43.62,52.5,1.41,good,Image quality is good. Proceed with assessment.,0
train,Other,Other train (539).jpg,train\Other\Other train (539).jpg,458.87,43.31,52.02,1.42,good,Image quality is good. Proceed with assessment.,0
train,Other,Other train (54).jpg,train\Other\Other train (54).jpg,616.73,61.68,55.79,1.95,good,Image quality is good. Proceed with assessment.,0
train,Other,Other train (540).jpg,train\Other\Other train (540).jpg,453.61,42.14,50.82,1.42,good,Image quality is good. Proceed with assessment.,0
train,Other,Other train (541).jpg,train\Other\Other train (541).jpg,445.99,40.69,49.5,1.4,good,Image quality is good. Proceed with assessment.,0
train,Other,Other train (542).jpg,train\Other\Other train (542).jpg,444.39,40.35,49.21,1.4,good,Image quality is good. Proceed with assessment.,0
train,Other,Other train (543).jpg,train\Other\Other train (543).jpg,568.83,57.8,52.07,1.89,good,Image quality is good. Proceed with assessment.,0
train,Other,Other train (544).jpg,train\Other\Other train (544).jpg,588.61,54.18,56.17,1.81,good,Image quality is good. Proceed with assessment.,0
train,Other,Other train (545).jpg,train\Other\Other train (545).jpg,596.78,56.85,57.25,1.83,good,Image quality is good. Proceed with assessment.,0
train,Other,Other train (546).jpg,train\Other\Other train (546).jpg,598.66,56.37,56.39,1.84,good,Image quality is good. Proceed with assessment.,0
train,Other,Other train (547).jpg,train\Other\Other train (547).jpg,474.39,62.01,60.35,1.47,good,Image quality is good. Proceed with assessment.,0
train,Other,Other train (548).jpg,train\Other\Other train (548).jpg,489.84,64.43,58.93,1.46,good,Image quality is good. Proceed with assessment.,0
train,Other,Other train (549).jpg,train\Other\Other train (549).jpg,510.85,65.02,59.77,1.5,good,Image quality is good. Proceed with assessment.,0
train,Other,Other train (55).jpg,train\Other\Other train (55).jpg,613.4,61.1,54.9,1.95,good,Image quality is good. Proceed with assessment.,0
train,Other,Other train (550).jpg,train\Other\Other train (550).jpg,527.9,65.3,60.32,1.53,good,Image quality is good. Proceed with assessment.,0
train,Other,Other train (551).jpg,train\Other\Other train (551).jpg,538.6,65.98,61.01,1.54,good,Image quality is good. Proceed with assessment.,0
train,Other,Other train (552).jpg,train\Other\Other train (552).jpg,529.09,63.98,60.58,1.51,good,Image quality is good. Proceed with assessment.,0
train,Other,Other train (553).jpg,train\Other\Other train (553).jpg,455.65,56.63,56.48,1.34,good,Image quality is good. Proceed with assessment.,0
train,Other,Other train (554).jpg,train\Other\Other train (554).jpg,441.93,50.41,54.06,1.29,good,Image quality is good. Proceed with assessment.,0
train,Other,Other train (555).jpg,train\Other\Other train (555).jpg,473.85,46.46,53.32,1.31,good,Image quality is good. Proceed with assessment.,0
train,Other,Other train (556).jpg,train\Other\Other train (556).jpg,500.32,43.32,51.83,1.37,good,Image quality is good. Proceed with assessment.,0
train,Other,Other train (557).jpg,train\Other\Other train (557).jpg,488.18,53.75,58.75,1.4,good,Image quality is good. Proceed with assessment.,0
train,Other,Other train (558).jpg,train\Other\Other train (558).jpg,484.54,54.02,59.05,1.41,good,Image quality is good. Proceed with assessment.,0
train,Other,Other train (559).jpg,train\Other\Other train (559).jpg,481.3,54.98,58.91,1.43,good,Image quality is good. Proceed with assessment.,0
train,Other,Other train (56).jpg,train\Other\Other train (56).jpg,609.18,60.18,54.25,1.95,good,Image quality is good. Proceed with assessment.,0
train,Other,Other train (560).jpg,train\Other\Other train (560).jpg,484.77,55.68,58.71,1.44,good,Image quality is good. Proceed with assessment.,0
train,Other,Other train (561).jpg,train\Other\Other train (561).jpg,481.49,57.56,58.4,1.44,good,Image quality is good. Proceed with assessment.,0
train,Other,Other train (562).jpg,train\Other\Other train (562).jpg,472.57,58.61,58.64,1.44,good,Image quality is good. Proceed with assessment.,0
train,Other,Other train (563).jpg,train\Other\Other train (563).jpg,485.68,64.14,60.96,1.47,good,Image quality is good. Proceed with assessment.,0
train,Other,Other train (564).jpg,train\Other\Other train (564).jpg,482.63,64.31,60.34,1.47,good,Image quality is good. Proceed with assessment.,0
train,Other,Other train (565).jpg,train\Other\Other train (565).jpg,469.05,64.24,58.09,1.46,good,Image quality is good. Proceed with assessment.,0
train,Other,Other train (566).jpg,train\Other\Other train (566).jpg,471.36,64.18,58.08,1.46,good,Image quality is good. Proceed with assessment.,0
train,Other,Other train (567).jpg,train\Other\Other train (567).jpg,475.88,64.28,58.36,1.44,good,Image quality is good. Proceed with assessment.,0
train,Other,Other train (568).jpg,train\Other\Other train (568).jpg,478.31,64.12,58.83,1.46,good,Image quality is good. Proceed with assessment.,0
train,Other,Other train (569).jpg,train\Other\Other train (569).jpg,480.89,64.09,58.89,1.47,good,Image quality is good. Proceed with assessment.,0
train,Other,Other train (57).jpg,train\Other\Other train (57).jpg,605.37,58.15,53.55,1.93,good,Image quality is good. Proceed with assessment.,0
train,Other,Other train (570).jpg,train\Other\Other train (570).jpg,485.23,63.81,58.71,1.46,good,Image quality is good. Proceed with assessment.,0
train,Other,Other train (571).jpg,train\Other\Other train (571).jpg,421.3,49.32,49.58,1.44,good,Image quality is good. Proceed with assessment.,0
train,Other,Other train (572).jpg,train\Other\Other train (572).jpg,422.56,49.31,49.58,1.44,good,Image quality is good. Proceed with assessment.,0
train,Other,Other train (573).jpg,train\Other\Other train (573).jpg,423.75,48.97,49.57,1.44,good,Image quality is good. Proceed with assessment.,0
train,Other,Other train (574).jpg,train\Other\Other train (574).jpg,426.82,48.87,49.59,1.45,good,Image quality is good. Proceed with assessment.,0
train,Other,Other train (575).jpg,train\Other\Other train (575).jpg,418.61,48.7,49.06,1.42,good,Image quality is good. Proceed with assessment.,0
train,Other,Other train (576).jpg,train\Other\Other train (576).jpg,419.1,51.32,52.61,1.44,good,Image quality is good. Proceed with assessment.,0
train,Other,Other train (577).jpg,train\Other\Other train (577).jpg,518.22,36.65,43.82,1.58,good,Image quality is good. Proceed with assessment.,0
train,Other,Other train (578).jpg,train\Other\Other train (578).jpg,529.35,35.75,43.45,1.6,good,Image quality is good. Proceed with assessment.,0
train,Other,Other train (579).jpg,train\Other\Other train (579).jpg,538.77,35.52,43.18,1.61,good,Image quality is good. Proceed with assessment.,0
train,Other,Other train (58).jpg,train\Other\Other train (58).jpg,605.48,59.38,54.26,1.93,good,Image quality is good. Proceed with assessment.,0
train,Other,Other train (580).jpg,train\Other\Other train (580).jpg,543.99,38.16,43.95,1.58,good,Image quality is good. Proceed with assessment.,0
train,Other,Other train (581).jpg,train\Other\Other train (581).jpg,545.14,39.73,45.13,1.59,good,Image quality is good. Proceed with assessment.,0
train,Other,Other train (582).jpg,train\Other\Other train (582).jpg,583.77,46.55,49.2,1.81,good,Image quality is good. Proceed with assessment.,0
train,Other,Other train (583).jpg,train\Other\Other train (583).jpg,584.4,46.41,49.14,1.82,good,Image quality is good. Proceed with assessment.,0
train,Other,Other train (584).jpg,train\Other\Other train (584).jpg,584.95,46.42,49.15,1.82,good,Image quality is good. Proceed with assessment.,0
train,Other,Other train (585).jpg,train\Other\Other train (585).jpg,585.07,46.38,49.09,1.82,good,Image quality is good. Proceed with assessment.,0
train,Other,Other train (586).jpg,train\Other\Other train (586).jpg,585.27,46.07,48.7,1.82,good,Image quality is good. Proceed with assessment.,0
train,Other,Other train (587).jpg,train\Other\Other train (587).jpg,584.49,45.88,48.56,1.82,good,Image quality is good. Proceed with assessment.,0
train,Other,Other train (588).jpg,train\Other\Other train (588).jpg,581.46,44.27,46.7,1.79,good,Image quality is good. Proceed with assessment.,0
train,Other,Other train (589).jpg,train\Other\Other train (589).jpg,577.03,42.79,44.63,1.74,good,Image quality is good. Proceed with assessment.,0
train,Other,Other train (59).jpg,train\Other\Other train (59).jpg,606.8,59.12,54.71,1.93,good,Image quality is good. Proceed with assessment.,0
train,Other,Other train (590).jpg,train\Other\Other train (590).jpg,573.56,43.03,44.6,1.72,good,Image quality is good. Proceed with assessment.,0
train,Other,Other train (591).jpg,train\Other\Other train (591).jpg,567.74,43.95,44.31,1.7,good,Image quality is good. Proceed with assessment.,0
train,Other,Other train (592).jpg,train\Other\Other train (592).jpg,565.85,44.65,44.29,1.7,good,Image quality is good. Proceed with assessment.,0
train,Other,Other train (593).jpg,train\Other\Other train (593).jpg,564.88,45.43,44.5,1.71,good,Image quality is good. Proceed with assessment.,0
train,Other,Other train (594).jpg,train\Other\Other train (594).jpg,565.39,55.5,50.73,1.8,good,Image quality is good. Proceed with assessment.,0
train,Other,Other train (595).jpg,train\Other\Other train (595).jpg,565.03,56.25,51.3,1.79,good,Image quality is good. Proceed with assessment.,0
train,Other,Other train (596).jpg,train\Other\Other train (596).jpg,565.81,56.8,51.53,1.78,good,Image quality is good. Proceed with assessment.,0
train,Other,Other train (597).jpg,train\Other\Other train (597).jpg,565.44,57.17,51.71,1.78,good,Image quality is good. Proceed with assessment.,0
train,Other,Other train (598).jpg,train\Other\Other train (598).jpg,556.39,57.28,52.05,1.79,good,Image quality is good. Proceed with assessment.,0
train,Other,Other train (599).jpg,train\Other\Other train (599).jpg,555.92,57.35,52.07,1.8,good,Image quality is good. Proceed with assessment.,0
train,Other,Other train (6).jpg,train\Other\Other train (6).jpg,647.16,46.21,47.39,1.86,good,Image quality is good. Proceed with assessment.,0
train,Other,Other train (60).jpg,train\Other\Other train (60).jpg,607.11,59.32,55.76,1.96,good,Image quality is good. Proceed with assessment.,0
train,Other,Other train (600).jpg,train\Other\Other train (600).jpg,580.52,44.29,44.03,1.79,good,Image quality is good. Proceed with assessment.,0
train,Other,Other train (601).jpg,train\Other\Other train (601).jpg,579.35,46.63,44.87,1.78,good,Image quality is good. Proceed with assessment.,0
train,Other,Other train (602).jpg,train\Other\Other train (602).jpg,575.71,49.26,44.17,1.76,good,Image quality is good. Proceed with assessment.,0
train,Other,Other train (603).jpg,train\Other\Other train (603).jpg,570.84,50.88,45.98,1.77,good,Image quality is good. Proceed with assessment.,0
train,Other,Other train (604).jpg,train\Other\Other train (604).jpg,570.69,51.42,46.37,1.76,good,Image quality is good. Proceed with assessment.,0
train,Other,Other train (605).jpg,train\Other\Other train (605).jpg,569.27,51.92,47.78,1.78,good,Image quality is good. Proceed with assessment.,0
train,Other,Other train (606).jpg,train\Other\Other train (606).jpg,567.54,51.74,47.82,1.78,good,Image quality is good. Proceed with assessment.,0
train,Other,Other train (607).jpg,train\Other\Other train (607).jpg,566.47,51.06,48.21,1.78,good,Image quality is good. Proceed with assessment.,0
train,Other,Other train (608).jpg,train\Other\Other train (608).jpg,566.8,50.42,48.24,1.78,good,Image quality is good. Proceed with assessment.,0
train,Other,Other train (609).jpg,train\Other\Other train (609).jpg,561.16,48.88,48.11,1.78,good,Image quality is good. Proceed with assessment.,0
train,Other,Other train (61).jpg,train\Other\Other train (61).jpg,607.14,59.44,55.82,1.95,good,Image quality is good. Proceed with assessment.,0
train,Other,Other train (610).jpg,train\Other\Other train (610).jpg,523.74,45.97,47.54,1.69,good,Image quality is good. Proceed with assessment.,0
train,Other,Other train (611).jpg,train\Other\Other train (611).jpg,522.7,45.9,47.43,1.69,good,Image quality is good. Proceed with assessment.,0
train,Other,Other train (612).jpg,train\Other\Other train (612).jpg,521.98,45.88,47.4,1.69,good,Image quality is good. Proceed with assessment.,0
train,Other,Other train (613).jpg,train\Other\Other train (613).jpg,521.83,45.9,47.44,1.69,good,Image quality is good. Proceed with assessment.,0
train,Other,Other train (614).jpg,train\Other\Other train (614).jpg,518.07,45.71,47.26,1.68,good,Image quality is good. Proceed with assessment.,0
train,Other,Other train (615).jpg,train\Other\Other train (615).jpg,516.38,45.56,47.1,1.68,good,Image quality is good. Proceed with assessment.,0
train,Other,Other train (616).jpg,train\Other\Other train (616).jpg,516.3,45.49,47.05,1.68,good,Image quality is good. Proceed with assessment.,0
train,Other,Other train (617).jpg,train\Other\Other train (617).jpg,695.26,61.92,57.82,1.96,good,Image quality is good. Proceed with assessment.,0
train,Other,Other train (618).jpg,train\Other\Other train (618).jpg,694.1,61.93,57.87,1.96,good,Image quality is good. Proceed with assessment.,0
train,Other,Other train (619).jpg,train\Other\Other train (619).jpg,663.42,56.59,51.27,1.93,good,Image quality is good. Proceed with assessment.,0
train,Other,Other train (62).jpg,train\Other\Other train (62).jpg,605.03,59.59,54.86,1.93,good,Image quality is good. Proceed with assessment.,0
train,Other,Other train (620).jpg,train\Other\Other train (620).jpg,673.67,56.69,51.31,1.92,good,Image quality is good. Proceed with assessment.,0
train,Other,Other train (621).jpg,train\Other\Other train (621).jpg,675.68,59.91,53.37,1.94,good,Image quality is good. Proceed with assessment.,0
train,Other,Other train (622).jpg,train\Other\Other train (622).jpg,674.81,59.76,53.26,1.94,good,Image quality is good. Proceed with assessment.,0
train,Other,Other train (623).jpg,train\Other\Other train (623).jpg,673.71,60.0,53.41,1.94,good,Image quality is good. Proceed with assessment.,0
train,Other,Other train (624).jpg,train\Other\Other train (624).jpg,676.27,61.18,54.37,1.93,good,Image quality is good. Proceed with assessment.,0
train,Other,Other train (625).jpg,train\Other\Other train (625).jpg,675.66,60.36,54.53,1.93,good,Image quality is good. Proceed with assessment.,0
train,Other,Other train (626).jpg,train\Other\Other train (626).jpg,677.83,60.04,54.47,1.92,good,Image quality is good. Proceed with assessment.,0
train,Other,Other train (627).jpg,train\Other\Other train (627).jpg,683.29,60.93,55.0,1.93,good,Image quality is good. Proceed with assessment.,0
train,Other,Other train (628).jpg,train\Other\Other train (628).jpg,683.72,61.99,55.49,1.93,good,Image quality is good. Proceed with assessment.,0
train,Other,Other train (629).jpg,train\Other\Other train (629).jpg,684.32,61.55,54.98,1.93,good,Image quality is good. Proceed with assessment.,0
train,Other,Other train (63).jpg,train\Other\Other train (63).jpg,493.3,56.54,58.67,1.5,good,Image quality is good. Proceed with assessment.,0
train,Other,Other train (630).jpg,train\Other\Other train (630).jpg,685.53,61.19,54.79,1.93,good,Image quality is good. Proceed with assessment.,0
train,Other,Other train (631).jpg,train\Other\Other train (631).jpg,685.12,61.15,54.77,1.93,good,Image quality is good. Proceed with assessment.,0
train,Other,Other train (632).jpg,train\Other\Other train (632).jpg,684.77,60.9,54.7,1.92,good,Image quality is good. Proceed with assessment.,0
train,Other,Other train (633).jpg,train\Other\Other train (633).jpg,684.11,60.73,54.77,1.92,good,Image quality is good. Proceed with assessment.,0
train,Other,Other train (634).jpg,train\Other\Other train (634).jpg,682.62,60.79,54.9,1.92,good,Image quality is good. Proceed with assessment.,0
train,Other,Other train (635).jpg,train\Other\Other train (635).jpg,680.86,61.17,55.19,1.93,good,Image quality is good. Proceed with assessment.,0
train,Other,Other train (636).jpg,train\Other\Other train (636).jpg,682.16,62.89,55.63,1.96,good,Image quality is good. Proceed with assessment.,0
train,Other,Other train (637).jpg,train\Other\Other train (637).jpg,677.11,63.56,54.73,1.94,good,Image quality is good. Proceed with assessment.,0
train,Other,Other train (638).jpg,train\Other\Other train (638).jpg,677.14,63.46,54.69,1.94,good,Image quality is good. Proceed with assessment.,0
train,Other,Other train (639).jpg,train\Other\Other train (639).jpg,677.8,63.53,54.65,1.95,good,Image quality is good. Proceed with assessment.,0
train,Other,Other train (64).jpg,train\Other\Other train (64).jpg,528.91,57.87,59.58,1.52,good,Image quality is good. Proceed with assessment.,0
train,Other,Other train (640).jpg,train\Other\Other train (640).jpg,678.91,64.36,55.1,1.96,good,Image quality is good. Proceed with assessment.,0
train,Other,Other train (641).jpg,train\Other\Other train (641).jpg,682.17,62.34,53.9,1.93,good,Image quality is good. Proceed with assessment.,0
train,Other,Other train (642).jpg,train\Other\Other train (642).jpg,688.62,62.43,53.91,1.95,good,Image quality is good. Proceed with assessment.,0
train,Other,Other train (643).jpg,train\Other\Other train (643).jpg,689.02,62.3,53.93,1.95,good,Image quality is good. Proceed with assessment.,0
train,Other,Other train (644).jpg,train\Other\Other train (644).jpg,689.31,62.5,53.92,1.95,good,Image quality is good. Proceed with assessment.,0
train,Other,Other train (645).jpg,train\Other\Other train (645).jpg,688.66,62.67,53.93,1.95,good,Image quality is good. Proceed with assessment.,0
train,Other,Other train (646).jpg,train\Other\Other train (646).jpg,689.07,62.77,54.05,1.95,good,Image quality is good. Proceed with assessment.,0
train,Other,Other train (647).jpg,train\Other\Other train (647).jpg,688.9,62.89,54.11,1.95,good,Image quality is good. Proceed with assessment.,0
train,Other,Other train (648).jpg,train\Other\Other train (648).jpg,658.41,63.6,57.46,1.92,good,Image quality is good. Proceed with assessment.,0
train,Other,Other train (649).jpg,train\Other\Other train (649).jpg,683.5,63.67,57.79,1.94,good,Image quality is good. Proceed with assessment.,0
train,Other,Other train (65).jpg,train\Other\Other train (65).jpg,547.9,59.03,60.15,1.54,good,Image quality is good. Proceed with assessment.,0
train,Other,Other train (650).jpg,train\Other\Other train (650).jpg,686.35,64.19,57.87,1.93,good,Image quality is good. Proceed with assessment.,0
train,Other,Other train (651).jpg,train\Other\Other train (651).jpg,685.73,63.98,57.59,1.93,good,Image quality is good. Proceed with assessment.,0
train,Other,Other train (652).jpg,train\Other\Other train (652).jpg,684.06,63.81,57.4,1.93,good,Image quality is good. Proceed with assessment.,0
train,Other,Other train (653).jpg,train\Other\Other train (653).jpg,679.36,63.55,57.04,1.93,good,Image quality is good. Proceed with assessment.,0
train,Other,Other train (654).jpg,train\Other\Other train (654).jpg,650.0,62.0,55.93,1.86,good,Image quality is good. Proceed with assessment.,0
train,Other,Other train (655).jpg,train\Other\Other train (655).jpg,649.4,62.62,56.87,1.89,good,Image quality is good. Proceed with assessment.,0
train,Other,Other train (656).jpg,train\Other\Other train (656).jpg,647.31,62.38,56.88,1.88,good,Image quality is good. Proceed with assessment.,0
train,Other,Other train (657).jpg,train\Other\Other train (657).jpg,659.35,60.5,56.48,1.88,good,Image quality is good. Proceed with assessment.,0
train,Other,Other train (658).jpg,train\Other\Other train (658).jpg,624.72,60.58,56.38,1.82,good,Image quality is good. Proceed with assessment.,0
train,Other,Other train (659).jpg,train\Other\Other train (659).jpg,622.09,60.08,55.98,1.8,good,Image quality is good. Proceed with assessment.,0
train,Other,Other train (66).jpg,train\Other\Other train (66).jpg,526.07,62.28,63.25,1.56,good,Image quality is good. Proceed with assessment.,0
train,Other,Other train (660).jpg,train\Other\Other train (660).jpg,627.49,59.76,56.18,1.8,good,Image quality is good. Proceed with assessment.,0
train,Other,Other train (661).jpg,train\Other\Other train (661).jpg,635.66,59.57,56.07,1.79,good,Image quality is good. Proceed with assessment.,0
train,Other,Other train (662).jpg,train\Other\Other train (662).jpg,641.37,59.51,55.92,1.8,good,Image quality is good. Proceed with assessment.,0
train,Other,Other train (663).jpg,train\Other\Other train (663).jpg,639.67,59.56,55.77,1.8,good,Image quality is good. Proceed with assessment.,0
train,Other,Other train (664).jpg,train\Other\Other train (664).jpg,640.19,59.69,55.92,1.81,good,Image quality is good. Proceed with assessment.,0
train,Other,Other train (665).jpg,train\Other\Other train (665).jpg,618.73,57.12,53.83,1.76,good,Image quality is good. Proceed with assessment.,0
train,Other,Other train (666).jpg,train\Other\Other train (666).jpg,629.55,54.73,52.0,1.75,good,Image quality is good. Proceed with assessment.,0
train,Other,Other train (667).jpg,train\Other\Other train (667).jpg,653.4,53.27,50.83,1.77,good,Image quality is good. Proceed with assessment.,0
train,Other,Other train (668).jpg,train\Other\Other train (668).jpg,655.16,53.22,50.57,1.77,good,Image quality is good. Proceed with assessment.,0
train,Other,Other train (669).jpg,train\Other\Other train (669).jpg,655.98,55.84,49.96,1.77,good,Image quality is good. Proceed with assessment.,0
train,Other,Other train (67).jpg,train\Other\Other train (67).jpg,508.66,63.18,65.72,1.6,good,Image quality is good. Proceed with assessment.,0
train,Other,Other train (670).jpg,train\Other\Other train (670).jpg,647.78,56.57,49.36,1.77,good,Image quality is good. Proceed with assessment.,0
train,Other,Other train (671).jpg,train\Other\Other train (671).jpg,639.3,57.87,47.63,1.78,good,Image quality is good. Proceed with assessment.,0
train,Other,Other train (672).jpg,train\Other\Other train (672).jpg,640.35,58.5,46.92,1.8,good,Image quality is good. Proceed with assessment.,0
train,Other,Other train (673).jpg,train\Other\Other train (673).jpg,636.43,56.91,43.92,1.84,good,Image quality is good. Proceed with assessment.,0
train,Other,Other train (674).jpg,train\Other\Other train (674).jpg,636.1,56.54,43.87,1.85,good,Image quality is good. Proceed with assessment.,0
train,Other,Other train (675).jpg,train\Other\Other train (675).jpg,632.48,55.64,43.33,1.84,good,Image quality is good. Proceed with assessment.,0
train,Other,Other train (676).jpg,train\Other\Other train (676).jpg,632.83,62.4,52.82,1.88,good,Image quality is good. Proceed with assessment.,0
train,Other,Other train (677).jpg,train\Other\Other train (677).jpg,636.84,62.77,53.19,1.89,good,Image quality is good. Proceed with assessment.,0
train,Other,Other train (678).jpg,train\Other\Other train (678).jpg,637.8,63.78,53.44,1.89,good,Image quality is good. Proceed with assessment.,0
train,Other,Other train (679).jpg,train\Other\Other train (679).jpg,642.09,63.94,53.56,1.9,good,Image quality is good. Proceed with assessment.,0
train,Other,Other train (68).jpg,train\Other\Other train (68).jpg,529.81,63.3,65.67,1.59,good,Image quality is good. Proceed with assessment.,0
train,Other,Other train (680).jpg,train\Other\Other train (680).jpg,622.97,61.6,51.23,1.9,good,Image quality is good. Proceed with assessment.,0
train,Other,Other train (681).jpg,train\Other\Other train (681).jpg,583.66,68.06,62.6,1.94,good,Image quality is good. Proceed with assessment.,0
train,Other,Other train (682).jpg,train\Other\Other train (682).jpg,575.75,66.47,60.54,1.87,good,Image quality is good. Proceed with assessment.,0
train,Other,Other train (683).jpg,train\Other\Other train (683).jpg,585.99,65.84,61.2,1.86,good,Image quality is good. Proceed with assessment.,0
train,Other,Other train (684).jpg,train\Other\Other train (684).jpg,599.7,65.6,63.42,1.87,good,Image quality is good. Proceed with assessment.,0
train,Other,Other train (685).jpg,train\Other\Other train (685).jpg,595.93,63.39,60.33,1.85,good,Image quality is good. Proceed with assessment.,0
train,Other,Other train (686).jpg,train\Other\Other train (686).jpg,595.92,63.88,61.0,1.86,good,Image quality is good. Proceed with assessment.,0
train,Other,Other train (687).jpg,train\Other\Other train (687).jpg,594.64,64.37,61.56,1.87,good,Image quality is good. Proceed with assessment.,0
train,Other,Other train (688).jpg,train\Other\Other train (688).jpg,595.87,65.37,63.0,1.88,good,Image quality is good. Proceed with assessment.,0
train,Other,Other train (689).jpg,train\Other\Other train (689).jpg,596.0,65.56,63.27,1.88,good,Image quality is good. Proceed with assessment.,0
train,Other,Other train (69).jpg,train\Other\Other train (69).jpg,541.95,63.01,65.6,1.61,good,Image quality is good. Proceed with assessment.,0
train,Other,Other train (690).jpg,train\Other\Other train (690).jpg,595.64,65.39,63.28,1.87,good,Image quality is good. Proceed with assessment.,0
train,Other,Other train (691).jpg,train\Other\Other train (691).jpg,592.26,65.8,64.4,1.89,good,Image quality is good. Proceed with assessment.,0
train,Other,Other train (692).jpg,train\Other\Other train (692).jpg,595.01,66.04,64.93,1.91,good,Image quality is good. Proceed with assessment.,0
train,Other,Other train (693).jpg,train\Other\Other train (693).jpg,593.64,66.01,65.04,1.91,good,Image quality is good. Proceed with assessment.,0
train,Other,Other train (694).jpg,train\Other\Other train (694).jpg,593.39,65.65,65.12,1.9,good,Image quality is good. Proceed with assessment.,0
train,Other,Other train (695).jpg,train\Other\Other train (695).jpg,593.16,65.58,65.43,1.91,good,Image quality is good. Proceed with assessment.,0
train,Other,Other train (696).jpg,train\Other\Other train (696).jpg,602.68,66.24,64.87,1.93,good,Image quality is good. Proceed with assessment.,0
train,Other,Other train (697).jpg,train\Other\Other train (697).jpg,602.56,66.47,64.86,1.92,good,Image quality is good. Proceed with assessment.,0
train,Other,Other train (698).jpg,train\Other\Other train (698).jpg,605.55,66.62,65.11,1.92,good,Image quality is good. Proceed with assessment.,0
train,Other,Other train (699).jpg,train\Other\Other train (699).jpg,607.25,66.76,65.38,1.94,good,Image quality is good. Proceed with assessment.,0
train,Other,Other train (7).jpg,train\Other\Other train (7).jpg,656.88,46.89,48.01,1.88,good,Image quality is good. Proceed with assessment.,0
train,Other,Other train (70).jpg,train\Other\Other train (70).jpg,589.1,24.27,36.46,1.62,good,Image quality is good. Proceed with assessment.,0
train,Other,Other train (700).jpg,train\Other\Other train (700).jpg,608.12,66.93,65.68,1.96,good,Image quality is good. Proceed with assessment.,0
train,Other,Other train (701).jpg,train\Other\Other train (701).jpg,607.63,66.88,65.67,1.96,good,Image quality is good. Proceed with assessment.,0
train,Other,Other train (702).jpg,train\Other\Other train (702).jpg,607.53,67.42,65.84,1.96,good,Image quality is good. Proceed with assessment.,0
train,Other,Other train (703).jpg,train\Other\Other train (703).jpg,607.66,67.31,65.49,1.95,good,Image quality is good. Proceed with assessment.,0
train,Other,Other train (704).jpg,train\Other\Other train (704).jpg,610.85,67.53,65.81,1.97,good,Image quality is good. Proceed with assessment.,0
train,Other,Other train (705).jpg,train\Other\Other train (705).jpg,622.84,37.04,44.27,1.8,good,Image quality is good. Proceed with assessment.,0
train,Other,Other train (706).jpg,train\Other\Other train (706).jpg,623.8,39.46,45.96,1.86,good,Image quality is good. Proceed with assessment.,0
train,Other,Other train (707).jpg,train\Other\Other train (707).jpg,623.76,39.5,45.85,1.86,good,Image quality is good. Proceed with assessment.,0
train,Other,Other train (708).jpg,train\Other\Other train (708).jpg,622.07,39.64,45.21,1.86,good,Image quality is good. Proceed with assessment.,0
train,Other,Other train (709).jpg,train\Other\Other train (709).jpg,622.3,39.7,45.14,1.86,good,Image quality is good. Proceed with assessment.,0
train,Other,Other train (71).jpg,train\Other\Other train (71).jpg,598.5,35.35,46.13,1.67,good,Image quality is good. Proceed with assessment.,0
train,Other,Other train (710).jpg,train\Other\Other train (710).jpg,622.08,39.89,45.04,1.86,good,Image quality is good. Proceed with assessment.,0
train,Other,Other train (711).jpg,train\Other\Other train (711).jpg,623.83,40.77,45.86,1.87,good,Image quality is good. Proceed with assessment.,0
train,Other,Other train (712).jpg,train\Other\Other train (712).jpg,626.06,40.65,45.78,1.88,good,Image quality is good. Proceed with assessment.,0
train,Other,Other train (713).jpg,train\Other\Other train (713).jpg,625.95,40.06,45.21,1.86,good,Image quality is good. Proceed with assessment.,0
train,Other,Other train (714).jpg,train\Other\Other train (714).jpg,626.11,40.47,45.6,1.85,good,Image quality is good. Proceed with assessment.,0
train,Other,Other train (715).jpg,train\Other\Other train (715).jpg,626.8,40.55,45.9,1.88,good,Image quality is good. Proceed with assessment.,0
train,Other,Other train (716).jpg,train\Other\Other train (716).jpg,625.13,40.4,46.1,1.88,good,Image quality is good. Proceed with assessment.,0
train,Other,Other train (717).jpg,train\Other\Other train (717).jpg,630.35,41.66,47.7,1.86,good,Image quality is good. Proceed with assessment.,0
train,Other,Other train (718).jpg,train\Other\Other train (718).jpg,632.77,41.35,47.29,1.84,good,Image quality is good. Proceed with assessment.,0
train,Other,Other train (719).jpg,train\Other\Other train (719).jpg,633.0,41.02,47.11,1.85,good,Image quality is good. Proceed with assessment.,0
train,Other,Other train (72).jpg,train\Other\Other train (72).jpg,601.42,42.24,48.46,1.71,good,Image quality is good. Proceed with assessment.,0
train,Other,Other train (720).jpg,train\Other\Other train (720).jpg,632.8,41.13,47.17,1.85,good,Image quality is good. Proceed with assessment.,0
train,Other,Other train (721).jpg,train\Other\Other train (721).jpg,476.02,52.94,50.26,1.53,good,Image quality is good. Proceed with assessment.,0
train,Other,Other train (722).jpg,train\Other\Other train (722).jpg,468.99,52.76,49.94,1.5,good,Image quality is good. Proceed with assessment.,0
train,Other,Other train (723).jpg,train\Other\Other train (723).jpg,474.76,52.68,50.15,1.51,good,Image quality is good. Proceed with assessment.,0
train,Other,Other train (724).jpg,train\Other\Other train (724).jpg,462.06,53.05,46.58,1.51,good,Image quality is good. Proceed with assessment.,0
train,Other,Other train (725).jpg,train\Other\Other train (725).jpg,439.92,54.06,43.56,1.52,good,Image quality is good. Proceed with assessment.,0
train,Other,Other train (726).jpg,train\Other\Other train (726).jpg,441.35,55.03,44.01,1.56,good,Image quality is good. Proceed with assessment.,0
train,Other,Other train (727).jpg,train\Other\Other train (727).jpg,443.17,56.47,44.06,1.58,good,Image quality is good. Proceed with assessment.,0
train,Other,Other train (728).jpg,train\Other\Other train (728).jpg,436.69,56.15,44.24,1.55,good,Image quality is good. Proceed with assessment.,0
train,Other,Other train (729).jpg,train\Other\Other train (729).jpg,421.55,54.37,44.23,1.53,good,Image quality is good. Proceed with assessment.,0
train,Other,Other train (73).jpg,train\Other\Other train (73).jpg,601.19,43.28,49.38,1.71,good,Image quality is good. Proceed with assessment.,0
train,Other,Other train (730).jpg,train\Other\Other train (730).jpg,643.15,38.77,46.85,1.84,good,Image quality is good. Proceed with assessment.,0
train,Other,Other train (731).jpg,train\Other\Other train (731).jpg,642.73,38.8,46.83,1.85,good,Image quality is good. Proceed with assessment.,0
train,Other,Other train (732).jpg,train\Other\Other train (732).jpg,650.68,38.47,46.55,1.88,good,Image quality is good. Proceed with assessment.,0
train,Other,Other train (733).jpg,train\Other\Other train (733).jpg,627.37,39.4,45.76,1.93,good,Image quality is good. Proceed with assessment.,0
train,Other,Other train (734).jpg,train\Other\Other train (734).jpg,628.41,39.11,45.73,1.93,good,Image quality is good. Proceed with assessment.,0
train,Other,Other train (735).jpg,train\Other\Other train (735).jpg,625.87,39.14,46.15,1.94,good,Image quality is good. Proceed with assessment.,0
train,Other,Other train (736).jpg,train\Other\Other train (736).jpg,629.54,38.98,46.09,1.95,good,Image quality is good. Proceed with assessment.,0
train,Other,Other train (737).jpg,train\Other\Other train (737).jpg,642.47,37.83,45.19,1.96,good,Image quality is good. Proceed with assessment.,0
train,Other,Other train (738).jpg,train\Other\Other train (738).jpg,643.48,38.27,45.56,1.97,good,Image quality is good. Proceed with assessment.,0
train,Other,Other train (739).jpg,train\Other\Other train (739).jpg,641.23,38.34,45.57,1.97,good,Image quality is good. Proceed with assessment.,0
train,Other,Other train (74).jpg,train\Other\Other train (74).jpg,600.47,44.16,49.78,1.72,good,Image quality is good. Proceed with assessment.,0
train,Other,Other train (740).jpg,train\Other\Other train (740).jpg,642.06,38.35,45.56,1.97,good,Image quality is good. Proceed with assessment.,0
train,Other,Other train (741).jpg,train\Other\Other train (741).jpg,641.5,38.21,45.47,1.96,good,Image quality is good. Proceed with assessment.,0
train,Other,Other train (742).jpg,train\Other\Other train (742).jpg,641.67,38.26,45.53,1.96,good,Image quality is good. Proceed with assessment.,0
train,Other,Other train (743).jpg,train\Other\Other train (743).jpg,642.05,38.42,45.44,1.96,good,Image quality is good. Proceed with assessment.,0
train,Other,Other train (744).jpg,train\Other\Other train (744).jpg,642.6,38.14,45.07,1.94,good,Image quality is good. Proceed with assessment.,0
train,Other,Other train (745).jpg,train\Other\Other train (745).jpg,610.82,57.95,61.56,1.89,good,Image quality is good. Proceed with assessment.,0
train,Other,Other train (746).jpg,train\Other\Other train (746).jpg,601.06,56.22,59.66,1.88,good,Image quality is good. Proceed with assessment.,0
train,Other,Other train (747).jpg,train\Other\Other train (747).jpg,600.5,56.33,59.83,1.87,good,Image quality is good. Proceed with assessment.,0
train,Other,Other train (748).jpg,train\Other\Other train (748).jpg,596.97,55.99,59.04,1.83,good,Image quality is good. Proceed with assessment.,0
train,Other,Other train (749).jpg,train\Other\Other train (749).jpg,603.04,57.27,58.65,1.79,good,Image quality is good. Proceed with assessment.,0
train,Other,Other train (75).jpg,train\Other\Other train (75).jpg,596.81,45.65,50.11,1.73,good,Image quality is good. Proceed with assessment.,0
train,Other,Other train (750).jpg,train\Other\Other train (750).jpg,614.86,57.08,59.46,1.9,good,Image quality is good. Proceed with assessment.,0
train,Other,Other train (751).jpg,train\Other\Other train (751).jpg,611.61,55.77,56.64,1.88,good,Image quality is good. Proceed with assessment.,0
train,Other,Other train (752).jpg,train\Other\Other train (752).jpg,612.3,55.58,56.09,1.87,good,Image quality is good. Proceed with assessment.,0
train,Other,Other train (753).jpg,train\Other\Other train (753).jpg,613.08,55.57,55.29,1.87,good,Image quality is good. Proceed with assessment.,0
train,Other,Other train (754).jpg,train\Other\Other train (754).jpg,614.04,56.05,55.22,1.88,good,Image quality is good. Proceed with assessment.,0
train,Other,Other train (755).jpg,train\Other\Other train (755).jpg,614.32,56.2,56.06,1.89,good,Image quality is good. Proceed with assessment.,0
train,Other,Other train (756).jpg,train\Other\Other train (756).jpg,614.11,56.24,56.95,1.9,good,Image quality is good. Proceed with assessment.,0
train,Other,Other train (757).jpg,train\Other\Other train (757).jpg,612.76,56.6,57.83,1.87,good,Image quality is good. Proceed with assessment.,0
train,Other,Other train (758).jpg,train\Other\Other train (758).jpg,604.99,56.71,57.98,1.86,good,Image quality is good. Proceed with assessment.,0
train,Other,Other train (759).jpg,train\Other\Other train (759).jpg,605.86,56.84,58.64,1.88,good,Image quality is good. Proceed with assessment.,0
train,Other,Other train (76).jpg,train\Other\Other train (76).jpg,597.33,46.11,50.25,1.74,good,Image quality is good. Proceed with assessment.,0
train,Other,Other train (760).jpg,train\Other\Other train (760).jpg,606.89,56.9,59.01,1.87,good,Image quality is good. Proceed with assessment.,0
train,Other,Other train (761).jpg,train\Other\Other train (761).jpg,607.46,56.43,58.71,1.84,good,Image quality is good. Proceed with assessment.,0
train,Other,Other train (762).jpg,train\Other\Other train (762).jpg,595.9,55.12,57.11,1.79,good,Image quality is good. Proceed with assessment.,0
train,Other,Other train (763).jpg,train\Other\Other train (763).jpg,594.75,54.94,57.08,1.79,good,Image quality is good. Proceed with assessment.,0
train,Other,Other train (764).jpg,train\Other\Other train (764).jpg,590.84,54.87,57.91,1.82,good,Image quality is good. Proceed with assessment.,0
train,Other,Other train (765).jpg,train\Other\Other train (765).jpg,590.5,56.68,57.93,1.82,good,Image quality is good. Proceed with assessment.,0
train,Other,Other train (766).jpg,train\Other\Other train (766).jpg,592.67,56.74,57.8,1.81,good,Image quality is good. Proceed with assessment.,0
train,Other,Other train (767).jpg,train\Other\Other train (767).jpg,611.83,56.9,60.58,1.92,good,Image quality is good. Proceed with assessment.,0
train,Other,Other train (768).jpg,train\Other\Other train (768).jpg,554.87,50.89,49.4,1.77,good,Image quality is good. Proceed with assessment.,0
train,Other,Other train (769).jpg,train\Other\Other train (769).jpg,559.0,50.6,49.06,1.76,good,Image quality is good. Proceed with assessment.,0
train,Other,Other train (77).jpg,train\Other\Other train (77).jpg,598.96,46.62,50.63,1.75,good,Image quality is good. Proceed with assessment.,0
train,Other,Other train (770).jpg,train\Other\Other train (770).jpg,642.48,70.54,61.72,1.95,good,Image quality is good. Proceed with assessment.,0
train,Other,Other train (771).jpg,train\Other\Other train (771).jpg,644.47,70.59,61.76,1.96,good,Image quality is good. Proceed with assessment.,0
train,Other,Other train (772).jpg,train\Other\Other train (772).jpg,661.28,70.5,61.98,1.98,good,Image quality is good. Proceed with assessment.,0
train,Other,Other train (773).jpg,train\Other\Other train (773).jpg,673.48,71.5,62.45,1.97,good,Image quality is good. Proceed with assessment.,0
train,Other,Other train (774).jpg,train\Other\Other train (774).jpg,676.75,71.97,62.7,1.97,good,Image quality is good. Proceed with assessment.,0
train,Other,Other train (775).jpg,train\Other\Other train (775).jpg,677.03,72.17,62.7,1.98,good,Image quality is good. Proceed with assessment.,0
train,Other,Other train (776).jpg,train\Other\Other train (776).jpg,662.63,64.05,60.15,1.99,good,Image quality is good. Proceed with assessment.,0
train,Other,Other train (777).jpg,train\Other\Other train (777).jpg,663.48,63.68,60.16,1.97,good,Image quality is good. Proceed with assessment.,0
train,Other,Other train (778).jpg,train\Other\Other train (778).jpg,663.56,63.28,60.1,1.97,good,Image quality is good. Proceed with assessment.,0
train,Other,Other train (779).jpg,train\Other\Other train (779).jpg,664.24,63.3,60.31,1.96,good,Image quality is good. Proceed with assessment.,0
train,Other,Other train (78).jpg,train\Other\Other train (78).jpg,600.78,47.37,51.22,1.75,good,Image quality is good. Proceed with assessment.,0
train,Other,Other train (780).jpg,train\Other\Other train (780).jpg,667.27,62.63,61.12,1.96,good,Image quality is good. Proceed with assessment.,0
train,Other,Other train (781).jpg,train\Other\Other train (781).jpg,614.41,69.98,57.33,1.9,good,Image quality is good. Proceed with assessment.,0
train,Other,Other train (782).jpg,train\Other\Other train (782).jpg,653.42,70.46,58.62,1.9,good,Image quality is good. Proceed with assessment.,0
train,Other,Other train (783).jpg,train\Other\Other train (783).jpg,651.21,70.18,59.44,1.88,good,Image quality is good. Proceed with assessment.,0
train,Other,Other train (784).jpg,train\Other\Other train (784).jpg,653.44,70.77,59.54,1.89,good,Image quality is good. Proceed with assessment.,0
train,Other,Other train (785).jpg,train\Other\Other train (785).jpg,653.92,71.25,59.24,1.9,good,Image quality is good. Proceed with assessment.,0
train,Other,Other train (786).jpg,train\Other\Other train (786).jpg,671.05,71.28,58.53,1.92,good,Image quality is good. Proceed with assessment.,0
train,Other,Other train (787).jpg,train\Other\Other train (787).jpg,661.78,71.76,58.15,1.86,good,Image quality is good. Proceed with assessment.,0
train,Other,Other train (788).jpg,train\Other\Other train (788).jpg,653.0,72.08,58.23,1.84,good,Image quality is good. Proceed with assessment.,0
train,Other,Other train (789).jpg,train\Other\Other train (789).jpg,647.33,73.53,60.07,1.88,good,Image quality is good. Proceed with assessment.,0
train,Other,Other train (79).jpg,train\Other\Other train (79).jpg,601.26,47.92,51.86,1.75,good,Image quality is good. Proceed with assessment.,0
train,Other,Other train (790).jpg,train\Other\Other train (790).jpg,646.93,73.46,59.89,1.87,good,Image quality is good. Proceed with assessment.,0
train,Other,Other train (791).jpg,train\Other\Other train (791).jpg,651.95,72.09,58.37,1.84,good,Image quality is good. Proceed with assessment.,0
train,Other,Other train (792).jpg,train\Other\Other train (792).jpg,667.2,72.74,59.75,1.89,good,Image quality is good. Proceed with assessment.,0
train,Other,Other train (793).jpg,train\Other\Other train (793).jpg,678.13,73.9,61.72,1.95,good,Image quality is good. Proceed with assessment.,0
train,Other,Other train (794).jpg,train\Other\Other train (794).jpg,636.28,68.54,61.48,1.93,good,Image quality is good. Proceed with assessment.,0
train,Other,Other train (795).jpg,train\Other\Other train (795).jpg,641.58,68.5,61.63,1.94,good,Image quality is good. Proceed with assessment.,0
train,Other,Other train (796).jpg,train\Other\Other train (796).jpg,648.75,64.01,55.24,1.91,good,Image quality is good. Proceed with assessment.,0
train,Other,Other train (797).jpg,train\Other\Other train (797).jpg,647.52,64.3,55.24,1.91,good,Image quality is good. Proceed with assessment.,0
train,Other,Other train (798).jpg,train\Other\Other train (798).jpg,639.93,63.25,55.9,1.93,good,Image quality is good. Proceed with assessment.,0
train,Other,Other train (799).jpg,train\Other\Other train (799).jpg,641.29,62.91,56.08,1.93,good,Image quality is good. Proceed with assessment.,0
train,Other,Other train (8).jpg,train\Other\Other train (8).jpg,655.14,47.88,48.84,1.87,good,Image quality is good. Proceed with assessment.,0
train,Other,Other train (80).jpg,train\Other\Other train (80).jpg,607.9,48.86,51.99,1.81,good,Image quality is good. Proceed with assessment.,0
train,Other,Other train (800).jpg,train\Other\Other train (800).jpg,642.56,62.58,56.26,1.93,good,Image quality is good. Proceed with assessment.,0
train,Other,Other train (801).jpg,train\Other\Other train (801).jpg,637.75,60.46,52.58,1.89,good,Image quality is good. Proceed with assessment.,0
train,Other,Other train (802).jpg,train\Other\Other train (802).jpg,630.27,61.85,51.71,1.9,good,Image quality is good. Proceed with assessment.,0
train,Other,Other train (803).jpg,train\Other\Other train (803).jpg,634.2,61.74,51.65,1.91,good,Image quality is good. Proceed with assessment.,0
train,Other,Other train (804).jpg,train\Other\Other train (804).jpg,640.68,57.86,52.53,1.9,good,Image quality is good. Proceed with assessment.,0
train,Other,Other train (805).jpg,train\Other\Other train (805).jpg,640.25,57.4,53.05,1.89,good,Image quality is good. Proceed with assessment.,0
train,Other,Other train (806).jpg,train\Other\Other train (806).jpg,629.84,58.05,55.42,1.88,good,Image quality is good. Proceed with assessment.,0
train,Other,Other train (807).jpg,train\Other\Other train (807).jpg,630.51,58.67,56.25,1.89,good,Image quality is good. Proceed with assessment.,0
train,Other,Other train (808).jpg,train\Other\Other train (808).jpg,631.34,58.96,56.59,1.89,good,Image quality is good. Proceed with assessment.,0
train,Other,Other train (809).jpg,train\Other\Other train (809).jpg,637.65,58.48,55.07,1.86,good,Image quality is good. Proceed with assessment.,0
train,Other,Other train (81).jpg,train\Other\Other train (81).jpg,610.08,49.61,51.22,1.83,good,Image quality is good. Proceed with assessment.,0
train,Other,Other train (810).jpg,train\Other\Other train (810).jpg,637.33,58.31,55.4,1.87,good,Image quality is good. Proceed with assessment.,0
train,Other,Other train (811).jpg,train\Other\Other train (811).jpg,638.45,58.37,55.63,1.88,good,Image quality is good. Proceed with assessment.,0
train,Other,Other train (812).jpg,train\Other\Other train (812).jpg,650.66,58.26,54.28,1.93,good,Image quality is good. Proceed with assessment.,0
train,Other,Other train (813).jpg,train\Other\Other train (813).jpg,644.44,58.38,54.16,1.93,good,Image quality is good. Proceed with assessment.,0
train,Other,Other train (814).jpg,train\Other\Other train (814).jpg,627.32,63.37,52.83,1.91,good,Image quality is good. Proceed with assessment.,0
train,Other,Other train (815).jpg,train\Other\Other train (815).jpg,631.54,62.9,52.61,1.92,good,Image quality is good. Proceed with assessment.,0
train,Other,Other train (816).jpg,train\Other\Other train (816).jpg,626.48,63.92,52.04,1.92,good,Image quality is good. Proceed with assessment.,0
train,Other,Other train (817).jpg,train\Other\Other train (817).jpg,636.77,61.21,49.27,1.91,good,Image quality is good. Proceed with assessment.,0
train,Other,Other train (818).jpg,train\Other\Other train (818).jpg,629.14,60.69,48.39,1.89,good,Image quality is good. Proceed with assessment.,0
train,Other,Other train (819).jpg,train\Other\Other train (819).jpg,624.83,59.91,48.08,1.88,good,Image quality is good. Proceed with assessment.,0
train,Other,Other train (82).jpg,train\Other\Other train (82).jpg,611.42,49.64,50.95,1.83,good,Image quality is good. Proceed with assessment.,0
train,Other,Other train (820).jpg,train\Other\Other train (820).jpg,622.54,59.76,48.34,1.89,good,Image quality is good. Proceed with assessment.,0
train,Other,Other train (821).jpg,train\Other\Other train (821).jpg,624.12,59.71,48.58,1.9,good,Image quality is good. Proceed with assessment.,0
train,Other,Other train (822).jpg,train\Other\Other train (822).jpg,624.55,59.33,48.88,1.91,good,Image quality is good. Proceed with assessment.,0
train,Other,Other train (823).jpg,train\Other\Other train (823).jpg,620.66,59.03,49.54,1.91,good,Image quality is good. Proceed with assessment.,0
train,Other,Other train (824).jpg,train\Other\Other train (824).jpg,612.14,58.57,49.31,1.9,good,Image quality is good. Proceed with assessment.,0
train,Other,Other train (825).jpg,train\Other\Other train (825).jpg,618.33,58.62,50.67,1.91,good,Image quality is good. Proceed with assessment.,0
train,Other,Other train (826).jpg,train\Other\Other train (826).jpg,600.83,60.31,50.75,1.86,good,Image quality is good. Proceed with assessment.,0
train,Other,Other train (827).jpg,train\Other\Other train (827).jpg,417.99,61.61,50.55,1.42,good,Image quality is good. Proceed with assessment.,0
train,Other,Other train (828).jpg,train\Other\Other train (828).jpg,417.74,61.17,50.34,1.41,good,Image quality is good. Proceed with assessment.,0
train,Other,Other train (829).jpg,train\Other\Other train (829).jpg,419.27,58.94,49.89,1.39,good,Image quality is good. Proceed with assessment.,0
train,Other,Other train (83).jpg,train\Other\Other train (83).jpg,612.49,49.99,51.16,1.82,good,Image quality is good. Proceed with assessment.,0
train,Other,Other train (830).jpg,train\Other\Other train (830).jpg,424.31,58.74,49.71,1.39,good,Image quality is good. Proceed with assessment.,0
train,Other,Other train (831).jpg,train\Other\Other train (831).jpg,427.36,59.32,50.37,1.41,good,Image quality is good. Proceed with assessment.,0
train,Other,Other train (832).jpg,train\Other\Other train (832).jpg,431.7,60.14,50.76,1.42,good,Image quality is good. Proceed with assessment.,0
train,Other,Other train (833).jpg,train\Other\Other train (833).jpg,414.54,62.07,53.53,1.43,good,Image quality is good. Proceed with assessment.,0
train,Other,Other train (834).jpg,train\Other\Other train (834).jpg,413.58,61.86,53.28,1.43,good,Image quality is good. Proceed with assessment.,0
train,Other,Other train (835).jpg,train\Other\Other train (835).jpg,410.42,62.57,54.07,1.42,good,Image quality is good. Proceed with assessment.,0
train,Other,Other train (836).jpg,train\Other\Other train (836).jpg,407.8,62.81,54.25,1.42,good,Image quality is good. Proceed with assessment.,0
train,Other,Other train (837).jpg,train\Other\Other train (837).jpg,407.29,62.96,54.32,1.42,good,Image quality is good. Proceed with assessment.,0
train,Other,Other train (838).jpg,train\Other\Other train (838).jpg,407.38,63.04,54.44,1.42,good,Image quality is good. Proceed with assessment.,0
train,Other,Other train (839).jpg,train\Other\Other train (839).jpg,394.36,38.88,40.78,1.31,good,Image quality is good. Proceed with assessment.,0
train,Other,Other train (84).jpg,train\Other\Other train (84).jpg,613.34,50.57,52.09,1.83,good,Image quality is good. Proceed with assessment.,0
train,Other,Other train (840).jpg,train\Other\Other train (840).jpg,393.99,39.41,41.22,1.31,good,Image quality is good. Proceed with assessment.,0
train,Other,Other train (841).jpg,train\Other\Other train (841).jpg,393.19,39.96,41.86,1.31,good,Image quality is good. Proceed with assessment.,0
train,Other,Other train (842).jpg,train\Other\Other train (842).jpg,392.63,41.06,42.71,1.31,good,Image quality is good. Proceed with assessment.,0
train,Other,Other train (843).jpg,train\Other\Other train (843).jpg,391.53,41.46,42.94,1.31,good,Image quality is good. Proceed with assessment.,0
train,Other,Other train (844).jpg,train\Other\Other train (844).jpg,393.27,43.26,44.51,1.34,good,Image quality is good. Proceed with assessment.,0
train,Other,Other train (845).jpg,train\Other\Other train (845).jpg,394.11,43.61,45.82,1.33,good,Image quality is good. Proceed with assessment.,0
train,Other,Other train (846).jpg,train\Other\Other train (846).jpg,394.63,43.53,45.69,1.34,good,Image quality is good. Proceed with assessment.,0
train,Other,Other train (847).jpg,train\Other\Other train (847).jpg,397.1,42.72,44.19,1.36,good,Image quality is good. Proceed with assessment.,0
train,Other,Other train (848).jpg,train\Other\Other train (848).jpg,393.98,43.7,45.77,1.33,good,Image quality is good. Proceed with assessment.,0
train,Other,Other train (849).jpg,train\Other\Other train (849).jpg,392.39,43.52,45.43,1.33,good,Image quality is good. Proceed with assessment.,0
train,Other,Other train (85).jpg,train\Other\Other train (85).jpg,614.2,50.68,52.75,1.82,good,Image quality is good. Proceed with assessment.,0
train,Other,Other train (850).jpg,train\Other\Other train (850).jpg,394.15,45.05,45.01,1.35,good,Image quality is good. Proceed with assessment.,0
train,Other,Other train (851).jpg,train\Other\Other train (851).jpg,391.55,45.25,45.09,1.34,good,Image quality is good. Proceed with assessment.,0
train,Other,Other train (852).jpg,train\Other\Other train (852).jpg,390.37,43.92,44.62,1.34,good,Image quality is good. Proceed with assessment.,0
train,Other,Other train (853).jpg,train\Other\Other train (853).jpg,390.0,43.78,44.55,1.34,good,Image quality is good. Proceed with assessment.,0
train,Other,Other train (854).jpg,train\Other\Other train (854).jpg,390.22,43.85,44.58,1.34,good,Image quality is good. Proceed with assessment.,0
train,Other,Other train (855).jpg,train\Other\Other train (855).jpg,390.67,44.31,44.6,1.35,good,Image quality is good. Proceed with assessment.,0
train,Other,Other train (856).jpg,train\Other\Other train (856).jpg,390.37,44.25,44.7,1.35,good,Image quality is good. Proceed with assessment.,0
train,Other,Other train (857).jpg,train\Other\Other train (857).jpg,391.93,45.26,44.97,1.34,good,Image quality is good. Proceed with assessment.,0
train,Other,Other train (858).jpg,train\Other\Other train (858).jpg,392.52,45.34,45.11,1.35,good,Image quality is good. Proceed with assessment.,0
train,Other,Other train (859).jpg,train\Other\Other train (859).jpg,392.78,45.24,45.41,1.35,good,Image quality is good. Proceed with assessment.,0
train,Other,Other train (86).jpg,train\Other\Other train (86).jpg,608.98,50.67,52.36,1.8,good,Image quality is good. Proceed with assessment.,0
train,Other,Other train (860).jpg,train\Other\Other train (860).jpg,397.85,46.11,46.07,1.37,good,Image quality is good. Proceed with assessment.,0
train,Other,Other train (861).jpg,train\Other\Other train (861).jpg,396.78,46.64,46.19,1.35,good,Image quality is good. Proceed with assessment.,0
train,Other,Other train (862).jpg,train\Other\Other train (862).jpg,396.5,46.73,46.19,1.35,good,Image quality is good. Proceed with assessment.,0
train,Other,Other train (863).jpg,train\Other\Other train (863).jpg,396.4,46.2,46.09,1.37,good,Image quality is good. Proceed with assessment.,0
train,Other,Other train (864).jpg,train\Other\Other train (864).jpg,395.23,45.75,45.72,1.37,good,Image quality is good. Proceed with assessment.,0
train,Other,Other train (865).jpg,train\Other\Other train (865).jpg,395.75,45.59,45.61,1.37,good,Image quality is good. Proceed with assessment.,0
train,Other,Other train (866).jpg,train\Other\Other train (866).jpg,395.88,45.57,45.49,1.36,good,Image quality is good. Proceed with assessment.,0
train,Other,Other train (867).jpg,train\Other\Other train (867).jpg,387.57,44.14,45.68,1.34,good,Image quality is good. Proceed with assessment.,0
train,Other,Other train (868).jpg,train\Other\Other train (868).jpg,390.18,43.93,45.65,1.34,good,Image quality is good. Proceed with assessment.,0
train,Other,Other train (869).jpg,train\Other\Other train (869).jpg,391.0,44.29,46.2,1.34,good,Image quality is good. Proceed with assessment.,0
train,Other,Other train (87).jpg,train\Other\Other train (87).jpg,606.3,50.19,51.32,1.8,good,Image quality is good. Proceed with assessment.,0
train,Other,Other train (870).jpg,train\Other\Other train (870).jpg,396.12,42.13,44.49,1.36,good,Image quality is good. Proceed with assessment.,0
train,Other,Other train (871).jpg,train\Other\Other train (871).jpg,582.18,43.9,55.16,1.75,good,Image quality is good. Proceed with assessment.,0
train,Other,Other train (872).jpg,train\Other\Other train (872).jpg,582.38,43.93,55.13,1.75,good,Image quality is good. Proceed with assessment.,0
train,Other,Other train (873).jpg,train\Other\Other train (873).jpg,583.56,43.71,54.93,1.74,good,Image quality is good. Proceed with assessment.,0
train,Other,Other train (874).jpg,train\Other\Other train (874).jpg,583.17,43.85,55.12,1.75,good,Image quality is good. Proceed with assessment.,0
train,Other,Other train (875).jpg,train\Other\Other train (875).jpg,582.91,43.7,54.95,1.75,good,Image quality is good. Proceed with assessment.,0
train,Other,Other train (876).jpg,train\Other\Other train (876).jpg,583.29,43.69,55.12,1.76,good,Image quality is good. Proceed with assessment.,0
train,Other,Other train (877).jpg,train\Other\Other train (877).jpg,582.78,43.65,55.16,1.76,good,Image quality is good. Proceed with assessment.,0
train,Other,Other train (878).jpg,train\Other\Other train (878).jpg,583.13,43.65,55.17,1.76,good,Image quality is good. Proceed with assessment.,0
train,Other,Other train (879).jpg,train\Other\Other train (879).jpg,583.34,43.76,55.28,1.75,good,Image quality is good. Proceed with assessment.,0
train,Other,Other train (88).jpg,train\Other\Other train (88).jpg,603.55,49.05,51.34,1.81,good,Image quality is good. Proceed with assessment.,0
train,Other,Other train (880).jpg,train\Other\Other train (880).jpg,582.7,43.63,55.25,1.75,good,Image quality is good. Proceed with assessment.,0
train,Other,Other train (881).jpg,train\Other\Other train (881).jpg,582.6,43.52,55.03,1.74,good,Image quality is good. Proceed with assessment.,0
train,Other,Other train (882).jpg,train\Other\Other train (882).jpg,582.03,43.75,55.22,1.75,good,Image quality is good. Proceed with assessment.,0
train,Other,Other train (883).jpg,train\Other\Other train (883).jpg,582.69,43.41,54.45,1.73,good,Image quality is good. Proceed with assessment.,0
train,Other,Other train (884).jpg,train\Other\Other train (884).jpg,583.74,43.36,54.23,1.73,good,Image quality is good. Proceed with assessment.,0
train,Other,Other train (885).jpg,train\Other\Other train (885).jpg,585.73,42.59,52.81,1.72,good,Image quality is good. Proceed with assessment.,0
train,Other,Other train (886).jpg,train\Other\Other train (886).jpg,594.12,41.29,51.99,1.76,good,Image quality is good. Proceed with assessment.,0
train,Other,Other train (887).jpg,train\Other\Other train (887).jpg,595.2,41.2,52.02,1.77,good,Image quality is good. Proceed with assessment.,0
train,Other,Other train (888).jpg,train\Other\Other train (888).jpg,595.95,40.99,52.03,1.77,good,Image quality is good. Proceed with assessment.,0
train,Other,Other train (889).jpg,train\Other\Other train (889).jpg,591.78,40.63,52.01,1.75,good,Image quality is good. Proceed with assessment.,0
train,Other,Other train (89).jpg,train\Other\Other train (89).jpg,605.49,49.1,51.8,1.83,good,Image quality is good. Proceed with assessment.,0
train,Other,Other train (890).jpg,train\Other\Other train (890).jpg,575.79,41.45,50.07,1.71,good,Image quality is good. Proceed with assessment.,0
train,Other,Other train (891).jpg,train\Other\Other train (891).jpg,572.49,42.55,51.89,1.71,good,Image quality is good. Proceed with assessment.,0
train,Other,Other train (892).jpg,train\Other\Other train (892).jpg,571.74,42.67,51.97,1.71,good,Image quality is good. Proceed with assessment.,0
train,Other,Other train (893).jpg,train\Other\Other train (893).jpg,570.78,42.68,51.95,1.7,good,Image quality is good. Proceed with assessment.,0
train,Other,Other train (894).jpg,train\Other\Other train (894).jpg,570.25,42.7,51.91,1.71,good,Image quality is good. Proceed with assessment.,0
train,Other,Other train (895).jpg,train\Other\Other train (895).jpg,575.09,43.24,52.39,1.74,good,Image quality is good. Proceed with assessment.,0
train,Other,Other train (896).jpg,train\Other\Other train (896).jpg,575.28,43.38,52.47,1.75,good,Image quality is good. Proceed with assessment.,0
train,Other,Other train (897).jpg,train\Other\Other train (897).jpg,576.85,43.95,52.85,1.75,good,Image quality is good. Proceed with assessment.,0
train,Other,Other train (898).jpg,train\Other\Other train (898).jpg,577.47,44.28,52.93,1.76,good,Image quality is good. Proceed with assessment.,0
train,Other,Other train (899).jpg,train\Other\Other train (899).jpg,577.6,44.34,52.96,1.76,good,Image quality is good. Proceed with assessment.,0
train,Other,Other train (9).jpg,train\Other\Other train (9).jpg,654.28,48.23,48.95,1.87,good,Image quality is good. Proceed with assessment.,0
train,Other,Other train (90).jpg,train\Other\Other train (90).jpg,592.1,46.98,53.48,1.81,good,Image quality is good. Proceed with assessment.,0
train,Other,Other train (900).jpg,train\Other\Other train (900).jpg,577.75,44.45,53.08,1.77,good,Image quality is good. Proceed with assessment.,0
train,Other,Other train (901).jpg,train\Other\Other train (901).jpg,568.15,44.3,52.01,1.72,good,Image quality is good. Proceed with assessment.,0
train,Other,Other train (902).jpg,train\Other\Other train (902).jpg,568.95,43.85,52.44,1.74,good,Image quality is good. Proceed with assessment.,0
train,Other,Other train (903).jpg,train\Other\Other train (903).jpg,570.84,43.61,52.23,1.75,good,Image quality is good. Proceed with assessment.,0
train,Other,Other train (904).jpg,train\Other\Other train (904).jpg,580.46,44.76,53.41,1.82,good,Image quality is good. Proceed with assessment.,0
train,Other,Other train (905).jpg,train\Other\Other train (905).jpg,579.88,45.02,53.57,1.82,good,Image quality is good. Proceed with assessment.,0
train,Other,Other train (906).jpg,train\Other\Other train (906).jpg,579.99,44.92,53.27,1.81,good,Image quality is good. Proceed with assessment.,0
train,Other,Other train (907).jpg,train\Other\Other train (907).jpg,579.49,44.69,52.83,1.8,good,Image quality is good. Proceed with assessment.,0
train,Other,Other train (908).jpg,train\Other\Other train (908).jpg,578.32,44.58,52.57,1.79,good,Image quality is good. Proceed with assessment.,0
train,Other,Other train (909).jpg,train\Other\Other train (909).jpg,577.5,45.47,54.07,1.79,good,Image quality is good. Proceed with assessment.,0
train,Other,Other train (91).jpg,train\Other\Other train (91).jpg,592.04,46.8,53.44,1.81,good,Image quality is good. Proceed with assessment.,0
train,Other,Other train (910).jpg,train\Other\Other train (910).jpg,576.69,45.67,54.52,1.8,good,Image quality is good. Proceed with assessment.,0
train,Other,Other train (911).jpg,train\Other\Other train (911).jpg,577.48,45.74,54.76,1.81,good,Image quality is good. Proceed with assessment.,0
train,Other,Other train (912).jpg,train\Other\Other train (912).jpg,578.28,45.83,54.97,1.81,good,Image quality is good. Proceed with assessment.,0
train,Other,Other train (913).jpg,train\Other\Other train (913).jpg,579.29,45.8,55.0,1.82,good,Image quality is good. Proceed with assessment.,0
train,Other,Other train (914).jpg,train\Other\Other train (914).jpg,579.78,45.8,54.96,1.82,good,Image quality is good. Proceed with assessment.,0
train,Other,Other train (915).jpg,train\Other\Other train (915).jpg,583.8,45.81,54.73,1.83,good,Image quality is good. Proceed with assessment.,0
train,Other,Other train (916).jpg,train\Other\Other train (916).jpg,583.23,45.99,54.72,1.82,good,Image quality is good. Proceed with assessment.,0
train,Other,Other train (917).jpg,train\Other\Other train (917).jpg,583.8,46.01,54.71,1.81,good,Image quality is good. Proceed with assessment.,0
train,Other,Other train (918).jpg,train\Other\Other train (918).jpg,585.2,45.95,54.68,1.81,good,Image quality is good. Proceed with assessment.,0
train,Other,Other train (919).jpg,train\Other\Other train (919).jpg,585.56,45.92,54.69,1.81,good,Image quality is good. Proceed with assessment.,0
train,Other,Other train (92).jpg,train\Other\Other train (92).jpg,591.25,47.2,53.98,1.81,good,Image quality is good. Proceed with assessment.,0
train,Other,Other train (920).jpg,train\Other\Other train (920).jpg,585.85,45.94,54.76,1.82,good,Image quality is good. Proceed with assessment.,0
train,Other,Other train (921).jpg,train\Other\Other train (921).jpg,586.43,45.98,54.87,1.82,good,Image quality is good. Proceed with assessment.,0
train,Other,Other train (922).jpg,train\Other\Other train (922).jpg,586.23,46.1,55.11,1.82,good,Image quality is good. Proceed with assessment.,0
train,Other,Other train (923).jpg,train\Other\Other train (923).jpg,586.0,46.07,55.1,1.82,good,Image quality is good. Proceed with assessment.,0
train,Other,Other train (924).jpg,train\Other\Other train (924).jpg,585.63,46.12,55.14,1.82,good,Image quality is good. Proceed with assessment.,0
train,Other,Other train (925).jpg,train\Other\Other train (925).jpg,585.26,46.35,55.49,1.83,good,Image quality is good. Proceed with assessment.,0
train,Other,Other train (926).jpg,train\Other\Other train (926).jpg,585.86,46.65,55.93,1.84,good,Image quality is good. Proceed with assessment.,0
train,Other,Other train (927).jpg,train\Other\Other train (927).jpg,382.07,47.29,56.22,1.26,good,Image quality is good. Proceed with assessment.,0
train,Other,Other train (928).jpg,train\Other\Other train (928).jpg,381.36,47.27,56.39,1.25,good,Image quality is good. Proceed with assessment.,0
train,Other,Other train (929).jpg,train\Other\Other train (929).jpg,394.64,38.39,54.15,1.26,good,Image quality is good. Proceed with assessment.,0
train,Other,Other train (93).jpg,train\Other\Other train (93).jpg,590.59,47.21,54.05,1.81,good,Image quality is good. Proceed with assessment.,0
train,Other,Other train (930).jpg,train\Other\Other train (930).jpg,394.15,38.24,54.53,1.26,good,Image quality is good. Proceed with assessment.,0
train,Other,Other train (931).jpg,train\Other\Other train (931).jpg,373.31,31.7,45.01,1.2,good,Image quality is good. Proceed with assessment.,0
train,Other,Other train (932).jpg,train\Other\Other train (932).jpg,372.05,29.26,42.88,1.14,good,Image quality is good. Proceed with assessment.,0
train,Other,Other train (933).jpg,train\Other\Other train (933).jpg,384.71,30.35,44.09,1.22,good,Image quality is good. Proceed with assessment.,0
train,Other,Other train (934).jpg,train\Other\Other train (934).jpg,397.28,29.7,43.79,1.17,good,Image quality is good. Proceed with assessment.,0
train,Other,Other train (935).jpg,train\Other\Other train (935).jpg,402.79,30.2,44.29,1.17,good,Image quality is good. Proceed with assessment.,0
train,Other,Other train (936).jpg,train\Other\Other train (936).jpg,402.81,29.96,44.61,1.17,good,Image quality is good. Proceed with assessment.,0
train,Other,Other train (937).jpg,train\Other\Other train (937).jpg,381.61,24.25,40.82,1.16,good,Image quality is good. Proceed with assessment.,0
train,Other,Other train (938).jpg,train\Other\Other train (938).jpg,386.0,23.81,39.71,1.14,good,Image quality is good. Proceed with assessment.,0
train,Other,Other train (939).jpg,train\Other\Other train (939).jpg,385.94,27.35,40.56,1.14,good,Image quality is good. Proceed with assessment.,0
train,Other,Other train (94).jpg,train\Other\Other train (94).jpg,590.0,47.12,54.04,1.8,good,Image quality is good. Proceed with assessment.,0
train,Other,Other train (940).jpg,train\Other\Other train (940).jpg,682.03,89.91,63.56,2.05,good,Image quality is good. Proceed with assessment.,0
train,Other,Other train (941).jpg,train\Other\Other train (941).jpg,688.04,90.33,63.71,2.06,good,Image quality is good. Proceed with assessment.,0
train,Other,Other train (942).jpg,train\Other\Other train (942).jpg,694.73,90.73,63.76,2.06,good,Image quality is good. Proceed with assessment.,0
train,Other,Other train (943).jpg,train\Other\Other train (943).jpg,695.85,90.95,63.86,2.06,good,Image quality is good. Proceed with assessment.,0
train,Other,Other train (944).jpg,train\Other\Other train (944).jpg,705.15,92.51,64.15,2.03,good,Image quality is good. Proceed with assessment.,0
train,Other,Other train (945).jpg,train\Other\Other train (945).jpg,704.74,92.77,64.3,2.03,good,Image quality is good. Proceed with assessment.,0
train,Other,Other train (946).jpg,train\Other\Other train (946).jpg,704.15,92.87,64.53,2.02,good,Image quality is good. Proceed with assessment.,0
train,Other,Other train (947).jpg,train\Other\Other train (947).jpg,704.67,92.94,64.56,2.02,good,Image quality is good. Proceed with assessment.,0
train,Other,Other train (948).jpg,train\Other\Other train (948).jpg,701.69,92.87,64.37,2.02,good,Image quality is good. Proceed with assessment.,0
train,Other,Other train (949).jpg,train\Other\Other train (949).jpg,699.83,92.75,64.39,2.02,good,Image quality is good. Proceed with assessment.,0
train,Other,Other train (95).jpg,train\Other\Other train (95).jpg,590.86,47.14,54.1,1.81,good,Image quality is good. Proceed with assessment.,0
train,Other,Other train (950).jpg,train\Other\Other train (950).jpg,698.1,92.5,64.26,2.01,good,Image quality is good. Proceed with assessment.,0
train,Other,Other train (951).jpg,train\Other\Other train (951).jpg,685.55,92.93,64.09,1.99,good,Image quality is good. Proceed with assessment.,0
train,Other,Other train (952).jpg,train\Other\Other train (952).jpg,687.2,92.86,63.59,1.99,good,Image quality is good. Proceed with assessment.,0
train,Other,Other train (953).jpg,train\Other\Other train (953).jpg,688.85,92.65,63.32,2.0,good,Image quality is good. Proceed with assessment.,0
train,Other,Other train (954).jpg,train\Other\Other train (954).jpg,686.77,89.31,62.21,2.0,good,Image quality is good. Proceed with assessment.,0
train,Other,Other train (955).jpg,train\Other\Other train (955).jpg,683.7,88.56,61.13,2.01,good,Image quality is good. Proceed with assessment.,0
train,Other,Other train (956).jpg,train\Other\Other train (956).jpg,676.56,87.71,59.42,2.04,good,Image quality is good. Proceed with assessment.,0
train,Other,Other train (957).jpg,train\Other\Other train (957).jpg,674.89,86.01,60.61,2.05,good,Image quality is good. Proceed with assessment.,0
train,Other,Other train (958).jpg,train\Other\Other train (958).jpg,673.66,86.03,61.37,2.05,good,Image quality is good. Proceed with assessment.,0
train,Other,Other train (959).jpg,train\Other\Other train (959).jpg,675.69,85.65,61.45,2.05,good,Image quality is good. Proceed with assessment.,0
train,Other,Other train (96).jpg,train\Other\Other train (96).jpg,592.68,47.0,54.13,1.81,good,Image quality is good. Proceed with assessment.,0
train,Other,Other train (960).jpg,train\Other\Other train (960).jpg,676.08,86.08,61.89,2.04,good,Image quality is good. Proceed with assessment.,0
train,Other,Other train (961).jpg,train\Other\Other train (961).jpg,668.26,76.08,54.86,2.11,good,Image quality is good. Proceed with assessment.,0
train,Other,Other train (962).jpg,train\Other\Other train (962).jpg,657.27,73.76,54.24,2.09,good,Image quality is good. Proceed with assessment.,0
train,Other,Other train (963).jpg,train\Other\Other train (963).jpg,654.04,73.47,53.96,2.08,good,Image quality is good. Proceed with assessment.,0
train,Other,Other train (964).jpg,train\Other\Other train (964).jpg,614.97,74.74,48.29,1.97,good,Image quality is good. Proceed with assessment.,0
train,Other,Other train (965).jpg,train\Other\Other train (965).jpg,611.66,71.51,49.11,1.94,good,Image quality is good. Proceed with assessment.,0
train,Other,Other train (966).jpg,train\Other\Other train (966).jpg,532.46,52.97,49.06,1.64,good,Image quality is good. Proceed with assessment.,0
train,Other,Other train (967).jpg,train\Other\Other train (967).jpg,533.27,52.47,48.71,1.65,good,Image quality is good. Proceed with assessment.,0
train,Other,Other train (968).jpg,train\Other\Other train (968).jpg,533.14,52.28,49.13,1.66,good,Image quality is good. Proceed with assessment.,0
train,Other,Other train (969).jpg,train\Other\Other train (969).jpg,528.62,53.6,51.66,1.65,good,Image quality is good. Proceed with assessment.,0
train,Other,Other train (97).jpg,train\Other\Other train (97).jpg,593.07,47.04,54.24,1.81,good,Image quality is good. Proceed with assessment.,0
train,Other,Other train (970).jpg,train\Other\Other train (970).jpg,523.97,51.18,47.51,1.6,good,Image quality is good. Proceed with assessment.,0
train,Other,Other train (971).jpg,train\Other\Other train (971).jpg,525.76,50.18,45.78,1.62,good,Image quality is good. Proceed with assessment.,0
train,Other,Other train (972).jpg,train\Other\Other train (972).jpg,530.33,50.19,45.96,1.67,good,Image quality is good. Proceed with assessment.,0
train,Other,Other train (973).jpg,train\Other\Other train (973).jpg,525.6,49.65,46.21,1.61,good,Image quality is good. Proceed with assessment.,0
train,Other,Other train (974).jpg,train\Other\Other train (974).jpg,544.94,46.41,49.07,1.7,good,Image quality is good. Proceed with assessment.,0
train,Other,Other train (975).jpg,train\Other\Other train (975).jpg,543.58,46.26,48.96,1.69,good,Image quality is good. Proceed with assessment.,0
train,Other,Other train (976).jpg,train\Other\Other train (976).jpg,538.5,46.49,49.83,1.69,good,Image quality is good. Proceed with assessment.,0
train,Other,Other train (977).jpg,train\Other\Other train (977).jpg,533.29,47.68,50.58,1.69,good,Image quality is good. Proceed with assessment.,0
train,Other,Other train (978).jpg,train\Other\Other train (978).jpg,528.78,52.45,48.59,1.65,good,Image quality is good. Proceed with assessment.,0
train,Other,Other train (979).jpg,train\Other\Other train (979).jpg,523.51,51.4,45.42,1.61,good,Image quality is good. Proceed with assessment.,0
train,Other,Other train (98).jpg,train\Other\Other train (98).jpg,592.34,46.92,54.05,1.81,good,Image quality is good. Proceed with assessment.,0
train,Other,Other train (980).jpg,train\Other\Other train (980).jpg,516.49,48.98,43.28,1.61,good,Image quality is good. Proceed with assessment.,0
train,Other,Other train (981).jpg,train\Other\Other train (981).jpg,523.42,48.65,43.82,1.63,good,Image quality is good. Proceed with assessment.,0
train,Other,Other train (982).jpg,train\Other\Other train (982).jpg,521.66,48.45,44.46,1.62,good,Image quality is good. Proceed with assessment.,0
train,Other,Other train (983).jpg,train\Other\Other train (983).jpg,523.19,48.6,46.51,1.65,good,Image quality is good. Proceed with assessment.,0
train,Other,Other train (984).jpg,train\Other\Other train (984).jpg,523.23,48.82,47.05,1.65,good,Image quality is good. Proceed with assessment.,0
train,Other,Other train (985).jpg,train\Other\Other train (985).jpg,508.42,51.86,51.99,1.71,good,Image quality is good. Proceed with assessment.,0
train,Other,Other train (986).jpg,train\Other\Other train (986).jpg,507.73,51.24,51.95,1.69,good,Image quality is good. Proceed with assessment.,0
train,Other,Other train (987).jpg,train\Other\Other train (987).jpg,503.82,50.36,51.72,1.68,good,Image quality is good. Proceed with assessment.,0
train,Other,Other train (988).jpg,train\Other\Other train (988).jpg,503.42,49.85,51.67,1.67,good,Image quality is good. Proceed with assessment.,0
train,Other,Other train (989).jpg,train\Other\Other train (989).jpg,502.66,49.59,51.64,1.66,good,Image quality is good. Proceed with assessment.,0
train,Other,Other train (99).jpg,train\Other\Other train (99).jpg,592.23,47.05,54.34,1.82,good,Image quality is good. Proceed with assessment.,0
train,Other,Other train (990).jpg,train\Other\Other train (990).jpg,506.62,46.82,51.12,1.64,good,Image quality is good. Proceed with assessment.,0
train,Other,Other train (991).jpg,train\Other\Other train (991).jpg,507.27,46.66,50.9,1.64,good,Image quality is good. Proceed with assessment.,0
train,Other,Other train (992).jpg,train\Other\Other train (992).jpg,514.68,45.65,49.87,1.66,good,Image quality is good. Proceed with assessment.,0
train,Other,Other train (993).jpg,train\Other\Other train (993).jpg,517.59,45.46,49.31,1.68,good,Image quality is good. Proceed with assessment.,0
train,Other,Other train (994).jpg,train\Other\Other train (994).jpg,519.49,44.92,48.25,1.68,good,Image quality is good. Proceed with assessment.,0
train,Other,Other train (995).jpg,train\Other\Other train (995).jpg,522.41,44.06,46.8,1.68,good,Image quality is good. Proceed with assessment.,0
train,Other,Other train (996).jpg,train\Other\Other train (996).jpg,525.6,44.28,46.82,1.68,good,Image quality is good. Proceed with assessment.,0
train,Other,Other train (997).jpg,train\Other\Other train (997).jpg,550.62,75.07,68.8,1.9,good,Image quality is good. Proceed with assessment.,0
train,Other,Other train (998).jpg,train\Other\Other train (998).jpg,550.4,75.19,68.77,1.9,good,Image quality is good. Proceed with assessment.,0
train,Other,Other train (999).jpg,train\Other\Other train (999).jpg,551.95,75.07,68.78,1.91,good,Image quality is good. Proceed with assessment.,0
train,V sign,V sign train (1).jpg,train\V sign\V sign train (1).jpg,898.0,38.63,47.85,1.85,good,Image quality is good. Proceed with assessment.,0
train,V sign,V sign train (10).jpg,train\V sign\V sign train (10).jpg,935.57,58.94,62.01,1.92,good,Image quality is good. Proceed with assessment.,0
train,V sign,V sign train (100).jpg,train\V sign\V sign train (100).jpg,587.3,85.25,58.6,1.8,good,Image quality is good. Proceed with assessment.,0
train,V sign,V sign train (1000).jpg,train\V sign\V sign train (1000).jpg,549.94,47.66,46.83,1.99,good,Image quality is good. Proceed with assessment.,0
train,V sign,V sign train (1001).jpg,train\V sign\V sign train (1001).jpg,549.22,47.65,46.67,1.99,good,Image quality is good. Proceed with assessment.,0
train,V sign,V sign train (1002).jpg,train\V sign\V sign train (1002).jpg,544.36,46.06,46.2,1.92,good,Image quality is good. Proceed with assessment.,0
train,V sign,V sign train (1003).jpg,train\V sign\V sign train (1003).jpg,547.02,44.95,45.96,1.88,good,Image quality is good. Proceed with assessment.,0
train,V sign,V sign train (1004).jpg,train\V sign\V sign train (1004).jpg,546.1,44.62,45.74,1.88,good,Image quality is good. Proceed with assessment.,0
train,V sign,V sign train (1005).jpg,train\V sign\V sign train (1005).jpg,611.86,58.69,58.04,2.18,good,Image quality is good. Proceed with assessment.,0
train,V sign,V sign train (1006).jpg,train\V sign\V sign train (1006).jpg,612.82,58.81,58.08,2.19,good,Image quality is good. Proceed with assessment.,0
train,V sign,V sign train (1007).jpg,train\V sign\V sign train (1007).jpg,612.98,58.73,57.99,2.2,good,Image quality is good. Proceed with assessment.,0
train,V sign,V sign train (1008).jpg,train\V sign\V sign train (1008).jpg,613.2,58.69,57.9,2.21,good,Image quality is good. Proceed with assessment.,0
train,V sign,V sign train (1009).jpg,train\V sign\V sign train (1009).jpg,613.15,58.62,57.84,2.21,good,Image quality is good. Proceed with assessment.,0
train,V sign,V sign train (101).jpg,train\V sign\V sign train (101).jpg,588.68,85.36,58.67,1.81,good,Image quality is good. Proceed with assessment.,0
train,V sign,V sign train (1010).jpg,train\V sign\V sign train (1010).jpg,613.22,58.41,57.69,2.22,good,Image quality is good. Proceed with assessment.,0
train,V sign,V sign train (1011).jpg,train\V sign\V sign train (1011).jpg,613.29,58.31,57.63,2.22,good,Image quality is good. Proceed with assessment.,0
train,V sign,V sign train (1012).jpg,train\V sign\V sign train (1012).jpg,613.49,58.25,57.61,2.22,good,Image quality is good. Proceed with assessment.,0
train,V sign,V sign train (1013).jpg,train\V sign\V sign train (1013).jpg,585.59,57.66,56.71,2.12,good,Image quality is good. Proceed with assessment.,0
train,V sign,V sign train (1014).jpg,train\V sign\V sign train (1014).jpg,586.75,57.69,56.89,2.13,good,Image quality is good. Proceed with assessment.,0
train,V sign,V sign train (1015).jpg,train\V sign\V sign train (1015).jpg,587.41,57.93,57.12,2.14,good,Image quality is good. Proceed with assessment.,0
train,V sign,V sign train (1016).jpg,train\V sign\V sign train (1016).jpg,587.23,58.06,57.22,2.16,good,Image quality is good. Proceed with assessment.,0
train,V sign,V sign train (1017).jpg,train\V sign\V sign train (1017).jpg,592.14,57.92,57.29,2.16,good,Image quality is good. Proceed with assessment.,0
train,V sign,V sign train (1018).jpg,train\V sign\V sign train (1018).jpg,594.49,58.04,57.59,2.16,good,Image quality is good. Proceed with assessment.,0
train,V sign,V sign train (1019).jpg,train\V sign\V sign train (1019).jpg,566.06,56.97,54.89,2.01,good,Image quality is good. Proceed with assessment.,0
train,V sign,V sign train (102).jpg,train\V sign\V sign train (102).jpg,532.4,73.12,56.68,1.73,good,Image quality is good. Proceed with assessment.,0
train,V sign,V sign train (1020).jpg,train\V sign\V sign train (1020).jpg,565.8,57.0,54.93,2.02,good,Image quality is good. Proceed with assessment.,0
train,V sign,V sign train (1021).jpg,train\V sign\V sign train (1021).jpg,563.22,56.14,54.97,2.08,good,Image quality is good. Proceed with assessment.,0
train,V sign,V sign train (1022).jpg,train\V sign\V sign train (1022).jpg,563.05,56.11,55.01,2.08,good,Image quality is good. Proceed with assessment.,0
train,V sign,V sign train (1023).jpg,train\V sign\V sign train (1023).jpg,562.98,56.13,55.03,2.09,good,Image quality is good. Proceed with assessment.,0
train,V sign,V sign train (1024).jpg,train\V sign\V sign train (1024).jpg,563.41,56.16,55.04,2.09,good,Image quality is good. Proceed with assessment.,0
train,V sign,V sign train (1025).jpg,train\V sign\V sign train (1025).jpg,563.7,56.06,54.87,2.1,good,Image quality is good. Proceed with assessment.,0
train,V sign,V sign train (1026).jpg,train\V sign\V sign train (1026).jpg,564.01,56.06,54.88,2.11,good,Image quality is good. Proceed with assessment.,0
train,V sign,V sign train (1027).jpg,train\V sign\V sign train (1027).jpg,594.73,61.69,61.09,1.94,good,Image quality is good. Proceed with assessment.,0
train,V sign,V sign train (1028).jpg,train\V sign\V sign train (1028).jpg,597.61,61.6,61.13,1.95,good,Image quality is good. Proceed with assessment.,0
train,V sign,V sign train (1029).jpg,train\V sign\V sign train (1029).jpg,598.19,61.53,61.18,1.96,good,Image quality is good. Proceed with assessment.,0
train,V sign,V sign train (103).jpg,train\V sign\V sign train (103).jpg,534.12,73.57,56.97,1.73,good,Image quality is good. Proceed with assessment.,0
train,V sign,V sign train (1030).jpg,train\V sign\V sign train (1030).jpg,598.56,61.34,61.16,1.96,good,Image quality is good. Proceed with assessment.,0
train,V sign,V sign train (1031).jpg,train\V sign\V sign train (1031).jpg,598.8,61.26,61.17,1.97,good,Image quality is good. Proceed with assessment.,0
train,V sign,V sign train (1032).jpg,train\V sign\V sign train (1032).jpg,599.16,60.93,61.22,1.98,good,Image quality is good. Proceed with assessment.,0
train,V sign,V sign train (1033).jpg,train\V sign\V sign train (1033).jpg,598.46,60.97,61.3,1.98,good,Image quality is good. Proceed with assessment.,0
train,V sign,V sign train (1034).jpg,train\V sign\V sign train (1034).jpg,599.12,61.02,61.38,1.99,good,Image quality is good. Proceed with assessment.,0
train,V sign,V sign train (1035).jpg,train\V sign\V sign train (1035).jpg,598.65,61.06,61.46,1.99,good,Image quality is good. Proceed with assessment.,0
train,V sign,V sign train (1036).jpg,train\V sign\V sign train (1036).jpg,613.84,64.6,59.77,1.97,good,Image quality is good. Proceed with assessment.,0
train,V sign,V sign train (1037).jpg,train\V sign\V sign train (1037).jpg,613.09,64.67,59.79,1.98,good,Image quality is good. Proceed with assessment.,0
train,V sign,V sign train (1038).jpg,train\V sign\V sign train (1038).jpg,612.04,64.75,59.85,1.98,good,Image quality is good. Proceed with assessment.,0
train,V sign,V sign train (1039).jpg,train\V sign\V sign train (1039).jpg,612.16,64.74,59.85,1.98,good,Image quality is good. Proceed with assessment.,0
train,V sign,V sign train (104).jpg,train\V sign\V sign train (104).jpg,534.37,74.02,57.37,1.74,good,Image quality is good. Proceed with assessment.,0
train,V sign,V sign train (1040).jpg,train\V sign\V sign train (1040).jpg,611.88,64.62,59.75,1.98,good,Image quality is good. Proceed with assessment.,0
train,V sign,V sign train (1041).jpg,train\V sign\V sign train (1041).jpg,556.25,59.1,63.34,1.87,good,Image quality is good. Proceed with assessment.,0
train,V sign,V sign train (1042).jpg,train\V sign\V sign train (1042).jpg,555.81,59.01,63.4,1.87,good,Image quality is good. Proceed with assessment.,0
train,V sign,V sign train (1043).jpg,train\V sign\V sign train (1043).jpg,555.71,58.93,63.45,1.87,good,Image quality is good. Proceed with assessment.,0
train,V sign,V sign train (1044).jpg,train\V sign\V sign train (1044).jpg,557.34,57.94,63.35,1.86,good,Image quality is good. Proceed with assessment.,0
train,V sign,V sign train (1045).jpg,train\V sign\V sign train (1045).jpg,557.49,57.86,63.39,1.87,good,Image quality is good. Proceed with assessment.,0
train,V sign,V sign train (1046).jpg,train\V sign\V sign train (1046).jpg,557.46,57.73,63.4,1.87,good,Image quality is good. Proceed with assessment.,0
train,V sign,V sign train (1047).jpg,train\V sign\V sign train (1047).jpg,557.93,57.22,63.44,1.86,good,Image quality is good. Proceed with assessment.,0
train,V sign,V sign train (1048).jpg,train\V sign\V sign train (1048).jpg,558.05,57.27,63.47,1.86,good,Image quality is good. Proceed with assessment.,0
train,V sign,V sign train (1049).jpg,train\V sign\V sign train (1049).jpg,557.88,57.32,63.48,1.86,good,Image quality is good. Proceed with assessment.,0
train,V sign,V sign train (105).jpg,train\V sign\V sign train (105).jpg,534.94,74.5,57.76,1.74,good,Image quality is good. Proceed with assessment.,0
train,V sign,V sign train (106).jpg,train\V sign\V sign train (106).jpg,535.72,74.89,58.08,1.74,good,Image quality is good. Proceed with assessment.,0
train,V sign,V sign train (107).jpg,train\V sign\V sign train (107).jpg,537.09,75.04,58.24,1.74,good,Image quality is good. Proceed with assessment.,0
train,V sign,V sign train (108).jpg,train\V sign\V sign train (108).jpg,539.19,75.14,58.15,1.74,good,Image quality is good. Proceed with assessment.,0
train,V sign,V sign train (109).jpg,train\V sign\V sign train (109).jpg,535.01,75.34,57.99,1.73,good,Image quality is good. Proceed with assessment.,0
train,V sign,V sign train (11).jpg,train\V sign\V sign train (11).jpg,938.6,58.32,60.99,1.92,good,Image quality is good. Proceed with assessment.,0
train,V sign,V sign train (110).jpg,train\V sign\V sign train (110).jpg,532.43,75.31,58.09,1.72,good,Image quality is good. Proceed with assessment.,0
train,V sign,V sign train (111).jpg,train\V sign\V sign train (111).jpg,526.44,62.2,53.78,1.72,good,Image quality is good. Proceed with assessment.,0
train,V sign,V sign train (112).jpg,train\V sign\V sign train (112).jpg,529.83,61.77,53.35,1.72,good,Image quality is good. Proceed with assessment.,0
train,V sign,V sign train (113).jpg,train\V sign\V sign train (113).jpg,530.79,61.38,53.01,1.71,good,Image quality is good. Proceed with assessment.,0
train,V sign,V sign train (114).jpg,train\V sign\V sign train (114).jpg,531.31,61.15,52.78,1.71,good,Image quality is good. Proceed with assessment.,0
train,V sign,V sign train (115).jpg,train\V sign\V sign train (115).jpg,537.4,61.48,52.83,1.73,good,Image quality is good. Proceed with assessment.,0
train,V sign,V sign train (116).jpg,train\V sign\V sign train (116).jpg,538.27,61.8,53.29,1.73,good,Image quality is good. Proceed with assessment.,0
train,V sign,V sign train (117).jpg,train\V sign\V sign train (117).jpg,541.43,61.87,53.66,1.73,good,Image quality is good. Proceed with assessment.,0
train,V sign,V sign train (118).jpg,train\V sign\V sign train (118).jpg,543.14,62.01,53.88,1.74,good,Image quality is good. Proceed with assessment.,0
train,V sign,V sign train (119).jpg,train\V sign\V sign train (119).jpg,545.78,62.0,53.86,1.74,good,Image quality is good. Proceed with assessment.,0
train,V sign,V sign train (12).jpg,train\V sign\V sign train (12).jpg,446.02,45.06,56.58,1.44,good,Image quality is good. Proceed with assessment.,0
train,V sign,V sign train (120).jpg,train\V sign\V sign train (120).jpg,547.04,61.68,53.34,1.75,good,Image quality is good. Proceed with assessment.,0
train,V sign,V sign train (121).jpg,train\V sign\V sign train (121).jpg,547.87,61.37,52.76,1.75,good,Image quality is good. Proceed with assessment.,0
train,V sign,V sign train (122).jpg,train\V sign\V sign train (122).jpg,548.25,61.1,52.32,1.75,good,Image quality is good. Proceed with assessment.,0
train,V sign,V sign train (123).jpg,train\V sign\V sign train (123).jpg,549.1,60.81,51.9,1.75,good,Image quality is good. Proceed with assessment.,0
train,V sign,V sign train (124).jpg,train\V sign\V sign train (124).jpg,551.0,61.37,52.0,1.75,good,Image quality is good. Proceed with assessment.,0
train,V sign,V sign train (125).jpg,train\V sign\V sign train (125).jpg,551.74,61.88,52.58,1.75,good,Image quality is good. Proceed with assessment.,0
train,V sign,V sign train (126).jpg,train\V sign\V sign train (126).jpg,551.86,62.28,53.14,1.75,good,Image quality is good. Proceed with assessment.,0
train,V sign,V sign train (127).jpg,train\V sign\V sign train (127).jpg,552.46,62.43,53.57,1.75,good,Image quality is good. Proceed with assessment.,0
train,V sign,V sign train (128).jpg,train\V sign\V sign train (128).jpg,342.4,45.6,46.69,1.25,good,Image quality is good. Proceed with assessment.,0
train,V sign,V sign train (129).jpg,train\V sign\V sign train (129).jpg,339.89,45.95,46.57,1.24,good,Image quality is good. Proceed with assessment.,0
train,V sign,V sign train (13).jpg,train\V sign\V sign train (13).jpg,450.76,44.68,56.2,1.45,good,Image quality is good. Proceed with assessment.,0
train,V sign,V sign train (130).jpg,train\V sign\V sign train (130).jpg,339.41,46.37,46.83,1.25,good,Image quality is good. Proceed with assessment.,0
train,V sign,V sign train (131).jpg,train\V sign\V sign train (131).jpg,338.15,46.65,46.82,1.26,good,Image quality is good. Proceed with assessment.,0
train,V sign,V sign train (132).jpg,train\V sign\V sign train (132).jpg,338.38,46.05,46.84,1.26,good,Image quality is good. Proceed with assessment.,0
train,V sign,V sign train (133).jpg,train\V sign\V sign train (133).jpg,342.23,46.38,47.51,1.28,good,Image quality is good. Proceed with assessment.,0
train,V sign,V sign train (134).jpg,train\V sign\V sign train (134).jpg,342.53,46.36,47.47,1.28,good,Image quality is good. Proceed with assessment.,0
train,V sign,V sign train (135).jpg,train\V sign\V sign train (135).jpg,343.43,46.38,47.37,1.28,good,Image quality is good. Proceed with assessment.,0
train,V sign,V sign train (136).jpg,train\V sign\V sign train (136).jpg,586.03,69.87,58.9,1.86,good,Image quality is good. Proceed with assessment.,0
train,V sign,V sign train (137).jpg,train\V sign\V sign train (137).jpg,586.22,69.88,59.07,1.86,good,Image quality is good. Proceed with assessment.,0
train,V sign,V sign train (138).jpg,train\V sign\V sign train (138).jpg,585.55,69.69,59.08,1.86,good,Image quality is good. Proceed with assessment.,0
train,V sign,V sign train (139).jpg,train\V sign\V sign train (139).jpg,584.01,69.02,58.87,1.85,good,Image quality is good. Proceed with assessment.,0
train,V sign,V sign train (14).jpg,train\V sign\V sign train (14).jpg,552.45,60.72,57.76,1.82,good,Image quality is good. Proceed with assessment.,0
train,V sign,V sign train (140).jpg,train\V sign\V sign train (140).jpg,583.5,68.24,59.7,1.85,good,Image quality is good. Proceed with assessment.,0
train,V sign,V sign train (141).jpg,train\V sign\V sign train (141).jpg,583.32,68.32,59.63,1.85,good,Image quality is good. Proceed with assessment.,0
train,V sign,V sign train (142).jpg,train\V sign\V sign train (142).jpg,325.89,44.7,40.14,1.2,good,Image quality is good. Proceed with assessment.,0
train,V sign,V sign train (143).jpg,train\V sign\V sign train (143).jpg,329.13,45.14,41.28,1.24,good,Image quality is good. Proceed with assessment.,0
train,V sign,V sign train (144).jpg,train\V sign\V sign train (144).jpg,328.02,45.55,41.16,1.25,good,Image quality is good. Proceed with assessment.,0
train,V sign,V sign train (145).jpg,train\V sign\V sign train (145).jpg,487.3,53.43,50.88,1.6,good,Image quality is good. Proceed with assessment.,0
train,V sign,V sign train (146).jpg,train\V sign\V sign train (146).jpg,488.42,53.53,50.8,1.6,good,Image quality is good. Proceed with assessment.,0
train,V sign,V sign train (147).jpg,train\V sign\V sign train (147).jpg,490.32,53.32,50.39,1.6,good,Image quality is good. Proceed with assessment.,0
train,V sign,V sign train (148).jpg,train\V sign\V sign train (148).jpg,491.34,53.16,50.19,1.59,good,Image quality is good. Proceed with assessment.,0
train,V sign,V sign train (149).jpg,train\V sign\V sign train (149).jpg,505.7,53.92,51.29,1.61,good,Image quality is good. Proceed with assessment.,0
train,V sign,V sign train (15).jpg,train\V sign\V sign train (15).jpg,552.18,60.65,57.71,1.82,good,Image quality is good. Proceed with assessment.,0
train,V sign,V sign train (150).jpg,train\V sign\V sign train (150).jpg,507.58,54.0,51.48,1.61,good,Image quality is good. Proceed with assessment.,0
train,V sign,V sign train (151).jpg,train\V sign\V sign train (151).jpg,507.53,53.84,51.36,1.61,good,Image quality is good. Proceed with assessment.,0
train,V sign,V sign train (152).jpg,train\V sign\V sign train (152).jpg,491.69,53.6,49.96,1.58,good,Image quality is good. Proceed with assessment.,0
train,V sign,V sign train (153).jpg,train\V sign\V sign train (153).jpg,503.67,52.98,51.07,1.57,good,Image quality is good. Proceed with assessment.,0
train,V sign,V sign train (154).jpg,train\V sign\V sign train (154).jpg,497.85,54.63,52.29,1.59,good,Image quality is good. Proceed with assessment.,0
train,V sign,V sign train (155).jpg,train\V sign\V sign train (155).jpg,498.72,54.47,52.03,1.59,good,Image quality is good. Proceed with assessment.,0
train,V sign,V sign train (156).jpg,train\V sign\V sign train (156).jpg,493.78,44.84,50.99,1.56,good,Image quality is good. Proceed with assessment.,0
train,V sign,V sign train (157).jpg,train\V sign\V sign train (157).jpg,493.65,45.66,51.74,1.57,good,Image quality is good. Proceed with assessment.,0
train,V sign,V sign train (158).jpg,train\V sign\V sign train (158).jpg,494.42,46.57,52.26,1.57,good,Image quality is good. Proceed with assessment.,0
train,V sign,V sign train (159).jpg,train\V sign\V sign train (159).jpg,495.56,46.75,51.62,1.57,good,Image quality is good. Proceed with assessment.,0
train,V sign,V sign train (16).jpg,train\V sign\V sign train (16).jpg,553.55,60.61,57.69,1.82,good,Image quality is good. Proceed with assessment.,0
train,V sign,V sign train (160).jpg,train\V sign\V sign train (160).jpg,498.34,46.49,50.8,1.57,good,Image quality is good. Proceed with assessment.,0
train,V sign,V sign train (161).jpg,train\V sign\V sign train (161).jpg,493.8,45.9,51.61,1.57,good,Image quality is good. Proceed with assessment.,0
train,V sign,V sign train (162).jpg,train\V sign\V sign train (162).jpg,494.25,45.83,51.7,1.57,good,Image quality is good. Proceed with assessment.,0
train,V sign,V sign train (163).jpg,train\V sign\V sign train (163).jpg,493.98,45.64,51.71,1.57,good,Image quality is good. Proceed with assessment.,0
train,V sign,V sign train (164).jpg,train\V sign\V sign train (164).jpg,494.81,44.74,50.76,1.57,good,Image quality is good. Proceed with assessment.,0
train,V sign,V sign train (165).jpg,train\V sign\V sign train (165).jpg,494.08,44.04,49.84,1.56,good,Image quality is good. Proceed with assessment.,0
train,V sign,V sign train (166).jpg,train\V sign\V sign train (166).jpg,497.58,45.31,51.7,1.57,good,Image quality is good. Proceed with assessment.,0
train,V sign,V sign train (167).jpg,train\V sign\V sign train (167).jpg,498.87,45.21,51.78,1.57,good,Image quality is good. Proceed with assessment.,0
train,V sign,V sign train (168).jpg,train\V sign\V sign train (168).jpg,499.37,44.71,51.03,1.57,good,Image quality is good. Proceed with assessment.,0
train,V sign,V sign train (169).jpg,train\V sign\V sign train (169).jpg,500.63,44.31,50.39,1.57,good,Image quality is good. Proceed with assessment.,0
train,V sign,V sign train (17).jpg,train\V sign\V sign train (17).jpg,552.98,60.59,57.63,1.82,good,Image quality is good. Proceed with assessment.,0
train,V sign,V sign train (170).jpg,train\V sign\V sign train (170).jpg,692.28,53.28,63.42,1.83,good,Image quality is good. Proceed with assessment.,0
train,V sign,V sign train (171).jpg,train\V sign\V sign train (171).jpg,691.81,53.31,63.34,1.83,good,Image quality is good. Proceed with assessment.,0
train,V sign,V sign train (172).jpg,train\V sign\V sign train (172).jpg,692.73,53.36,63.38,1.83,good,Image quality is good. Proceed with assessment.,0
train,V sign,V sign train (173).jpg,train\V sign\V sign train (173).jpg,693.63,53.47,63.5,1.84,good,Image quality is good. Proceed with assessment.,0
train,V sign,V sign train (174).jpg,train\V sign\V sign train (174).jpg,631.89,66.36,52.97,1.85,good,Image quality is good. Proceed with assessment.,0
train,V sign,V sign train (175).jpg,train\V sign\V sign train (175).jpg,632.19,66.4,53.2,1.86,good,Image quality is good. Proceed with assessment.,0
train,V sign,V sign train (176).jpg,train\V sign\V sign train (176).jpg,633.64,66.27,53.26,1.86,good,Image quality is good. Proceed with assessment.,0
train,V sign,V sign train (177).jpg,train\V sign\V sign train (177).jpg,633.3,65.95,53.02,1.86,good,Image quality is good. Proceed with assessment.,0
train,V sign,V sign train (178).jpg,train\V sign\V sign train (178).jpg,635.05,65.62,52.78,1.87,good,Image quality is good. Proceed with assessment.,0
train,V sign,V sign train (179).jpg,train\V sign\V sign train (179).jpg,635.44,65.3,52.63,1.87,good,Image quality is good. Proceed with assessment.,0
train,V sign,V sign train (18).jpg,train\V sign\V sign train (18).jpg,551.96,60.58,57.52,1.82,good,Image quality is good. Proceed with assessment.,0
train,V sign,V sign train (180).jpg,train\V sign\V sign train (180).jpg,636.37,65.05,52.53,1.88,good,Image quality is good. Proceed with assessment.,0
train,V sign,V sign train (181).jpg,train\V sign\V sign train (181).jpg,642.04,63.83,52.58,1.85,good,Image quality is good. Proceed with assessment.,0
train,V sign,V sign train (182).jpg,train\V sign\V sign train (182).jpg,643.06,63.84,52.77,1.85,good,Image quality is good. Proceed with assessment.,0
train,V sign,V sign train (183).jpg,train\V sign\V sign train (183).jpg,643.37,63.76,52.85,1.86,good,Image quality is good. Proceed with assessment.,0
train,V sign,V sign train (184).jpg,train\V sign\V sign train (184).jpg,643.74,63.58,52.7,1.86,good,Image quality is good. Proceed with assessment.,0
train,V sign,V sign train (185).jpg,train\V sign\V sign train (185).jpg,642.85,63.43,52.49,1.86,good,Image quality is good. Proceed with assessment.,0
train,V sign,V sign train (186).jpg,train\V sign\V sign train (186).jpg,643.41,63.21,52.34,1.85,good,Image quality is good. Proceed with assessment.,0
train,V sign,V sign train (187).jpg,train\V sign\V sign train (187).jpg,616.56,51.73,50.41,1.85,good,Image quality is good. Proceed with assessment.,0
train,V sign,V sign train (188).jpg,train\V sign\V sign train (188).jpg,616.74,51.62,50.32,1.85,good,Image quality is good. Proceed with assessment.,0
train,V sign,V sign train (189).jpg,train\V sign\V sign train (189).jpg,617.46,51.55,50.39,1.86,good,Image quality is good. Proceed with assessment.,0
train,V sign,V sign train (19).jpg,train\V sign\V sign train (19).jpg,549.62,60.45,57.75,1.81,good,Image quality is good. Proceed with assessment.,0
train,V sign,V sign train (190).jpg,train\V sign\V sign train (190).jpg,617.32,51.46,50.51,1.87,good,Image quality is good. Proceed with assessment.,0
train,V sign,V sign train (191).jpg,train\V sign\V sign train (191).jpg,617.02,51.41,50.71,1.87,good,Image quality is good. Proceed with assessment.,0
train,V sign,V sign train (192).jpg,train\V sign\V sign train (192).jpg,569.33,51.55,50.75,1.86,good,Image quality is good. Proceed with assessment.,0
train,V sign,V sign train (193).jpg,train\V sign\V sign train (193).jpg,569.58,51.6,50.88,1.86,good,Image quality is good. Proceed with assessment.,0
train,V sign,V sign train (194).jpg,train\V sign\V sign train (194).jpg,569.42,51.67,50.99,1.86,good,Image quality is good. Proceed with assessment.,0
train,V sign,V sign train (195).jpg,train\V sign\V sign train (195).jpg,569.31,51.72,51.06,1.86,good,Image quality is good. Proceed with assessment.,0
train,V sign,V sign train (196).jpg,train\V sign\V sign train (196).jpg,568.68,51.75,51.07,1.86,good,Image quality is good. Proceed with assessment.,0
train,V sign,V sign train (197).jpg,train\V sign\V sign train (197).jpg,569.38,51.74,51.04,1.86,good,Image quality is good. Proceed with assessment.,0
train,V sign,V sign train (198).jpg,train\V sign\V sign train (198).jpg,569.2,51.75,51.03,1.87,good,Image quality is good. Proceed with assessment.,0
train,V sign,V sign train (199).jpg,train\V sign\V sign train (199).jpg,579.27,57.82,52.29,1.82,good,Image quality is good. Proceed with assessment.,0
train,V sign,V sign train (2).jpg,train\V sign\V sign train (2).jpg,906.94,38.49,47.79,1.85,good,Image quality is good. Proceed with assessment.,0
train,V sign,V sign train (20).jpg,train\V sign\V sign train (20).jpg,550.45,60.52,57.85,1.82,good,Image quality is good. Proceed with assessment.,0
train,V sign,V sign train (200).jpg,train\V sign\V sign train (200).jpg,578.55,57.93,52.54,1.82,good,Image quality is good. Proceed with assessment.,0
train,V sign,V sign train (201).jpg,train\V sign\V sign train (201).jpg,578.96,57.97,52.62,1.83,good,Image quality is good. Proceed with assessment.,0
train,V sign,V sign train (202).jpg,train\V sign\V sign train (202).jpg,578.85,57.84,52.45,1.83,good,Image quality is good. Proceed with assessment.,0
train,V sign,V sign train (203).jpg,train\V sign\V sign train (203).jpg,568.54,58.11,53.02,1.8,good,Image quality is good. Proceed with assessment.,0
train,V sign,V sign train (204).jpg,train\V sign\V sign train (204).jpg,571.25,58.1,53.04,1.8,good,Image quality is good. Proceed with assessment.,0
train,V sign,V sign train (205).jpg,train\V sign\V sign train (205).jpg,571.4,57.86,52.77,1.8,good,Image quality is good. Proceed with assessment.,0
train,V sign,V sign train (206).jpg,train\V sign\V sign train (206).jpg,589.17,50.45,51.01,1.82,good,Image quality is good. Proceed with assessment.,0
train,V sign,V sign train (207).jpg,train\V sign\V sign train (207).jpg,589.13,50.34,50.99,1.81,good,Image quality is good. Proceed with assessment.,0
train,V sign,V sign train (208).jpg,train\V sign\V sign train (208).jpg,588.57,50.12,50.97,1.82,good,Image quality is good. Proceed with assessment.,0
train,V sign,V sign train (209).jpg,train\V sign\V sign train (209).jpg,587.38,49.86,50.82,1.81,good,Image quality is good. Proceed with assessment.,0
train,V sign,V sign train (21).jpg,train\V sign\V sign train (21).jpg,935.13,53.95,52.38,2.11,good,Image quality is good. Proceed with assessment.,0
train,V sign,V sign train (210).jpg,train\V sign\V sign train (210).jpg,587.68,49.11,49.97,1.8,good,Image quality is good. Proceed with assessment.,0
train,V sign,V sign train (211).jpg,train\V sign\V sign train (211).jpg,541.51,42.87,46.39,1.8,good,Image quality is good. Proceed with assessment.,0
train,V sign,V sign train (212).jpg,train\V sign\V sign train (212).jpg,540.64,42.93,46.48,1.79,good,Image quality is good. Proceed with assessment.,0
train,V sign,V sign train (213).jpg,train\V sign\V sign train (213).jpg,540.37,42.86,46.42,1.79,good,Image quality is good. Proceed with assessment.,0
train,V sign,V sign train (214).jpg,train\V sign\V sign train (214).jpg,540.74,42.71,46.38,1.8,good,Image quality is good. Proceed with assessment.,0
train,V sign,V sign train (215).jpg,train\V sign\V sign train (215).jpg,540.79,42.53,46.23,1.79,good,Image quality is good. Proceed with assessment.,0
train,V sign,V sign train (216).jpg,train\V sign\V sign train (216).jpg,599.52,62.04,57.03,1.9,good,Image quality is good. Proceed with assessment.,0
train,V sign,V sign train (217).jpg,train\V sign\V sign train (217).jpg,596.0,61.93,57.11,1.89,good,Image quality is good. Proceed with assessment.,0
train,V sign,V sign train (218).jpg,train\V sign\V sign train (218).jpg,597.85,61.82,57.02,1.9,good,Image quality is good. Proceed with assessment.,0
train,V sign,V sign train (219).jpg,train\V sign\V sign train (219).jpg,598.7,61.64,56.9,1.9,good,Image quality is good. Proceed with assessment.,0
train,V sign,V sign train (22).jpg,train\V sign\V sign train (22).jpg,940.79,54.29,53.16,2.11,good,Image quality is good. Proceed with assessment.,0
train,V sign,V sign train (220).jpg,train\V sign\V sign train (220).jpg,598.37,61.49,56.78,1.91,good,Image quality is good. Proceed with assessment.,0
train,V sign,V sign train (221).jpg,train\V sign\V sign train (221).jpg,600.46,61.24,56.95,1.92,good,Image quality is good. Proceed with assessment.,0
train,V sign,V sign train (222).jpg,train\V sign\V sign train (222).jpg,600.4,61.37,57.13,1.92,good,Image quality is good. Proceed with assessment.,0
train,V sign,V sign train (223).jpg,train\V sign\V sign train (223).jpg,600.4,61.4,57.25,1.92,good,Image quality is good. Proceed with assessment.,0
train,V sign,V sign train (224).jpg,train\V sign\V sign train (224).jpg,556.95,48.47,55.18,1.81,good,Image quality is good. Proceed with assessment.,0
train,V sign,V sign train (225).jpg,train\V sign\V sign train (225).jpg,556.97,48.31,55.05,1.81,good,Image quality is good. Proceed with assessment.,0
train,V sign,V sign train (226).jpg,train\V sign\V sign train (226).jpg,556.12,48.33,55.07,1.81,good,Image quality is good. Proceed with assessment.,0
train,V sign,V sign train (227).jpg,train\V sign\V sign train (227).jpg,556.84,48.34,54.98,1.81,good,Image quality is good. Proceed with assessment.,0
train,V sign,V sign train (228).jpg,train\V sign\V sign train (228).jpg,556.76,48.33,54.86,1.81,good,Image quality is good. Proceed with assessment.,0
train,V sign,V sign train (229).jpg,train\V sign\V sign train (229).jpg,924.06,37.12,45.21,1.74,good,Image quality is good. Proceed with assessment.,0
train,V sign,V sign train (23).jpg,train\V sign\V sign train (23).jpg,939.21,54.38,53.2,2.1,good,Image quality is good. Proceed with assessment.,0
train,V sign,V sign train (230).jpg,train\V sign\V sign train (230).jpg,954.39,35.12,42.27,1.74,good,Image quality is good. Proceed with assessment.,0
train,V sign,V sign train (231).jpg,train\V sign\V sign train (231).jpg,945.1,39.76,45.09,1.82,good,Image quality is good. Proceed with assessment.,0
train,V sign,V sign train (232).jpg,train\V sign\V sign train (232).jpg,447.19,36.12,45.49,1.38,good,Image quality is good. Proceed with assessment.,0
train,V sign,V sign train (233).jpg,train\V sign\V sign train (233).jpg,598.51,72.34,57.75,1.93,good,Image quality is good. Proceed with assessment.,0
train,V sign,V sign train (234).jpg,train\V sign\V sign train (234).jpg,600.67,73.1,58.03,1.97,good,Image quality is good. Proceed with assessment.,0
train,V sign,V sign train (235).jpg,train\V sign\V sign train (235).jpg,601.5,73.23,58.05,1.97,good,Image quality is good. Proceed with assessment.,0
train,V sign,V sign train (236).jpg,train\V sign\V sign train (236).jpg,602.09,73.31,57.89,1.97,good,Image quality is good. Proceed with assessment.,0
train,V sign,V sign train (237).jpg,train\V sign\V sign train (237).jpg,601.22,73.42,57.73,1.97,good,Image quality is good. Proceed with assessment.,0
train,V sign,V sign train (238).jpg,train\V sign\V sign train (238).jpg,601.25,73.41,57.35,1.98,good,Image quality is good. Proceed with assessment.,0
train,V sign,V sign train (239).jpg,train\V sign\V sign train (239).jpg,599.85,74.49,56.05,1.99,good,Image quality is good. Proceed with assessment.,0
train,V sign,V sign train (24).jpg,train\V sign\V sign train (24).jpg,932.63,54.35,52.92,2.1,good,Image quality is good. Proceed with assessment.,0
train,V sign,V sign train (240).jpg,train\V sign\V sign train (240).jpg,599.82,74.57,56.2,1.99,good,Image quality is good. Proceed with assessment.,0
train,V sign,V sign train (241).jpg,train\V sign\V sign train (241).jpg,599.79,74.62,56.31,1.99,good,Image quality is good. Proceed with assessment.,0
train,V sign,V sign train (242).jpg,train\V sign\V sign train (242).jpg,599.75,74.64,56.42,2.0,good,Image quality is good. Proceed with assessment.,0
train,V sign,V sign train (243).jpg,train\V sign\V sign train (243).jpg,639.71,73.06,56.33,1.94,good,Image quality is good. Proceed with assessment.,0
train,V sign,V sign train (244).jpg,train\V sign\V sign train (244).jpg,1020.7,31.86,43.09,1.98,good,Image quality is good. Proceed with assessment.,0
train,V sign,V sign train (245).jpg,train\V sign\V sign train (245).jpg,1019.17,31.36,42.41,1.98,good,Image quality is good. Proceed with assessment.,0
train,V sign,V sign train (246).jpg,train\V sign\V sign train (246).jpg,1086.02,31.71,41.48,2.06,good,Image quality is good. Proceed with assessment.,0
train,V sign,V sign train (247).jpg,train\V sign\V sign train (247).jpg,339.13,32.61,49.43,1.19,good,Image quality is good. Proceed with assessment.,0
train,V sign,V sign train (248).jpg,train\V sign\V sign train (248).jpg,582.41,45.02,54.22,1.8,good,Image quality is good. Proceed with assessment.,0
train,V sign,V sign train (249).jpg,train\V sign\V sign train (249).jpg,582.45,45.0,54.23,1.81,good,Image quality is good. Proceed with assessment.,0
train,V sign,V sign train (25).jpg,train\V sign\V sign train (25).jpg,936.13,55.22,52.93,2.14,good,Image quality is good. Proceed with assessment.,0
train,V sign,V sign train (250).jpg,train\V sign\V sign train (250).jpg,581.13,44.99,54.19,1.81,good,Image quality is good. Proceed with assessment.,0
train,V sign,V sign train (251).jpg,train\V sign\V sign train (251).jpg,581.34,44.91,54.02,1.81,good,Image quality is good. Proceed with assessment.,0
train,V sign,V sign train (252).jpg,train\V sign\V sign train (252).jpg,932.91,44.8,44.77,1.75,good,Image quality is good. Proceed with assessment.,0
train,V sign,V sign train (253).jpg,train\V sign\V sign train (253).jpg,958.42,30.77,41.97,1.7,good,Image quality is good. Proceed with assessment.,0
train,V sign,V sign train (254).jpg,train\V sign\V sign train (254).jpg,993.88,34.2,41.94,1.68,good,Image quality is good. Proceed with assessment.,0
train,V sign,V sign train (255).jpg,train\V sign\V sign train (255).jpg,874.93,38.78,50.54,1.69,good,Image quality is good. Proceed with assessment.,0
train,V sign,V sign train (256).jpg,train\V sign\V sign train (256).jpg,880.64,58.17,55.35,1.73,good,Image quality is good. Proceed with assessment.,0
train,V sign,V sign train (257).jpg,train\V sign\V sign train (257).jpg,970.98,34.54,47.45,1.76,good,Image quality is good. Proceed with assessment.,0
train,V sign,V sign train (258).jpg,train\V sign\V sign train (258).jpg,926.41,25.02,38.53,1.82,good,Image quality is good. Proceed with assessment.,0
train,V sign,V sign train (259).jpg,train\V sign\V sign train (259).jpg,892.43,26.34,41.13,1.84,good,Image quality is good. Proceed with assessment.,0
train,V sign,V sign train (26).jpg,train\V sign\V sign train (26).jpg,934.1,55.6,53.61,2.14,good,Image quality is good. Proceed with assessment.,0
train,V sign,V sign train (260).jpg,train\V sign\V sign train (260).jpg,584.95,59.1,54.33,1.89,good,Image quality is good. Proceed with assessment.,0
train,V sign,V sign train (261).jpg,train\V sign\V sign train (261).jpg,584.47,59.14,54.32,1.89,good,Image quality is good. Proceed with assessment.,0
train,V sign,V sign train (262).jpg,train\V sign\V sign train (262).jpg,583.82,59.06,54.12,1.89,good,Image quality is good. Proceed with assessment.,0
train,V sign,V sign train (263).jpg,train\V sign\V sign train (263).jpg,582.11,59.06,54.24,1.89,good,Image quality is good. Proceed with assessment.,0
train,V sign,V sign train (264).jpg,train\V sign\V sign train (264).jpg,582.96,59.04,54.14,1.89,good,Image quality is good. Proceed with assessment.,0
train,V sign,V sign train (265).jpg,train\V sign\V sign train (265).jpg,578.29,58.95,54.01,1.87,good,Image quality is good. Proceed with assessment.,0
train,V sign,V sign train (266).jpg,train\V sign\V sign train (266).jpg,890.47,49.36,50.47,1.85,good,Image quality is good. Proceed with assessment.,0
train,V sign,V sign train (267).jpg,train\V sign\V sign train (267).jpg,897.73,50.08,50.12,1.79,good,Image quality is good. Proceed with assessment.,0
train,V sign,V sign train (268).jpg,train\V sign\V sign train (268).jpg,863.54,50.56,49.36,1.78,good,Image quality is good. Proceed with assessment.,0
train,V sign,V sign train (269).jpg,train\V sign\V sign train (269).jpg,587.74,58.46,54.64,1.95,good,Image quality is good. Proceed with assessment.,0
train,V sign,V sign train (27).jpg,train\V sign\V sign train (27).jpg,933.69,55.55,53.87,2.13,good,Image quality is good. Proceed with assessment.,0
train,V sign,V sign train (270).jpg,train\V sign\V sign train (270).jpg,587.87,58.53,54.76,1.95,good,Image quality is good. Proceed with assessment.,0
train,V sign,V sign train (271).jpg,train\V sign\V sign train (271).jpg,587.45,58.57,54.83,1.95,good,Image quality is good. Proceed with assessment.,0
train,V sign,V sign train (272).jpg,train\V sign\V sign train (272).jpg,587.69,58.58,54.85,1.95,good,Image quality is good. Proceed with assessment.,0
train,V sign,V sign train (273).jpg,train\V sign\V sign train (273).jpg,587.94,58.52,54.75,1.95,good,Image quality is good. Proceed with assessment.,0
train,V sign,V sign train (274).jpg,train\V sign\V sign train (274).jpg,837.54,38.18,42.34,1.75,good,Image quality is good. Proceed with assessment.,0
train,V sign,V sign train (275).jpg,train\V sign\V sign train (275).jpg,591.69,56.4,60.23,1.88,good,Image quality is good. Proceed with assessment.,0
train,V sign,V sign train (276).jpg,train\V sign\V sign train (276).jpg,592.3,56.53,60.39,1.88,good,Image quality is good. Proceed with assessment.,0
train,V sign,V sign train (277).jpg,train\V sign\V sign train (277).jpg,591.91,56.55,60.46,1.88,good,Image quality is good. Proceed with assessment.,0
train,V sign,V sign train (278).jpg,train\V sign\V sign train (278).jpg,591.02,56.48,60.35,1.88,good,Image quality is good. Proceed with assessment.,0
train,V sign,V sign train (279).jpg,train\V sign\V sign train (279).jpg,588.4,56.5,60.44,1.88,good,Image quality is good. Proceed with assessment.,0
train,V sign,V sign train (28).jpg,train\V sign\V sign train (28).jpg,933.47,55.4,53.79,2.13,good,Image quality is good. Proceed with assessment.,0
train,V sign,V sign train (280).jpg,train\V sign\V sign train (280).jpg,584.55,56.63,60.62,1.87,good,Image quality is good. Proceed with assessment.,0
train,V sign,V sign train (281).jpg,train\V sign\V sign train (281).jpg,587.57,56.63,60.68,1.88,good,Image quality is good. Proceed with assessment.,0
train,V sign,V sign train (282).jpg,train\V sign\V sign train (282).jpg,494.76,43.06,51.98,1.57,good,Image quality is good. Proceed with assessment.,0
train,V sign,V sign train (283).jpg,train\V sign\V sign train (283).jpg,550.4,50.89,54.43,1.78,good,Image quality is good. Proceed with assessment.,0
train,V sign,V sign train (284).jpg,train\V sign\V sign train (284).jpg,552.19,50.72,54.41,1.79,good,Image quality is good. Proceed with assessment.,0
train,V sign,V sign train (285).jpg,train\V sign\V sign train (285).jpg,553.8,50.73,54.28,1.8,good,Image quality is good. Proceed with assessment.,0
train,V sign,V sign train (286).jpg,train\V sign\V sign train (286).jpg,555.01,50.53,53.86,1.81,good,Image quality is good. Proceed with assessment.,0
train,V sign,V sign train (287).jpg,train\V sign\V sign train (287).jpg,891.45,42.28,49.64,1.74,good,Image quality is good. Proceed with assessment.,0
train,V sign,V sign train (288).jpg,train\V sign\V sign train (288).jpg,950.09,32.19,44.03,1.92,good,Image quality is good. Proceed with assessment.,0
train,V sign,V sign train (289).jpg,train\V sign\V sign train (289).jpg,605.24,65.66,57.65,1.92,good,Image quality is good. Proceed with assessment.,0
train,V sign,V sign train (29).jpg,train\V sign\V sign train (29).jpg,925.38,55.02,53.15,2.12,good,Image quality is good. Proceed with assessment.,0
train,V sign,V sign train (290).jpg,train\V sign\V sign train (290).jpg,604.77,65.65,57.52,1.92,good,Image quality is good. Proceed with assessment.,0
train,V sign,V sign train (291).jpg,train\V sign\V sign train (291).jpg,593.41,46.86,51.69,1.93,good,Image quality is good. Proceed with assessment.,0
train,V sign,V sign train (292).jpg,train\V sign\V sign train (292).jpg,592.51,46.82,51.6,1.93,good,Image quality is good. Proceed with assessment.,0
train,V sign,V sign train (293).jpg,train\V sign\V sign train (293).jpg,593.8,46.78,51.52,1.93,good,Image quality is good. Proceed with assessment.,0
train,V sign,V sign train (294).jpg,train\V sign\V sign train (294).jpg,597.43,47.24,52.07,1.95,good,Image quality is good. Proceed with assessment.,0
train,V sign,V sign train (295).jpg,train\V sign\V sign train (295).jpg,597.82,47.28,52.05,1.95,good,Image quality is good. Proceed with assessment.,0
train,V sign,V sign train (296).jpg,train\V sign\V sign train (296).jpg,548.74,59.12,56.58,1.76,good,Image quality is good. Proceed with assessment.,0
train,V sign,V sign train (297).jpg,train\V sign\V sign train (297).jpg,549.47,59.4,56.76,1.77,good,Image quality is good. Proceed with assessment.,0
train,V sign,V sign train (298).jpg,train\V sign\V sign train (298).jpg,550.89,59.35,56.49,1.76,good,Image quality is good. Proceed with assessment.,0
train,V sign,V sign train (299).jpg,train\V sign\V sign train (299).jpg,552.43,59.24,55.95,1.77,good,Image quality is good. Proceed with assessment.,0
train,V sign,V sign train (3).jpg,train\V sign\V sign train (3).jpg,909.43,38.3,47.47,1.85,good,Image quality is good. Proceed with assessment.,0
train,V sign,V sign train (30).jpg,train\V sign\V sign train (30).jpg,676.39,65.03,61.94,2.07,good,Image quality is good. Proceed with assessment.,0
train,V sign,V sign train (300).jpg,train\V sign\V sign train (300).jpg,552.6,59.15,55.58,1.77,good,Image quality is good. Proceed with assessment.,0
train,V sign,V sign train (301).jpg,train\V sign\V sign train (301).jpg,559.74,60.08,56.17,1.8,good,Image quality is good. Proceed with assessment.,0
train,V sign,V sign train (302).jpg,train\V sign\V sign train (302).jpg,559.59,60.32,56.42,1.8,good,Image quality is good. Proceed with assessment.,0
train,V sign,V sign train (303).jpg,train\V sign\V sign train (303).jpg,558.38,60.01,55.74,1.79,good,Image quality is good. Proceed with assessment.,0
train,V sign,V sign train (304).jpg,train\V sign\V sign train (304).jpg,529.84,61.33,55.34,1.76,good,Image quality is good. Proceed with assessment.,0
train,V sign,V sign train (305).jpg,train\V sign\V sign train (305).jpg,535.09,61.79,55.62,1.77,good,Image quality is good. Proceed with assessment.,0
train,V sign,V sign train (306).jpg,train\V sign\V sign train (306).jpg,535.42,62.18,55.74,1.77,good,Image quality is good. Proceed with assessment.,0
train,V sign,V sign train (307).jpg,train\V sign\V sign train (307).jpg,535.6,62.46,55.72,1.78,good,Image quality is good. Proceed with assessment.,0
train,V sign,V sign train (308).jpg,train\V sign\V sign train (308).jpg,537.24,62.38,55.15,1.78,good,Image quality is good. Proceed with assessment.,0
train,V sign,V sign train (309).jpg,train\V sign\V sign train (309).jpg,537.8,62.14,54.76,1.78,good,Image quality is good. Proceed with assessment.,0
train,V sign,V sign train (31).jpg,train\V sign\V sign train (31).jpg,677.16,65.04,61.99,2.07,good,Image quality is good. Proceed with assessment.,0
train,V sign,V sign train (310).jpg,train\V sign\V sign train (310).jpg,538.5,61.86,54.44,1.78,good,Image quality is good. Proceed with assessment.,0
train,V sign,V sign train (311).jpg,train\V sign\V sign train (311).jpg,539.84,62.06,55.36,1.78,good,Image quality is good. Proceed with assessment.,0
train,V sign,V sign train (312).jpg,train\V sign\V sign train (312).jpg,407.36,63.46,59.64,1.42,good,Image quality is good. Proceed with assessment.,0
train,V sign,V sign train (313).jpg,train\V sign\V sign train (313).jpg,406.51,63.14,59.68,1.42,good,Image quality is good. Proceed with assessment.,0
train,V sign,V sign train (314).jpg,train\V sign\V sign train (314).jpg,403.93,63.02,59.69,1.42,good,Image quality is good. Proceed with assessment.,0
train,V sign,V sign train (315).jpg,train\V sign\V sign train (315).jpg,404.75,62.94,59.69,1.42,good,Image quality is good. Proceed with assessment.,0
train,V sign,V sign train (316).jpg,train\V sign\V sign train (316).jpg,406.79,62.83,59.64,1.43,good,Image quality is good. Proceed with assessment.,0
train,V sign,V sign train (317).jpg,train\V sign\V sign train (317).jpg,404.32,61.79,59.17,1.4,good,Image quality is good. Proceed with assessment.,0
train,V sign,V sign train (318).jpg,train\V sign\V sign train (318).jpg,407.75,62.0,59.34,1.4,good,Image quality is good. Proceed with assessment.,0
train,V sign,V sign train (319).jpg,train\V sign\V sign train (319).jpg,405.55,61.97,59.38,1.4,good,Image quality is good. Proceed with assessment.,0
train,V sign,V sign train (32).jpg,train\V sign\V sign train (32).jpg,676.03,64.91,61.92,2.08,good,Image quality is good. Proceed with assessment.,0
train,V sign,V sign train (320).jpg,train\V sign\V sign train (320).jpg,407.18,62.02,59.4,1.39,good,Image quality is good. Proceed with assessment.,0
train,V sign,V sign train (321).jpg,train\V sign\V sign train (321).jpg,452.92,56.44,52.19,1.66,good,Image quality is good. Proceed with assessment.,0
train,V sign,V sign train (322).jpg,train\V sign\V sign train (322).jpg,452.94,56.37,52.02,1.66,good,Image quality is good. Proceed with assessment.,0
train,V sign,V sign train (323).jpg,train\V sign\V sign train (323).jpg,453.85,56.29,51.92,1.66,good,Image quality is good. Proceed with assessment.,0
train,V sign,V sign train (324).jpg,train\V sign\V sign train (324).jpg,522.67,62.18,56.82,1.98,good,Image quality is good. Proceed with assessment.,0
train,V sign,V sign train (325).jpg,train\V sign\V sign train (325).jpg,523.26,62.18,56.96,1.98,good,Image quality is good. Proceed with assessment.,0
train,V sign,V sign train (326).jpg,train\V sign\V sign train (326).jpg,523.56,62.13,57.18,1.98,good,Image quality is good. Proceed with assessment.,0
train,V sign,V sign train (327).jpg,train\V sign\V sign train (327).jpg,523.99,62.07,57.2,1.99,good,Image quality is good. Proceed with assessment.,0
train,V sign,V sign train (328).jpg,train\V sign\V sign train (328).jpg,523.44,61.98,57.21,1.99,good,Image quality is good. Proceed with assessment.,0
train,V sign,V sign train (329).jpg,train\V sign\V sign train (329).jpg,523.78,61.77,57.11,1.99,good,Image quality is good. Proceed with assessment.,0
train,V sign,V sign train (33).jpg,train\V sign\V sign train (33).jpg,675.69,64.73,61.72,2.08,good,Image quality is good. Proceed with assessment.,0
train,V sign,V sign train (330).jpg,train\V sign\V sign train (330).jpg,523.97,61.59,56.97,1.99,good,Image quality is good. Proceed with assessment.,0
train,V sign,V sign train (331).jpg,train\V sign\V sign train (331).jpg,525.07,61.26,56.8,1.99,good,Image quality is good. Proceed with assessment.,0
train,V sign,V sign train (332).jpg,train\V sign\V sign train (332).jpg,521.11,60.94,57.5,1.95,good,Image quality is good. Proceed with assessment.,0
train,V sign,V sign train (333).jpg,train\V sign\V sign train (333).jpg,520.77,60.86,57.34,1.96,good,Image quality is good. Proceed with assessment.,0
train,V sign,V sign train (334).jpg,train\V sign\V sign train (334).jpg,520.97,60.78,57.24,1.96,good,Image quality is good. Proceed with assessment.,0
train,V sign,V sign train (335).jpg,train\V sign\V sign train (335).jpg,521.65,61.1,57.37,1.97,good,Image quality is good. Proceed with assessment.,0
train,V sign,V sign train (336).jpg,train\V sign\V sign train (336).jpg,522.33,61.13,57.32,1.98,good,Image quality is good. Proceed with assessment.,0
train,V sign,V sign train (337).jpg,train\V sign\V sign train (337).jpg,522.38,61.04,57.16,1.98,good,Image quality is good. Proceed with assessment.,0
train,V sign,V sign train (338).jpg,train\V sign\V sign train (338).jpg,517.22,61.06,56.89,1.95,good,Image quality is good. Proceed with assessment.,0
train,V sign,V sign train (339).jpg,train\V sign\V sign train (339).jpg,518.19,61.13,56.98,1.95,good,Image quality is good. Proceed with assessment.,0
train,V sign,V sign train (34).jpg,train\V sign\V sign train (34).jpg,668.93,64.69,61.88,2.05,good,Image quality is good. Proceed with assessment.,0
train,V sign,V sign train (340).jpg,train\V sign\V sign train (340).jpg,516.91,61.15,57.05,1.93,good,Image quality is good. Proceed with assessment.,0
train,V sign,V sign train (341).jpg,train\V sign\V sign train (341).jpg,517.95,61.07,56.99,1.93,good,Image quality is good. Proceed with assessment.,0
train,V sign,V sign train (342).jpg,train\V sign\V sign train (342).jpg,518.5,61.04,56.88,1.93,good,Image quality is good. Proceed with assessment.,0
train,V sign,V sign train (343).jpg,train\V sign\V sign train (343).jpg,522.83,61.1,56.75,1.97,good,Image quality is good. Proceed with assessment.,0
train,V sign,V sign train (344).jpg,train\V sign\V sign train (344).jpg,523.45,61.0,56.64,1.97,good,Image quality is good. Proceed with assessment.,0
train,V sign,V sign train (345).jpg,train\V sign\V sign train (345).jpg,522.43,62.12,56.33,1.98,good,Image quality is good. Proceed with assessment.,0
train,V sign,V sign train (346).jpg,train\V sign\V sign train (346).jpg,507.62,53.65,53.69,1.68,good,Image quality is good. Proceed with assessment.,0
train,V sign,V sign train (347).jpg,train\V sign\V sign train (347).jpg,510.8,52.78,52.73,1.67,good,Image quality is good. Proceed with assessment.,0
train,V sign,V sign train (348).jpg,train\V sign\V sign train (348).jpg,510.39,52.26,52.02,1.66,good,Image quality is good. Proceed with assessment.,0
train,V sign,V sign train (349).jpg,train\V sign\V sign train (349).jpg,508.07,51.78,51.62,1.62,good,Image quality is good. Proceed with assessment.,0
train,V sign,V sign train (35).jpg,train\V sign\V sign train (35).jpg,668.66,64.78,61.97,2.05,good,Image quality is good. Proceed with assessment.,0
train,V sign,V sign train (350).jpg,train\V sign\V sign train (350).jpg,507.57,51.92,51.82,1.62,good,Image quality is good. Proceed with assessment.,0
train,V sign,V sign train (351).jpg,train\V sign\V sign train (351).jpg,506.89,51.91,51.96,1.62,good,Image quality is good. Proceed with assessment.,0
train,V sign,V sign train (352).jpg,train\V sign\V sign train (352).jpg,505.78,51.82,51.78,1.62,good,Image quality is good. Proceed with assessment.,0
train,V sign,V sign train (353).jpg,train\V sign\V sign train (353).jpg,501.65,51.55,51.66,1.61,good,Image quality is good. Proceed with assessment.,0
train,V sign,V sign train (354).jpg,train\V sign\V sign train (354).jpg,501.2,51.82,51.79,1.61,good,Image quality is good. Proceed with assessment.,0
train,V sign,V sign train (355).jpg,train\V sign\V sign train (355).jpg,501.16,51.93,51.88,1.61,good,Image quality is good. Proceed with assessment.,0
train,V sign,V sign train (356).jpg,train\V sign\V sign train (356).jpg,499.36,51.87,52.0,1.59,good,Image quality is good. Proceed with assessment.,0
train,V sign,V sign train (357).jpg,train\V sign\V sign train (357).jpg,498.68,51.84,51.93,1.59,good,Image quality is good. Proceed with assessment.,0
train,V sign,V sign train (358).jpg,train\V sign\V sign train (358).jpg,496.7,51.37,51.37,1.58,good,Image quality is good. Proceed with assessment.,0
train,V sign,V sign train (359).jpg,train\V sign\V sign train (359).jpg,496.74,51.76,52.07,1.6,good,Image quality is good. Proceed with assessment.,0
train,V sign,V sign train (36).jpg,train\V sign\V sign train (36).jpg,642.47,63.08,60.55,2.02,good,Image quality is good. Proceed with assessment.,0
train,V sign,V sign train (360).jpg,train\V sign\V sign train (360).jpg,496.72,51.98,52.36,1.6,good,Image quality is good. Proceed with assessment.,0
train,V sign,V sign train (361).jpg,train\V sign\V sign train (361).jpg,497.31,52.03,52.54,1.6,good,Image quality is good. Proceed with assessment.,0
train,V sign,V sign train (362).jpg,train\V sign\V sign train (362).jpg,489.21,53.45,53.22,1.59,good,Image quality is good. Proceed with assessment.,0
train,V sign,V sign train (363).jpg,train\V sign\V sign train (363).jpg,489.04,53.33,53.13,1.59,good,Image quality is good. Proceed with assessment.,0
train,V sign,V sign train (364).jpg,train\V sign\V sign train (364).jpg,495.49,53.03,52.34,1.61,good,Image quality is good. Proceed with assessment.,0
train,V sign,V sign train (365).jpg,train\V sign\V sign train (365).jpg,495.6,53.16,52.55,1.61,good,Image quality is good. Proceed with assessment.,0
train,V sign,V sign train (366).jpg,train\V sign\V sign train (366).jpg,495.64,53.16,52.59,1.61,good,Image quality is good. Proceed with assessment.,0
train,V sign,V sign train (367).jpg,train\V sign\V sign train (367).jpg,495.43,53.08,52.56,1.61,good,Image quality is good. Proceed with assessment.,0
train,V sign,V sign train (368).jpg,train\V sign\V sign train (368).jpg,495.88,52.95,52.39,1.61,good,Image quality is good. Proceed with assessment.,0
train,V sign,V sign train (369).jpg,train\V sign\V sign train (369).jpg,494.16,52.53,52.38,1.59,good,Image quality is good. Proceed with assessment.,0
train,V sign,V sign train (37).jpg,train\V sign\V sign train (37).jpg,643.0,63.05,60.46,2.02,good,Image quality is good. Proceed with assessment.,0
train,V sign,V sign train (370).jpg,train\V sign\V sign train (370).jpg,494.77,52.65,52.51,1.59,good,Image quality is good. Proceed with assessment.,0
train,V sign,V sign train (371).jpg,train\V sign\V sign train (371).jpg,498.9,52.64,52.84,1.61,good,Image quality is good. Proceed with assessment.,0
train,V sign,V sign train (372).jpg,train\V sign\V sign train (372).jpg,498.48,52.75,52.98,1.61,good,Image quality is good. Proceed with assessment.,0
train,V sign,V sign train (373).jpg,train\V sign\V sign train (373).jpg,498.44,52.84,53.06,1.61,good,Image quality is good. Proceed with assessment.,0
train,V sign,V sign train (374).jpg,train\V sign\V sign train (374).jpg,498.73,52.45,52.5,1.61,good,Image quality is good. Proceed with assessment.,0
train,V sign,V sign train (375).jpg,train\V sign\V sign train (375).jpg,434.55,48.3,46.57,1.51,good,Image quality is good. Proceed with assessment.,0
train,V sign,V sign train (376).jpg,train\V sign\V sign train (376).jpg,435.13,48.27,46.7,1.52,good,Image quality is good. Proceed with assessment.,0
train,V sign,V sign train (377).jpg,train\V sign\V sign train (377).jpg,439.95,46.13,45.77,1.54,good,Image quality is good. Proceed with assessment.,0
train,V sign,V sign train (378).jpg,train\V sign\V sign train (378).jpg,438.94,45.82,45.2,1.52,good,Image quality is good. Proceed with assessment.,0
train,V sign,V sign train (379).jpg,train\V sign\V sign train (379).jpg,393.03,50.65,53.57,1.19,good,Image quality is good. Proceed with assessment.,0
train,V sign,V sign train (38).jpg,train\V sign\V sign train (38).jpg,651.03,62.66,60.26,2.03,good,Image quality is good. Proceed with assessment.,0
train,V sign,V sign train (380).jpg,train\V sign\V sign train (380).jpg,386.12,49.48,53.38,1.17,good,Image quality is good. Proceed with assessment.,0
train,V sign,V sign train (381).jpg,train\V sign\V sign train (381).jpg,384.79,48.26,53.22,1.15,good,Image quality is good. Proceed with assessment.,0
train,V sign,V sign train (382).jpg,train\V sign\V sign train (382).jpg,388.44,47.14,53.26,1.17,good,Image quality is good. Proceed with assessment.,0
train,V sign,V sign train (383).jpg,train\V sign\V sign train (383).jpg,406.75,60.09,57.16,1.41,good,Image quality is good. Proceed with assessment.,0
train,V sign,V sign train (384).jpg,train\V sign\V sign train (384).jpg,410.73,60.17,57.38,1.43,good,Image quality is good. Proceed with assessment.,0
train,V sign,V sign train (385).jpg,train\V sign\V sign train (385).jpg,404.16,60.5,57.57,1.43,good,Image quality is good. Proceed with assessment.,0
train,V sign,V sign train (386).jpg,train\V sign\V sign train (386).jpg,409.36,60.57,57.78,1.43,good,Image quality is good. Proceed with assessment.,0
train,V sign,V sign train (387).jpg,train\V sign\V sign train (387).jpg,408.81,60.35,57.63,1.43,good,Image quality is good. Proceed with assessment.,0
train,V sign,V sign train (388).jpg,train\V sign\V sign train (388).jpg,411.87,60.62,58.03,1.43,good,Image quality is good. Proceed with assessment.,0
train,V sign,V sign train (389).jpg,train\V sign\V sign train (389).jpg,412.27,60.51,57.97,1.42,good,Image quality is good. Proceed with assessment.,0
train,V sign,V sign train (39).jpg,train\V sign\V sign train (39).jpg,651.37,62.62,60.25,2.03,good,Image quality is good. Proceed with assessment.,0
train,V sign,V sign train (390).jpg,train\V sign\V sign train (390).jpg,446.7,56.13,60.93,1.52,good,Image quality is good. Proceed with assessment.,0
train,V sign,V sign train (391).jpg,train\V sign\V sign train (391).jpg,445.81,56.05,60.7,1.51,good,Image quality is good. Proceed with assessment.,0
train,V sign,V sign train (392).jpg,train\V sign\V sign train (392).jpg,454.07,56.54,61.27,1.52,good,Image quality is good. Proceed with assessment.,0
train,V sign,V sign train (393).jpg,train\V sign\V sign train (393).jpg,455.56,56.31,61.04,1.51,good,Image quality is good. Proceed with assessment.,0
train,V sign,V sign train (394).jpg,train\V sign\V sign train (394).jpg,466.24,55.86,61.21,1.51,good,Image quality is good. Proceed with assessment.,0
train,V sign,V sign train (395).jpg,train\V sign\V sign train (395).jpg,449.39,55.23,61.25,1.49,good,Image quality is good. Proceed with assessment.,0
train,V sign,V sign train (396).jpg,train\V sign\V sign train (396).jpg,455.06,64.86,60.45,1.51,good,Image quality is good. Proceed with assessment.,0
train,V sign,V sign train (397).jpg,train\V sign\V sign train (397).jpg,456.52,64.67,60.23,1.51,good,Image quality is good. Proceed with assessment.,0
train,V sign,V sign train (398).jpg,train\V sign\V sign train (398).jpg,460.88,64.41,60.17,1.51,good,Image quality is good. Proceed with assessment.,0
train,V sign,V sign train (399).jpg,train\V sign\V sign train (399).jpg,651.47,84.22,68.54,1.87,good,Image quality is good. Proceed with assessment.,0
train,V sign,V sign train (4).jpg,train\V sign\V sign train (4).jpg,900.83,37.39,45.53,1.79,good,Image quality is good. Proceed with assessment.,0
train,V sign,V sign train (40).jpg,train\V sign\V sign train (40).jpg,607.22,42.32,46.5,1.9,good,Image quality is good. Proceed with assessment.,0
train,V sign,V sign train (400).jpg,train\V sign\V sign train (400).jpg,651.47,84.11,68.49,1.87,good,Image quality is good. Proceed with assessment.,0
train,V sign,V sign train (401).jpg,train\V sign\V sign train (401).jpg,652.02,83.99,68.38,1.88,good,Image quality is good. Proceed with assessment.,0
train,V sign,V sign train (402).jpg,train\V sign\V sign train (402).jpg,643.76,83.8,68.75,1.87,good,Image quality is good. Proceed with assessment.,0
train,V sign,V sign train (403).jpg,train\V sign\V sign train (403).jpg,654.43,83.6,68.66,1.87,good,Image quality is good. Proceed with assessment.,0
train,V sign,V sign train (404).jpg,train\V sign\V sign train (404).jpg,655.28,83.4,68.56,1.88,good,Image quality is good. Proceed with assessment.,0
train,V sign,V sign train (405).jpg,train\V sign\V sign train (405).jpg,389.84,36.48,45.04,1.35,good,Image quality is good. Proceed with assessment.,0
train,V sign,V sign train (406).jpg,train\V sign\V sign train (406).jpg,389.15,36.07,44.28,1.35,good,Image quality is good. Proceed with assessment.,0
train,V sign,V sign train (407).jpg,train\V sign\V sign train (407).jpg,388.37,35.85,43.9,1.35,good,Image quality is good. Proceed with assessment.,0
train,V sign,V sign train (408).jpg,train\V sign\V sign train (408).jpg,398.53,35.56,43.69,1.35,good,Image quality is good. Proceed with assessment.,0
train,V sign,V sign train (409).jpg,train\V sign\V sign train (409).jpg,506.25,52.56,45.31,1.63,good,Image quality is good. Proceed with assessment.,0
train,V sign,V sign train (41).jpg,train\V sign\V sign train (41).jpg,606.91,42.51,46.7,1.91,good,Image quality is good. Proceed with assessment.,0
train,V sign,V sign train (410).jpg,train\V sign\V sign train (410).jpg,505.02,52.6,45.42,1.62,good,Image quality is good. Proceed with assessment.,0
train,V sign,V sign train (411).jpg,train\V sign\V sign train (411).jpg,502.55,52.65,45.56,1.63,good,Image quality is good. Proceed with assessment.,0
train,V sign,V sign train (412).jpg,train\V sign\V sign train (412).jpg,1082.18,29.82,42.41,1.97,good,Image quality is good. Proceed with assessment.,0
train,V sign,V sign train (413).jpg,train\V sign\V sign train (413).jpg,1085.2,30.04,43.45,1.98,good,Image quality is good. Proceed with assessment.,0
train,V sign,V sign train (414).jpg,train\V sign\V sign train (414).jpg,1085.42,29.94,43.85,1.97,good,Image quality is good. Proceed with assessment.,0
train,V sign,V sign train (415).jpg,train\V sign\V sign train (415).jpg,1087.7,29.33,43.64,1.96,good,Image quality is good. Proceed with assessment.,0
train,V sign,V sign train (416).jpg,train\V sign\V sign train (416).jpg,836.18,32.03,43.1,2.04,good,Image quality is good. Proceed with assessment.,0
train,V sign,V sign train (417).jpg,train\V sign\V sign train (417).jpg,830.41,32.14,43.3,2.03,good,Image quality is good. Proceed with assessment.,0
train,V sign,V sign train (418).jpg,train\V sign\V sign train (418).jpg,833.57,32.13,43.2,2.04,good,Image quality is good. Proceed with assessment.,0
train,V sign,V sign train (419).jpg,train\V sign\V sign train (419).jpg,832.29,32.13,42.98,2.05,good,Image quality is good. Proceed with assessment.,0
train,V sign,V sign train (42).jpg,train\V sign\V sign train (42).jpg,603.66,42.46,46.67,1.9,good,Image quality is good. Proceed with assessment.,0
train,V sign,V sign train (420).jpg,train\V sign\V sign train (420).jpg,834.2,31.97,42.46,2.05,good,Image quality is good. Proceed with assessment.,0
train,V sign,V sign train (421).jpg,train\V sign\V sign train (421).jpg,843.49,32.59,43.56,2.06,good,Image quality is good. Proceed with assessment.,0
train,V sign,V sign train (422).jpg,train\V sign\V sign train (422).jpg,844.78,32.6,43.51,2.07,good,Image quality is good. Proceed with assessment.,0
train,V sign,V sign train (423).jpg,train\V sign\V sign train (423).jpg,847.27,32.52,43.25,2.08,good,Image quality is good. Proceed with assessment.,0
train,V sign,V sign train (424).jpg,train\V sign\V sign train (424).jpg,847.86,32.22,42.41,2.11,good,Image quality is good. Proceed with assessment.,0
train,V sign,V sign train (425).jpg,train\V sign\V sign train (425).jpg,848.11,31.98,41.89,2.09,good,Image quality is good. Proceed with assessment.,0
train,V sign,V sign train (426).jpg,train\V sign\V sign train (426).jpg,895.14,35.75,47.71,1.8,good,Image quality is good. Proceed with assessment.,0
train,V sign,V sign train (427).jpg,train\V sign\V sign train (427).jpg,895.7,35.7,47.64,1.78,good,Image quality is good. Proceed with assessment.,0
train,V sign,V sign train (428).jpg,train\V sign\V sign train (428).jpg,873.04,34.49,47.11,1.75,good,Image quality is good. Proceed with assessment.,0
train,V sign,V sign train (429).jpg,train\V sign\V sign train (429).jpg,871.47,34.57,47.49,1.74,good,Image quality is good. Proceed with assessment.,0
train,V sign,V sign train (43).jpg,train\V sign\V sign train (43).jpg,607.29,42.35,46.52,1.9,good,Image quality is good. Proceed with assessment.,0
train,V sign,V sign train (430).jpg,train\V sign\V sign train (430).jpg,878.52,34.5,48.12,1.76,good,Image quality is good. Proceed with assessment.,0
train,V sign,V sign train (431).jpg,train\V sign\V sign train (431).jpg,880.91,34.48,48.78,1.75,good,Image quality is good. Proceed with assessment.,0
train,V sign,V sign train (432).jpg,train\V sign\V sign train (432).jpg,881.24,34.36,48.74,1.75,good,Image quality is good. Proceed with assessment.,0
train,V sign,V sign train (433).jpg,train\V sign\V sign train (433).jpg,882.27,34.14,48.65,1.75,good,Image quality is good. Proceed with assessment.,0
train,V sign,V sign train (434).jpg,train\V sign\V sign train (434).jpg,883.26,34.03,48.53,1.76,good,Image quality is good. Proceed with assessment.,0
train,V sign,V sign train (435).jpg,train\V sign\V sign train (435).jpg,883.63,33.95,48.21,1.76,good,Image quality is good. Proceed with assessment.,0
train,V sign,V sign train (436).jpg,train\V sign\V sign train (436).jpg,885.75,33.79,47.78,1.78,good,Image quality is good. Proceed with assessment.,0
train,V sign,V sign train (437).jpg,train\V sign\V sign train (437).jpg,886.94,33.18,46.95,1.76,good,Image quality is good. Proceed with assessment.,0
train,V sign,V sign train (438).jpg,train\V sign\V sign train (438).jpg,883.43,34.04,48.06,1.76,good,Image quality is good. Proceed with assessment.,0
train,V sign,V sign train (439).jpg,train\V sign\V sign train (439).jpg,880.93,34.03,47.85,1.75,good,Image quality is good. Proceed with assessment.,0
train,V sign,V sign train (44).jpg,train\V sign\V sign train (44).jpg,610.85,43.23,46.48,1.92,good,Image quality is good. Proceed with assessment.,0
train,V sign,V sign train (440).jpg,train\V sign\V sign train (440).jpg,879.97,34.08,47.76,1.75,good,Image quality is good. Proceed with assessment.,0
train,V sign,V sign train (441).jpg,train\V sign\V sign train (441).jpg,877.43,33.82,47.23,1.75,good,Image quality is good. Proceed with assessment.,0
train,V sign,V sign train (442).jpg,train\V sign\V sign train (442).jpg,877.2,33.74,46.87,1.74,good,Image quality is good. Proceed with assessment.,0
train,V sign,V sign train (443).jpg,train\V sign\V sign train (443).jpg,875.7,33.54,46.51,1.76,good,Image quality is good. Proceed with assessment.,0
train,V sign,V sign train (444).jpg,train\V sign\V sign train (444).jpg,876.21,33.08,46.04,1.74,good,Image quality is good. Proceed with assessment.,0
train,V sign,V sign train (445).jpg,train\V sign\V sign train (445).jpg,568.09,46.9,49.45,1.78,good,Image quality is good. Proceed with assessment.,0
train,V sign,V sign train (446).jpg,train\V sign\V sign train (446).jpg,568.17,46.92,49.63,1.78,good,Image quality is good. Proceed with assessment.,0
train,V sign,V sign train (447).jpg,train\V sign\V sign train (447).jpg,568.39,46.93,49.75,1.78,good,Image quality is good. Proceed with assessment.,0
train,V sign,V sign train (448).jpg,train\V sign\V sign train (448).jpg,567.61,46.83,49.63,1.79,good,Image quality is good. Proceed with assessment.,0
train,V sign,V sign train (449).jpg,train\V sign\V sign train (449).jpg,557.56,50.14,50.42,1.78,good,Image quality is good. Proceed with assessment.,0
train,V sign,V sign train (45).jpg,train\V sign\V sign train (45).jpg,589.07,64.66,60.41,1.98,good,Image quality is good. Proceed with assessment.,0
train,V sign,V sign train (450).jpg,train\V sign\V sign train (450).jpg,556.95,50.34,50.72,1.78,good,Image quality is good. Proceed with assessment.,0
train,V sign,V sign train (451).jpg,train\V sign\V sign train (451).jpg,557.62,50.35,50.8,1.78,good,Image quality is good. Proceed with assessment.,0
train,V sign,V sign train (452).jpg,train\V sign\V sign train (452).jpg,557.67,50.09,50.58,1.79,good,Image quality is good. Proceed with assessment.,0
train,V sign,V sign train (453).jpg,train\V sign\V sign train (453).jpg,558.05,50.04,50.56,1.79,good,Image quality is good. Proceed with assessment.,0
train,V sign,V sign train (454).jpg,train\V sign\V sign train (454).jpg,433.77,41.35,52.99,1.45,good,Image quality is good. Proceed with assessment.,0
train,V sign,V sign train (455).jpg,train\V sign\V sign train (455).jpg,433.49,41.29,52.99,1.45,good,Image quality is good. Proceed with assessment.,0
train,V sign,V sign train (456).jpg,train\V sign\V sign train (456).jpg,432.68,41.14,52.62,1.45,good,Image quality is good. Proceed with assessment.,0
train,V sign,V sign train (457).jpg,train\V sign\V sign train (457).jpg,433.41,41.06,52.4,1.45,good,Image quality is good. Proceed with assessment.,0
train,V sign,V sign train (458).jpg,train\V sign\V sign train (458).jpg,437.73,41.43,53.25,1.45,good,Image quality is good. Proceed with assessment.,0
train,V sign,V sign train (459).jpg,train\V sign\V sign train (459).jpg,437.73,41.39,53.17,1.46,good,Image quality is good. Proceed with assessment.,0
train,V sign,V sign train (46).jpg,train\V sign\V sign train (46).jpg,588.32,64.74,60.45,1.98,good,Image quality is good. Proceed with assessment.,0
train,V sign,V sign train (460).jpg,train\V sign\V sign train (460).jpg,438.07,41.3,52.87,1.46,good,Image quality is good. Proceed with assessment.,0
train,V sign,V sign train (461).jpg,train\V sign\V sign train (461).jpg,580.44,55.12,50.21,1.95,good,Image quality is good. Proceed with assessment.,0
train,V sign,V sign train (462).jpg,train\V sign\V sign train (462).jpg,581.59,55.08,50.14,1.95,good,Image quality is good. Proceed with assessment.,0
train,V sign,V sign train (463).jpg,train\V sign\V sign train (463).jpg,582.02,54.83,49.85,1.95,good,Image quality is good. Proceed with assessment.,0
train,V sign,V sign train (464).jpg,train\V sign\V sign train (464).jpg,886.28,52.83,42.15,2.34,good,Image quality is good. Proceed with assessment.,0
train,V sign,V sign train (465).jpg,train\V sign\V sign train (465).jpg,888.5,52.69,41.82,2.34,good,Image quality is good. Proceed with assessment.,0
train,V sign,V sign train (466).jpg,train\V sign\V sign train (466).jpg,890.01,52.51,41.16,2.34,good,Image quality is good. Proceed with assessment.,0
train,V sign,V sign train (467).jpg,train\V sign\V sign train (467).jpg,893.05,52.23,40.64,2.34,good,Image quality is good. Proceed with assessment.,0
train,V sign,V sign train (468).jpg,train\V sign\V sign train (468).jpg,896.99,52.01,40.27,2.34,good,Image quality is good. Proceed with assessment.,0
train,V sign,V sign train (469).jpg,train\V sign\V sign train (469).jpg,920.48,53.1,41.68,2.36,good,Image quality is good. Proceed with assessment.,0
train,V sign,V sign train (47).jpg,train\V sign\V sign train (47).jpg,588.83,64.85,60.51,1.98,good,Image quality is good. Proceed with assessment.,0
train,V sign,V sign train (470).jpg,train\V sign\V sign train (470).jpg,922.17,53.04,41.74,2.39,good,Image quality is good. Proceed with assessment.,0
train,V sign,V sign train (471).jpg,train\V sign\V sign train (471).jpg,921.38,52.95,41.7,2.36,good,Image quality is good. Proceed with assessment.,0
train,V sign,V sign train (472).jpg,train\V sign\V sign train (472).jpg,919.86,52.87,41.39,2.36,good,Image quality is good. Proceed with assessment.,0
train,V sign,V sign train (473).jpg,train\V sign\V sign train (473).jpg,920.41,52.64,40.79,2.35,good,Image quality is good. Proceed with assessment.,0
train,V sign,V sign train (474).jpg,train\V sign\V sign train (474).jpg,917.99,52.31,40.31,2.35,good,Image quality is good. Proceed with assessment.,0
train,V sign,V sign train (475).jpg,train\V sign\V sign train (475).jpg,917.57,52.1,40.0,2.34,good,Image quality is good. Proceed with assessment.,0
train,V sign,V sign train (476).jpg,train\V sign\V sign train (476).jpg,924.31,53.03,41.58,2.35,good,Image quality is good. Proceed with assessment.,0
train,V sign,V sign train (477).jpg,train\V sign\V sign train (477).jpg,389.09,42.73,50.39,1.36,good,Image quality is good. Proceed with assessment.,0
train,V sign,V sign train (478).jpg,train\V sign\V sign train (478).jpg,384.09,42.44,49.87,1.35,good,Image quality is good. Proceed with assessment.,0
train,V sign,V sign train (479).jpg,train\V sign\V sign train (479).jpg,387.1,42.21,49.39,1.36,good,Image quality is good. Proceed with assessment.,0
train,V sign,V sign train (48).jpg,train\V sign\V sign train (48).jpg,599.61,62.52,58.71,2.08,good,Image quality is good. Proceed with assessment.,0
train,V sign,V sign train (480).jpg,train\V sign\V sign train (480).jpg,387.49,41.99,48.94,1.35,good,Image quality is good. Proceed with assessment.,0
train,V sign,V sign train (481).jpg,train\V sign\V sign train (481).jpg,387.12,42.68,49.91,1.35,good,Image quality is good. Proceed with assessment.,0
train,V sign,V sign train (482).jpg,train\V sign\V sign train (482).jpg,387.31,42.55,49.51,1.36,good,Image quality is good. Proceed with assessment.,0
train,V sign,V sign train (483).jpg,train\V sign\V sign train (483).jpg,387.34,42.43,49.23,1.35,good,Image quality is good. Proceed with assessment.,0
train,V sign,V sign train (484).jpg,train\V sign\V sign train (484).jpg,609.52,55.51,54.09,1.92,good,Image quality is good. Proceed with assessment.,0
train,V sign,V sign train (485).jpg,train\V sign\V sign train (485).jpg,609.39,55.51,54.1,1.92,good,Image quality is good. Proceed with assessment.,0
train,V sign,V sign train (486).jpg,train\V sign\V sign train (486).jpg,609.79,55.43,54.01,1.92,good,Image quality is good. Proceed with assessment.,0
train,V sign,V sign train (487).jpg,train\V sign\V sign train (487).jpg,460.16,64.91,60.74,1.48,good,Image quality is good. Proceed with assessment.,0
train,V sign,V sign train (488).jpg,train\V sign\V sign train (488).jpg,464.35,65.02,60.7,1.48,good,Image quality is good. Proceed with assessment.,0
train,V sign,V sign train (489).jpg,train\V sign\V sign train (489).jpg,463.89,65.05,60.65,1.49,good,Image quality is good. Proceed with assessment.,0
train,V sign,V sign train (49).jpg,train\V sign\V sign train (49).jpg,600.57,62.52,58.76,2.09,good,Image quality is good. Proceed with assessment.,0
train,V sign,V sign train (490).jpg,train\V sign\V sign train (490).jpg,540.67,58.99,49.28,1.67,good,Image quality is good. Proceed with assessment.,0
train,V sign,V sign train (491).jpg,train\V sign\V sign train (491).jpg,541.11,59.23,49.76,1.67,good,Image quality is good. Proceed with assessment.,0
train,V sign,V sign train (492).jpg,train\V sign\V sign train (492).jpg,539.9,59.58,50.11,1.67,good,Image quality is good. Proceed with assessment.,0
train,V sign,V sign train (493).jpg,train\V sign\V sign train (493).jpg,540.7,59.92,50.33,1.68,good,Image quality is good. Proceed with assessment.,0
train,V sign,V sign train (494).jpg,train\V sign\V sign train (494).jpg,542.95,59.82,49.77,1.68,good,Image quality is good. Proceed with assessment.,0
train,V sign,V sign train (495).jpg,train\V sign\V sign train (495).jpg,543.82,59.91,49.41,1.68,good,Image quality is good. Proceed with assessment.,0
train,V sign,V sign train (496).jpg,train\V sign\V sign train (496).jpg,544.11,59.91,49.09,1.68,good,Image quality is good. Proceed with assessment.,0
train,V sign,V sign train (497).jpg,train\V sign\V sign train (497).jpg,540.13,58.41,48.48,1.68,good,Image quality is good. Proceed with assessment.,0
train,V sign,V sign train (498).jpg,train\V sign\V sign train (498).jpg,537.55,58.69,48.99,1.68,good,Image quality is good. Proceed with assessment.,0
train,V sign,V sign train (499).jpg,train\V sign\V sign train (499).jpg,535.85,58.83,49.38,1.68,good,Image quality is good. Proceed with assessment.,0
train,V sign,V sign train (5).jpg,train\V sign\V sign train (5).jpg,888.54,37.33,45.43,1.78,good,Image quality is good. Proceed with assessment.,0
train,V sign,V sign train (50).jpg,train\V sign\V sign train (50).jpg,516.2,67.09,58.12,1.84,good,Image quality is good. Proceed with assessment.,0
train,V sign,V sign train (500).jpg,train\V sign\V sign train (500).jpg,533.99,58.69,49.58,1.68,good,Image quality is good. Proceed with assessment.,0
train,V sign,V sign train (501).jpg,train\V sign\V sign train (501).jpg,534.72,58.48,49.62,1.68,good,Image quality is good. Proceed with assessment.,0
train,V sign,V sign train (502).jpg,train\V sign\V sign train (502).jpg,423.15,40.81,51.63,1.45,good,Image quality is good. Proceed with assessment.,0
train,V sign,V sign train (503).jpg,train\V sign\V sign train (503).jpg,422.94,40.75,51.57,1.45,good,Image quality is good. Proceed with assessment.,0
train,V sign,V sign train (504).jpg,train\V sign\V sign train (504).jpg,425.68,63.19,52.78,1.41,good,Image quality is good. Proceed with assessment.,0
train,V sign,V sign train (505).jpg,train\V sign\V sign train (505).jpg,424.85,64.71,53.17,1.4,good,Image quality is good. Proceed with assessment.,0
train,V sign,V sign train (506).jpg,train\V sign\V sign train (506).jpg,424.8,66.42,53.68,1.4,good,Image quality is good. Proceed with assessment.,0
train,V sign,V sign train (507).jpg,train\V sign\V sign train (507).jpg,424.55,68.05,54.2,1.41,good,Image quality is good. Proceed with assessment.,0
train,V sign,V sign train (508).jpg,train\V sign\V sign train (508).jpg,429.1,69.47,54.68,1.42,good,Image quality is good. Proceed with assessment.,0
train,V sign,V sign train (509).jpg,train\V sign\V sign train (509).jpg,432.93,70.4,54.98,1.43,good,Image quality is good. Proceed with assessment.,0
train,V sign,V sign train (51).jpg,train\V sign\V sign train (51).jpg,515.74,67.05,58.21,1.85,good,Image quality is good. Proceed with assessment.,0
train,V sign,V sign train (510).jpg,train\V sign\V sign train (510).jpg,435.35,71.0,55.23,1.44,good,Image quality is good. Proceed with assessment.,0
train,V sign,V sign train (511).jpg,train\V sign\V sign train (511).jpg,426.22,65.63,53.44,1.39,good,Image quality is good. Proceed with assessment.,0
train,V sign,V sign train (512).jpg,train\V sign\V sign train (512).jpg,429.89,67.06,54.09,1.41,good,Image quality is good. Proceed with assessment.,0
train,V sign,V sign train (513).jpg,train\V sign\V sign train (513).jpg,429.73,68.05,54.49,1.41,good,Image quality is good. Proceed with assessment.,0
train,V sign,V sign train (514).jpg,train\V sign\V sign train (514).jpg,427.39,68.71,54.61,1.41,good,Image quality is good. Proceed with assessment.,0
train,V sign,V sign train (515).jpg,train\V sign\V sign train (515).jpg,420.39,51.43,52.55,1.46,good,Image quality is good. Proceed with assessment.,0
train,V sign,V sign train (516).jpg,train\V sign\V sign train (516).jpg,419.49,51.22,52.12,1.46,good,Image quality is good. Proceed with assessment.,0
train,V sign,V sign train (517).jpg,train\V sign\V sign train (517).jpg,417.15,51.23,51.58,1.45,good,Image quality is good. Proceed with assessment.,0
train,V sign,V sign train (518).jpg,train\V sign\V sign train (518).jpg,409.23,51.26,51.79,1.44,good,Image quality is good. Proceed with assessment.,0
train,V sign,V sign train (519).jpg,train\V sign\V sign train (519).jpg,414.91,51.46,52.22,1.44,good,Image quality is good. Proceed with assessment.,0
train,V sign,V sign train (52).jpg,train\V sign\V sign train (52).jpg,516.0,67.08,58.34,1.85,good,Image quality is good. Proceed with assessment.,0
train,V sign,V sign train (520).jpg,train\V sign\V sign train (520).jpg,415.09,51.69,52.6,1.44,good,Image quality is good. Proceed with assessment.,0
train,V sign,V sign train (521).jpg,train\V sign\V sign train (521).jpg,415.57,51.93,52.85,1.45,good,Image quality is good. Proceed with assessment.,0
train,V sign,V sign train (522).jpg,train\V sign\V sign train (522).jpg,657.22,50.06,52.19,1.89,good,Image quality is good. Proceed with assessment.,0
train,V sign,V sign train (523).jpg,train\V sign\V sign train (523).jpg,532.09,36.8,44.72,1.63,good,Image quality is good. Proceed with assessment.,0
train,V sign,V sign train (524).jpg,train\V sign\V sign train (524).jpg,531.27,36.82,44.73,1.63,good,Image quality is good. Proceed with assessment.,0
train,V sign,V sign train (525).jpg,train\V sign\V sign train (525).jpg,530.69,36.88,44.76,1.63,good,Image quality is good. Proceed with assessment.,0
train,V sign,V sign train (526).jpg,train\V sign\V sign train (526).jpg,530.13,36.87,44.71,1.63,good,Image quality is good. Proceed with assessment.,0
train,V sign,V sign train (527).jpg,train\V sign\V sign train (527).jpg,560.83,57.04,50.81,1.76,good,Image quality is good. Proceed with assessment.,0
train,V sign,V sign train (528).jpg,train\V sign\V sign train (528).jpg,568.46,57.43,50.92,1.77,good,Image quality is good. Proceed with assessment.,0
train,V sign,V sign train (529).jpg,train\V sign\V sign train (529).jpg,574.14,57.39,50.93,1.79,good,Image quality is good. Proceed with assessment.,0
train,V sign,V sign train (53).jpg,train\V sign\V sign train (53).jpg,516.84,67.13,58.4,1.85,good,Image quality is good. Proceed with assessment.,0
train,V sign,V sign train (530).jpg,train\V sign\V sign train (530).jpg,575.58,57.53,51.09,1.79,good,Image quality is good. Proceed with assessment.,0
train,V sign,V sign train (531).jpg,train\V sign\V sign train (531).jpg,577.24,57.68,51.16,1.79,good,Image quality is good. Proceed with assessment.,0
train,V sign,V sign train (532).jpg,train\V sign\V sign train (532).jpg,565.27,57.59,51.12,1.78,good,Image quality is good. Proceed with assessment.,0
train,V sign,V sign train (533).jpg,train\V sign\V sign train (533).jpg,574.89,57.59,51.17,1.79,good,Image quality is good. Proceed with assessment.,0
train,V sign,V sign train (534).jpg,train\V sign\V sign train (534).jpg,576.92,57.67,51.22,1.79,good,Image quality is good. Proceed with assessment.,0
train,V sign,V sign train (535).jpg,train\V sign\V sign train (535).jpg,778.76,51.65,46.21,2.18,good,Image quality is good. Proceed with assessment.,0
train,V sign,V sign train (536).jpg,train\V sign\V sign train (536).jpg,774.32,52.19,46.87,2.15,good,Image quality is good. Proceed with assessment.,0
train,V sign,V sign train (537).jpg,train\V sign\V sign train (537).jpg,775.24,52.1,46.85,2.15,good,Image quality is good. Proceed with assessment.,0
train,V sign,V sign train (538).jpg,train\V sign\V sign train (538).jpg,776.51,51.95,46.58,2.15,good,Image quality is good. Proceed with assessment.,0
train,V sign,V sign train (539).jpg,train\V sign\V sign train (539).jpg,775.29,51.66,46.17,2.15,good,Image quality is good. Proceed with assessment.,0
train,V sign,V sign train (54).jpg,train\V sign\V sign train (54).jpg,516.42,67.0,58.4,1.85,good,Image quality is good. Proceed with assessment.,0
train,V sign,V sign train (540).jpg,train\V sign\V sign train (540).jpg,862.23,22.22,36.15,1.73,good,Image quality is good. Proceed with assessment.,0
train,V sign,V sign train (541).jpg,train\V sign\V sign train (541).jpg,861.35,22.39,36.39,1.72,good,Image quality is good. Proceed with assessment.,0
train,V sign,V sign train (542).jpg,train\V sign\V sign train (542).jpg,857.41,22.5,36.61,1.74,good,Image quality is good. Proceed with assessment.,0
train,V sign,V sign train (543).jpg,train\V sign\V sign train (543).jpg,860.03,22.44,36.3,1.73,good,Image quality is good. Proceed with assessment.,0
train,V sign,V sign train (544).jpg,train\V sign\V sign train (544).jpg,857.53,22.4,35.9,1.73,good,Image quality is good. Proceed with assessment.,0
train,V sign,V sign train (545).jpg,train\V sign\V sign train (545).jpg,860.57,22.2,35.21,1.73,good,Image quality is good. Proceed with assessment.,0
train,V sign,V sign train (546).jpg,train\V sign\V sign train (546).jpg,858.65,21.99,34.62,1.73,good,Image quality is good. Proceed with assessment.,0
train,V sign,V sign train (547).jpg,train\V sign\V sign train (547).jpg,886.72,23.53,37.28,1.74,good,Image quality is good. Proceed with assessment.,0
train,V sign,V sign train (548).jpg,train\V sign\V sign train (548).jpg,887.04,23.7,37.69,1.74,good,Image quality is good. Proceed with assessment.,0
train,V sign,V sign train (549).jpg,train\V sign\V sign train (549).jpg,892.99,23.63,37.75,1.75,good,Image quality is good. Proceed with assessment.,0
train,V sign,V sign train (55).jpg,train\V sign\V sign train (55).jpg,516.15,66.89,58.3,1.84,good,Image quality is good. Proceed with assessment.,0
train,V sign,V sign train (550).jpg,train\V sign\V sign train (550).jpg,893.81,23.66,37.78,1.76,good,Image quality is good. Proceed with assessment.,0
train,V sign,V sign train (551).jpg,train\V sign\V sign train (551).jpg,896.67,23.59,37.55,1.78,good,Image quality is good. Proceed with assessment.,0
train,V sign,V sign train (552).jpg,train\V sign\V sign train (552).jpg,900.76,23.32,37.03,1.77,good,Image quality is good. Proceed with assessment.,0
train,V sign,V sign train (553).jpg,train\V sign\V sign train (553).jpg,903.27,23.11,36.17,1.76,good,Image quality is good. Proceed with assessment.,0
train,V sign,V sign train (554).jpg,train\V sign\V sign train (554).jpg,902.47,22.9,35.45,1.77,good,Image quality is good. Proceed with assessment.,0
train,V sign,V sign train (555).jpg,train\V sign\V sign train (555).jpg,905.72,22.33,34.7,1.75,good,Image quality is good. Proceed with assessment.,0
train,V sign,V sign train (556).jpg,train\V sign\V sign train (556).jpg,904.8,22.25,34.38,1.75,good,Image quality is good. Proceed with assessment.,0
train,V sign,V sign train (557).jpg,train\V sign\V sign train (557).jpg,900.31,22.22,34.23,1.75,good,Image quality is good. Proceed with assessment.,0
train,V sign,V sign train (558).jpg,train\V sign\V sign train (558).jpg,907.84,21.95,34.11,1.75,good,Image quality is good. Proceed with assessment.,0
train,V sign,V sign train (559).jpg,train\V sign\V sign train (559).jpg,513.91,54.5,57.3,1.65,good,Image quality is good. Proceed with assessment.,0
train,V sign,V sign train (56).jpg,train\V sign\V sign train (56).jpg,545.56,63.04,68.44,1.69,good,Image quality is good. Proceed with assessment.,0
train,V sign,V sign train (560).jpg,train\V sign\V sign train (560).jpg,513.48,54.68,57.38,1.66,good,Image quality is good. Proceed with assessment.,0
train,V sign,V sign train (561).jpg,train\V sign\V sign train (561).jpg,513.95,54.66,57.38,1.66,good,Image quality is good. Proceed with assessment.,0
train,V sign,V sign train (562).jpg,train\V sign\V sign train (562).jpg,514.53,54.82,57.49,1.66,good,Image quality is good. Proceed with assessment.,0
train,V sign,V sign train (563).jpg,train\V sign\V sign train (563).jpg,515.6,54.83,57.17,1.66,good,Image quality is good. Proceed with assessment.,0
train,V sign,V sign train (564).jpg,train\V sign\V sign train (564).jpg,518.91,54.72,56.97,1.66,good,Image quality is good. Proceed with assessment.,0
train,V sign,V sign train (565).jpg,train\V sign\V sign train (565).jpg,518.42,54.69,56.75,1.66,good,Image quality is good. Proceed with assessment.,0
train,V sign,V sign train (566).jpg,train\V sign\V sign train (566).jpg,518.81,54.55,56.37,1.66,good,Image quality is good. Proceed with assessment.,0
train,V sign,V sign train (567).jpg,train\V sign\V sign train (567).jpg,539.23,46.78,52.19,1.64,good,Image quality is good. Proceed with assessment.,0
train,V sign,V sign train (568).jpg,train\V sign\V sign train (568).jpg,537.49,46.91,52.38,1.64,good,Image quality is good. Proceed with assessment.,0
train,V sign,V sign train (569).jpg,train\V sign\V sign train (569).jpg,536.48,46.94,52.39,1.63,good,Image quality is good. Proceed with assessment.,0
train,V sign,V sign train (57).jpg,train\V sign\V sign train (57).jpg,544.91,63.04,68.46,1.7,good,Image quality is good. Proceed with assessment.,0
train,V sign,V sign train (570).jpg,train\V sign\V sign train (570).jpg,526.17,46.63,52.13,1.61,good,Image quality is good. Proceed with assessment.,0
train,V sign,V sign train (571).jpg,train\V sign\V sign train (571).jpg,504.33,51.56,55.62,1.66,good,Image quality is good. Proceed with assessment.,0
train,V sign,V sign train (572).jpg,train\V sign\V sign train (572).jpg,502.97,51.28,55.33,1.65,good,Image quality is good. Proceed with assessment.,0
train,V sign,V sign train (573).jpg,train\V sign\V sign train (573).jpg,503.63,51.11,55.12,1.65,good,Image quality is good. Proceed with assessment.,0
train,V sign,V sign train (574).jpg,train\V sign\V sign train (574).jpg,503.79,50.94,54.96,1.65,good,Image quality is good. Proceed with assessment.,0
train,V sign,V sign train (575).jpg,train\V sign\V sign train (575).jpg,502.21,50.28,55.57,1.64,good,Image quality is good. Proceed with assessment.,0
train,V sign,V sign train (576).jpg,train\V sign\V sign train (576).jpg,501.15,50.43,55.88,1.64,good,Image quality is good. Proceed with assessment.,0
train,V sign,V sign train (577).jpg,train\V sign\V sign train (577).jpg,499.45,50.37,56.13,1.64,good,Image quality is good. Proceed with assessment.,0
train,V sign,V sign train (578).jpg,train\V sign\V sign train (578).jpg,501.14,50.33,56.2,1.64,good,Image quality is good. Proceed with assessment.,0
train,V sign,V sign train (579).jpg,train\V sign\V sign train (579).jpg,501.32,50.11,55.98,1.64,good,Image quality is good. Proceed with assessment.,0
train,V sign,V sign train (58).jpg,train\V sign\V sign train (58).jpg,544.78,62.95,68.41,1.71,good,Image quality is good. Proceed with assessment.,0
train,V sign,V sign train (580).jpg,train\V sign\V sign train (580).jpg,500.54,49.75,55.71,1.64,good,Image quality is good. Proceed with assessment.,0
train,V sign,V sign train (581).jpg,train\V sign\V sign train (581).jpg,500.59,49.5,55.52,1.64,good,Image quality is good. Proceed with assessment.,0
train,V sign,V sign train (582).jpg,train\V sign\V sign train (582).jpg,501.63,49.38,55.47,1.64,good,Image quality is good. Proceed with assessment.,0
train,V sign,V sign train (583).jpg,train\V sign\V sign train (583).jpg,496.21,48.84,55.65,1.64,good,Image quality is good. Proceed with assessment.,0
train,V sign,V sign train (584).jpg,train\V sign\V sign train (584).jpg,440.07,49.41,56.06,1.42,good,Image quality is good. Proceed with assessment.,0
train,V sign,V sign train (585).jpg,train\V sign\V sign train (585).jpg,439.74,49.65,56.48,1.43,good,Image quality is good. Proceed with assessment.,0
train,V sign,V sign train (586).jpg,train\V sign\V sign train (586).jpg,443.66,50.14,56.79,1.43,good,Image quality is good. Proceed with assessment.,0
train,V sign,V sign train (587).jpg,train\V sign\V sign train (587).jpg,563.31,50.7,52.32,1.82,good,Image quality is good. Proceed with assessment.,0
train,V sign,V sign train (588).jpg,train\V sign\V sign train (588).jpg,560.65,51.27,52.06,1.77,good,Image quality is good. Proceed with assessment.,0
train,V sign,V sign train (589).jpg,train\V sign\V sign train (589).jpg,560.72,51.21,52.05,1.78,good,Image quality is good. Proceed with assessment.,0
train,V sign,V sign train (59).jpg,train\V sign\V sign train (59).jpg,501.42,53.43,43.24,1.56,good,Image quality is good. Proceed with assessment.,0
train,V sign,V sign train (590).jpg,train\V sign\V sign train (590).jpg,561.05,51.04,52.05,1.78,good,Image quality is good. Proceed with assessment.,0
train,V sign,V sign train (591).jpg,train\V sign\V sign train (591).jpg,561.68,50.9,52.07,1.79,good,Image quality is good. Proceed with assessment.,0
train,V sign,V sign train (592).jpg,train\V sign\V sign train (592).jpg,561.37,50.79,52.06,1.79,good,Image quality is good. Proceed with assessment.,0
train,V sign,V sign train (593).jpg,train\V sign\V sign train (593).jpg,562.71,50.65,52.17,1.82,good,Image quality is good. Proceed with assessment.,0
train,V sign,V sign train (594).jpg,train\V sign\V sign train (594).jpg,563.24,50.7,52.24,1.82,good,Image quality is good. Proceed with assessment.,0
train,V sign,V sign train (595).jpg,train\V sign\V sign train (595).jpg,562.72,50.66,52.36,1.82,good,Image quality is good. Proceed with assessment.,0
train,V sign,V sign train (596).jpg,train\V sign\V sign train (596).jpg,563.07,50.59,52.32,1.82,good,Image quality is good. Proceed with assessment.,0
train,V sign,V sign train (597).jpg,train\V sign\V sign train (597).jpg,521.61,48.4,49.29,1.7,good,Image quality is good. Proceed with assessment.,0
train,V sign,V sign train (598).jpg,train\V sign\V sign train (598).jpg,520.88,48.26,49.21,1.7,good,Image quality is good. Proceed with assessment.,0
train,V sign,V sign train (599).jpg,train\V sign\V sign train (599).jpg,520.22,48.13,49.14,1.71,good,Image quality is good. Proceed with assessment.,0
train,V sign,V sign train (6).jpg,train\V sign\V sign train (6).jpg,918.97,59.08,61.29,1.93,good,Image quality is good. Proceed with assessment.,0
train,V sign,V sign train (60).jpg,train\V sign\V sign train (60).jpg,500.19,53.74,43.86,1.56,good,Image quality is good. Proceed with assessment.,0
train,V sign,V sign train (600).jpg,train\V sign\V sign train (600).jpg,519.79,47.91,48.93,1.71,good,Image quality is good. Proceed with assessment.,0
train,V sign,V sign train (601).jpg,train\V sign\V sign train (601).jpg,519.21,47.52,48.57,1.71,good,Image quality is good. Proceed with assessment.,0
train,V sign,V sign train (602).jpg,train\V sign\V sign train (602).jpg,682.03,62.39,57.53,1.97,good,Image quality is good. Proceed with assessment.,0
train,V sign,V sign train (603).jpg,train\V sign\V sign train (603).jpg,681.73,62.7,57.81,1.97,good,Image quality is good. Proceed with assessment.,0
train,V sign,V sign train (604).jpg,train\V sign\V sign train (604).jpg,680.27,63.03,58.01,1.97,good,Image quality is good. Proceed with assessment.,0
train,V sign,V sign train (605).jpg,train\V sign\V sign train (605).jpg,680.09,63.22,58.04,1.97,good,Image quality is good. Proceed with assessment.,0
train,V sign,V sign train (606).jpg,train\V sign\V sign train (606).jpg,680.35,63.26,57.9,1.97,good,Image quality is good. Proceed with assessment.,0
train,V sign,V sign train (607).jpg,train\V sign\V sign train (607).jpg,680.7,63.32,57.82,1.98,good,Image quality is good. Proceed with assessment.,0
train,V sign,V sign train (608).jpg,train\V sign\V sign train (608).jpg,684.73,62.6,56.91,1.99,good,Image quality is good. Proceed with assessment.,0
train,V sign,V sign train (609).jpg,train\V sign\V sign train (609).jpg,685.07,62.69,57.02,1.99,good,Image quality is good. Proceed with assessment.,0
train,V sign,V sign train (61).jpg,train\V sign\V sign train (61).jpg,499.17,53.99,44.41,1.56,good,Image quality is good. Proceed with assessment.,0
train,V sign,V sign train (610).jpg,train\V sign\V sign train (610).jpg,685.34,62.71,57.06,1.99,good,Image quality is good. Proceed with assessment.,0
train,V sign,V sign train (611).jpg,train\V sign\V sign train (611).jpg,683.51,62.75,57.11,1.99,good,Image quality is good. Proceed with assessment.,0
train,V sign,V sign train (612).jpg,train\V sign\V sign train (612).jpg,677.08,61.9,55.85,1.99,good,Image quality is good. Proceed with assessment.,0
train,V sign,V sign train (613).jpg,train\V sign\V sign train (613).jpg,676.38,61.92,56.01,1.99,good,Image quality is good. Proceed with assessment.,0
train,V sign,V sign train (614).jpg,train\V sign\V sign train (614).jpg,676.35,61.92,56.12,1.99,good,Image quality is good. Proceed with assessment.,0
train,V sign,V sign train (615).jpg,train\V sign\V sign train (615).jpg,676.9,61.94,56.19,2.0,good,Image quality is good. Proceed with assessment.,0
train,V sign,V sign train (616).jpg,train\V sign\V sign train (616).jpg,669.21,61.23,56.42,2.0,good,Image quality is good. Proceed with assessment.,0
train,V sign,V sign train (617).jpg,train\V sign\V sign train (617).jpg,668.86,61.11,56.37,2.0,good,Image quality is good. Proceed with assessment.,0
train,V sign,V sign train (618).jpg,train\V sign\V sign train (618).jpg,656.9,61.01,56.33,1.98,good,Image quality is good. Proceed with assessment.,0
train,V sign,V sign train (619).jpg,train\V sign\V sign train (619).jpg,633.36,60.57,57.93,1.89,good,Image quality is good. Proceed with assessment.,0
train,V sign,V sign train (62).jpg,train\V sign\V sign train (62).jpg,498.78,53.9,44.62,1.56,good,Image quality is good. Proceed with assessment.,0
train,V sign,V sign train (620).jpg,train\V sign\V sign train (620).jpg,631.98,59.64,58.16,1.91,good,Image quality is good. Proceed with assessment.,0
train,V sign,V sign train (621).jpg,train\V sign\V sign train (621).jpg,632.22,59.61,58.21,1.91,good,Image quality is good. Proceed with assessment.,0
train,V sign,V sign train (622).jpg,train\V sign\V sign train (622).jpg,618.52,62.41,52.57,1.91,good,Image quality is good. Proceed with assessment.,0
train,V sign,V sign train (623).jpg,train\V sign\V sign train (623).jpg,620.23,62.28,52.77,1.91,good,Image quality is good. Proceed with assessment.,0
train,V sign,V sign train (624).jpg,train\V sign\V sign train (624).jpg,621.67,62.23,52.76,1.92,good,Image quality is good. Proceed with assessment.,0
train,V sign,V sign train (625).jpg,train\V sign\V sign train (625).jpg,1035.81,40.26,47.44,2.09,good,Image quality is good. Proceed with assessment.,0
train,V sign,V sign train (626).jpg,train\V sign\V sign train (626).jpg,1037.16,40.5,48.07,2.09,good,Image quality is good. Proceed with assessment.,0
train,V sign,V sign train (627).jpg,train\V sign\V sign train (627).jpg,1034.44,40.75,48.55,2.1,good,Image quality is good. Proceed with assessment.,0
train,V sign,V sign train (628).jpg,train\V sign\V sign train (628).jpg,1033.77,40.94,48.8,2.12,good,Image quality is good. Proceed with assessment.,0
train,V sign,V sign train (629).jpg,train\V sign\V sign train (629).jpg,1031.5,41.05,48.93,2.1,good,Image quality is good. Proceed with assessment.,0
train,V sign,V sign train (63).jpg,train\V sign\V sign train (63).jpg,498.07,53.57,44.46,1.56,good,Image quality is good. Proceed with assessment.,0
train,V sign,V sign train (630).jpg,train\V sign\V sign train (630).jpg,1031.55,41.05,48.72,2.1,good,Image quality is good. Proceed with assessment.,0
train,V sign,V sign train (631).jpg,train\V sign\V sign train (631).jpg,1031.3,40.72,47.69,2.1,good,Image quality is good. Proceed with assessment.,0
train,V sign,V sign train (632).jpg,train\V sign\V sign train (632).jpg,1027.97,40.28,46.79,2.1,good,Image quality is good. Proceed with assessment.,0
train,V sign,V sign train (633).jpg,train\V sign\V sign train (633).jpg,1028.14,39.9,46.17,2.1,good,Image quality is good. Proceed with assessment.,0
train,V sign,V sign train (634).jpg,train\V sign\V sign train (634).jpg,1019.13,39.71,46.23,2.1,good,Image quality is good. Proceed with assessment.,0
train,V sign,V sign train (635).jpg,train\V sign\V sign train (635).jpg,1015.98,39.8,46.56,2.1,good,Image quality is good. Proceed with assessment.,0
train,V sign,V sign train (636).jpg,train\V sign\V sign train (636).jpg,1017.75,39.74,46.63,2.1,good,Image quality is good. Proceed with assessment.,0
train,V sign,V sign train (637).jpg,train\V sign\V sign train (637).jpg,1017.66,39.39,46.26,2.09,good,Image quality is good. Proceed with assessment.,0
train,V sign,V sign train (638).jpg,train\V sign\V sign train (638).jpg,1021.39,38.75,45.27,2.07,good,Image quality is good. Proceed with assessment.,0
train,V sign,V sign train (639).jpg,train\V sign\V sign train (639).jpg,1023.13,38.1,44.4,2.05,good,Image quality is good. Proceed with assessment.,0
train,V sign,V sign train (64).jpg,train\V sign\V sign train (64).jpg,497.92,52.88,43.62,1.55,good,Image quality is good. Proceed with assessment.,0
train,V sign,V sign train (640).jpg,train\V sign\V sign train (640).jpg,1027.96,37.11,43.34,2.05,good,Image quality is good. Proceed with assessment.,0
train,V sign,V sign train (641).jpg,train\V sign\V sign train (641).jpg,416.14,60.6,60.2,1.47,good,Image quality is good. Proceed with assessment.,0
train,V sign,V sign train (642).jpg,train\V sign\V sign train (642).jpg,416.72,60.35,60.65,1.48,good,Image quality is good. Proceed with assessment.,0
train,V sign,V sign train (643).jpg,train\V sign\V sign train (643).jpg,415.77,60.04,60.29,1.47,good,Image quality is good. Proceed with assessment.,0
train,V sign,V sign train (644).jpg,train\V sign\V sign train (644).jpg,416.1,60.51,60.87,1.47,good,Image quality is good. Proceed with assessment.,0
train,V sign,V sign train (645).jpg,train\V sign\V sign train (645).jpg,410.44,60.25,60.56,1.48,good,Image quality is good. Proceed with assessment.,0
train,V sign,V sign train (646).jpg,train\V sign\V sign train (646).jpg,414.16,59.88,60.32,1.48,good,Image quality is good. Proceed with assessment.,0
train,V sign,V sign train (647).jpg,train\V sign\V sign train (647).jpg,589.68,64.83,62.89,2.03,good,Image quality is good. Proceed with assessment.,0
train,V sign,V sign train (648).jpg,train\V sign\V sign train (648).jpg,587.93,64.75,62.84,2.02,good,Image quality is good. Proceed with assessment.,0
train,V sign,V sign train (649).jpg,train\V sign\V sign train (649).jpg,588.76,64.62,62.76,2.02,good,Image quality is good. Proceed with assessment.,0
train,V sign,V sign train (65).jpg,train\V sign\V sign train (65).jpg,498.74,52.02,42.86,1.55,good,Image quality is good. Proceed with assessment.,0
train,V sign,V sign train (650).jpg,train\V sign\V sign train (650).jpg,588.67,64.42,62.63,2.02,good,Image quality is good. Proceed with assessment.,0
train,V sign,V sign train (651).jpg,train\V sign\V sign train (651).jpg,584.54,63.96,62.76,2.0,good,Image quality is good. Proceed with assessment.,0
train,V sign,V sign train (652).jpg,train\V sign\V sign train (652).jpg,585.63,63.97,62.83,2.0,good,Image quality is good. Proceed with assessment.,0
train,V sign,V sign train (653).jpg,train\V sign\V sign train (653).jpg,998.24,32.49,46.75,1.68,good,Image quality is good. Proceed with assessment.,0
train,V sign,V sign train (654).jpg,train\V sign\V sign train (654).jpg,996.68,33.18,48.37,1.67,good,Image quality is good. Proceed with assessment.,0
train,V sign,V sign train (655).jpg,train\V sign\V sign train (655).jpg,999.23,33.53,49.09,1.68,good,Image quality is good. Proceed with assessment.,0
train,V sign,V sign train (656).jpg,train\V sign\V sign train (656).jpg,997.84,33.25,48.33,1.67,good,Image quality is good. Proceed with assessment.,0
train,V sign,V sign train (657).jpg,train\V sign\V sign train (657).jpg,996.94,32.43,46.27,1.67,good,Image quality is good. Proceed with assessment.,0
train,V sign,V sign train (658).jpg,train\V sign\V sign train (658).jpg,1001.47,31.28,46.48,1.66,good,Image quality is good. Proceed with assessment.,0
train,V sign,V sign train (659).jpg,train\V sign\V sign train (659).jpg,426.31,57.85,47.38,1.62,good,Image quality is good. Proceed with assessment.,0
train,V sign,V sign train (66).jpg,train\V sign\V sign train (66).jpg,501.69,49.69,42.21,1.56,good,Image quality is good. Proceed with assessment.,0
train,V sign,V sign train (660).jpg,train\V sign\V sign train (660).jpg,425.32,57.17,46.19,1.61,good,Image quality is good. Proceed with assessment.,0
train,V sign,V sign train (661).jpg,train\V sign\V sign train (661).jpg,418.15,57.24,45.93,1.57,good,Image quality is good. Proceed with assessment.,0
train,V sign,V sign train (662).jpg,train\V sign\V sign train (662).jpg,419.45,57.43,45.15,1.57,good,Image quality is good. Proceed with assessment.,0
train,V sign,V sign train (663).jpg,train\V sign\V sign train (663).jpg,463.25,73.65,64.71,1.54,good,Image quality is good. Proceed with assessment.,0
train,V sign,V sign train (664).jpg,train\V sign\V sign train (664).jpg,462.8,73.56,64.65,1.54,good,Image quality is good. Proceed with assessment.,0
train,V sign,V sign train (665).jpg,train\V sign\V sign train (665).jpg,463.12,73.5,64.6,1.54,good,Image quality is good. Proceed with assessment.,0
train,V sign,V sign train (666).jpg,train\V sign\V sign train (666).jpg,465.15,73.49,64.59,1.54,good,Image quality is good. Proceed with assessment.,0
train,V sign,V sign train (667).jpg,train\V sign\V sign train (667).jpg,453.17,72.58,63.55,1.53,good,Image quality is good. Proceed with assessment.,0
train,V sign,V sign train (668).jpg,train\V sign\V sign train (668).jpg,596.95,58.26,63.27,1.9,good,Image quality is good. Proceed with assessment.,0
train,V sign,V sign train (669).jpg,train\V sign\V sign train (669).jpg,593.49,58.11,62.75,1.87,good,Image quality is good. Proceed with assessment.,0
train,V sign,V sign train (67).jpg,train\V sign\V sign train (67).jpg,501.88,49.99,42.78,1.56,good,Image quality is good. Proceed with assessment.,0
train,V sign,V sign train (670).jpg,train\V sign\V sign train (670).jpg,585.3,58.27,62.39,1.86,good,Image quality is good. Proceed with assessment.,0
train,V sign,V sign train (671).jpg,train\V sign\V sign train (671).jpg,584.11,58.4,62.08,1.85,good,Image quality is good. Proceed with assessment.,0
train,V sign,V sign train (672).jpg,train\V sign\V sign train (672).jpg,580.72,58.52,61.7,1.84,good,Image quality is good. Proceed with assessment.,0
train,V sign,V sign train (673).jpg,train\V sign\V sign train (673).jpg,579.24,58.58,61.15,1.83,good,Image quality is good. Proceed with assessment.,0
train,V sign,V sign train (674).jpg,train\V sign\V sign train (674).jpg,616.79,58.27,63.31,1.96,good,Image quality is good. Proceed with assessment.,0
train,V sign,V sign train (675).jpg,train\V sign\V sign train (675).jpg,616.55,58.29,63.31,1.95,good,Image quality is good. Proceed with assessment.,0
train,V sign,V sign train (676).jpg,train\V sign\V sign train (676).jpg,617.2,58.31,63.24,1.95,good,Image quality is good. Proceed with assessment.,0
train,V sign,V sign train (677).jpg,train\V sign\V sign train (677).jpg,618.47,58.51,64.01,1.95,good,Image quality is good. Proceed with assessment.,0
train,V sign,V sign train (678).jpg,train\V sign\V sign train (678).jpg,617.57,58.56,64.1,1.95,good,Image quality is good. Proceed with assessment.,0
train,V sign,V sign train (679).jpg,train\V sign\V sign train (679).jpg,506.84,48.36,45.43,1.72,good,Image quality is good. Proceed with assessment.,0
train,V sign,V sign train (68).jpg,train\V sign\V sign train (68).jpg,501.66,50.27,43.33,1.56,good,Image quality is good. Proceed with assessment.,0
train,V sign,V sign train (680).jpg,train\V sign\V sign train (680).jpg,508.91,49.14,45.16,1.73,good,Image quality is good. Proceed with assessment.,0
train,V sign,V sign train (681).jpg,train\V sign\V sign train (681).jpg,505.08,48.8,45.96,1.69,good,Image quality is good. Proceed with assessment.,0
train,V sign,V sign train (682).jpg,train\V sign\V sign train (682).jpg,507.23,48.31,45.18,1.69,good,Image quality is good. Proceed with assessment.,0
train,V sign,V sign train (683).jpg,train\V sign\V sign train (683).jpg,569.42,47.8,52.77,1.78,good,Image quality is good. Proceed with assessment.,0
train,V sign,V sign train (684).jpg,train\V sign\V sign train (684).jpg,569.37,47.82,52.82,1.78,good,Image quality is good. Proceed with assessment.,0
train,V sign,V sign train (685).jpg,train\V sign\V sign train (685).jpg,569.38,47.63,52.39,1.78,good,Image quality is good. Proceed with assessment.,0
train,V sign,V sign train (686).jpg,train\V sign\V sign train (686).jpg,569.52,47.45,51.99,1.78,good,Image quality is good. Proceed with assessment.,0
train,V sign,V sign train (687).jpg,train\V sign\V sign train (687).jpg,569.7,47.24,51.62,1.78,good,Image quality is good. Proceed with assessment.,0
train,V sign,V sign train (688).jpg,train\V sign\V sign train (688).jpg,569.58,47.08,51.33,1.78,good,Image quality is good. Proceed with assessment.,0
train,V sign,V sign train (689).jpg,train\V sign\V sign train (689).jpg,569.64,46.95,51.1,1.78,good,Image quality is good. Proceed with assessment.,0
train,V sign,V sign train (69).jpg,train\V sign\V sign train (69).jpg,500.43,50.42,43.73,1.56,good,Image quality is good. Proceed with assessment.,0
train,V sign,V sign train (690).jpg,train\V sign\V sign train (690).jpg,569.81,46.7,50.81,1.78,good,Image quality is good. Proceed with assessment.,0
train,V sign,V sign train (691).jpg,train\V sign\V sign train (691).jpg,872.27,42.94,48.78,1.81,good,Image quality is good. Proceed with assessment.,0
train,V sign,V sign train (692).jpg,train\V sign\V sign train (692).jpg,870.04,42.89,49.04,1.81,good,Image quality is good. Proceed with assessment.,0
train,V sign,V sign train (693).jpg,train\V sign\V sign train (693).jpg,876.41,42.99,49.21,1.82,good,Image quality is good. Proceed with assessment.,0
train,V sign,V sign train (694).jpg,train\V sign\V sign train (694).jpg,875.87,42.9,49.04,1.8,good,Image quality is good. Proceed with assessment.,0
train,V sign,V sign train (695).jpg,train\V sign\V sign train (695).jpg,878.59,42.55,48.52,1.8,good,Image quality is good. Proceed with assessment.,0
train,V sign,V sign train (696).jpg,train\V sign\V sign train (696).jpg,882.6,42.31,48.01,1.8,good,Image quality is good. Proceed with assessment.,0
train,V sign,V sign train (697).jpg,train\V sign\V sign train (697).jpg,887.9,41.96,47.44,1.81,good,Image quality is good. Proceed with assessment.,0
train,V sign,V sign train (698).jpg,train\V sign\V sign train (698).jpg,890.05,41.45,46.67,1.82,good,Image quality is good. Proceed with assessment.,0
train,V sign,V sign train (699).jpg,train\V sign\V sign train (699).jpg,892.85,40.87,46.71,1.81,good,Image quality is good. Proceed with assessment.,0
train,V sign,V sign train (7).jpg,train\V sign\V sign train (7).jpg,921.35,59.27,61.5,1.92,good,Image quality is good. Proceed with assessment.,0
train,V sign,V sign train (70).jpg,train\V sign\V sign train (70).jpg,428.35,64.16,59.65,1.56,good,Image quality is good. Proceed with assessment.,0
train,V sign,V sign train (700).jpg,train\V sign\V sign train (700).jpg,893.76,41.08,47.19,1.81,good,Image quality is good. Proceed with assessment.,0
train,V sign,V sign train (701).jpg,train\V sign\V sign train (701).jpg,895.13,41.24,47.79,1.83,good,Image quality is good. Proceed with assessment.,0
train,V sign,V sign train (702).jpg,train\V sign\V sign train (702).jpg,895.9,41.31,48.0,1.83,good,Image quality is good. Proceed with assessment.,0
train,V sign,V sign train (703).jpg,train\V sign\V sign train (703).jpg,897.05,41.31,48.19,1.83,good,Image quality is good. Proceed with assessment.,0
train,V sign,V sign train (704).jpg,train\V sign\V sign train (704).jpg,649.99,60.83,60.58,2.0,good,Image quality is good. Proceed with assessment.,0
train,V sign,V sign train (705).jpg,train\V sign\V sign train (705).jpg,649.46,60.72,60.55,2.0,good,Image quality is good. Proceed with assessment.,0
train,V sign,V sign train (706).jpg,train\V sign\V sign train (706).jpg,648.37,60.54,60.41,1.99,good,Image quality is good. Proceed with assessment.,0
train,V sign,V sign train (707).jpg,train\V sign\V sign train (707).jpg,648.44,60.29,60.39,2.01,good,Image quality is good. Proceed with assessment.,0
train,V sign,V sign train (708).jpg,train\V sign\V sign train (708).jpg,648.89,60.3,60.16,1.99,good,Image quality is good. Proceed with assessment.,0
train,V sign,V sign train (709).jpg,train\V sign\V sign train (709).jpg,635.04,68.07,63.24,1.97,good,Image quality is good. Proceed with assessment.,0
train,V sign,V sign train (71).jpg,train\V sign\V sign train (71).jpg,428.18,64.3,59.86,1.56,good,Image quality is good. Proceed with assessment.,0
train,V sign,V sign train (710).jpg,train\V sign\V sign train (710).jpg,635.88,68.17,63.42,1.97,good,Image quality is good. Proceed with assessment.,0
train,V sign,V sign train (711).jpg,train\V sign\V sign train (711).jpg,635.55,68.13,63.49,1.97,good,Image quality is good. Proceed with assessment.,0
train,V sign,V sign train (712).jpg,train\V sign\V sign train (712).jpg,637.55,67.94,63.35,1.97,good,Image quality is good. Proceed with assessment.,0
train,V sign,V sign train (713).jpg,train\V sign\V sign train (713).jpg,637.86,67.78,63.26,1.98,good,Image quality is good. Proceed with assessment.,0
train,V sign,V sign train (714).jpg,train\V sign\V sign train (714).jpg,641.48,67.61,63.94,2.0,good,Image quality is good. Proceed with assessment.,0
train,V sign,V sign train (715).jpg,train\V sign\V sign train (715).jpg,641.9,67.7,64.1,2.0,good,Image quality is good. Proceed with assessment.,0
train,V sign,V sign train (716).jpg,train\V sign\V sign train (716).jpg,642.09,67.78,64.2,2.0,good,Image quality is good. Proceed with assessment.,0
train,V sign,V sign train (717).jpg,train\V sign\V sign train (717).jpg,641.95,67.83,64.25,2.01,good,Image quality is good. Proceed with assessment.,0
train,V sign,V sign train (718).jpg,train\V sign\V sign train (718).jpg,642.5,67.8,64.12,2.01,good,Image quality is good. Proceed with assessment.,0
train,V sign,V sign train (719).jpg,train\V sign\V sign train (719).jpg,632.59,60.8,58.55,1.96,good,Image quality is good. Proceed with assessment.,0
train,V sign,V sign train (72).jpg,train\V sign\V sign train (72).jpg,429.26,64.28,59.88,1.57,good,Image quality is good. Proceed with assessment.,0
train,V sign,V sign train (720).jpg,train\V sign\V sign train (720).jpg,633.37,60.68,58.64,1.96,good,Image quality is good. Proceed with assessment.,0
train,V sign,V sign train (721).jpg,train\V sign\V sign train (721).jpg,632.37,60.41,58.41,1.95,good,Image quality is good. Proceed with assessment.,0
train,V sign,V sign train (722).jpg,train\V sign\V sign train (722).jpg,784.49,32.49,45.85,1.69,good,Image quality is good. Proceed with assessment.,0
train,V sign,V sign train (723).jpg,train\V sign\V sign train (723).jpg,783.14,32.82,46.73,1.69,good,Image quality is good. Proceed with assessment.,0
train,V sign,V sign train (724).jpg,train\V sign\V sign train (724).jpg,785.81,33.01,47.21,1.71,good,Image quality is good. Proceed with assessment.,0
train,V sign,V sign train (725).jpg,train\V sign\V sign train (725).jpg,787.69,32.97,47.03,1.71,good,Image quality is good. Proceed with assessment.,0
train,V sign,V sign train (726).jpg,train\V sign\V sign train (726).jpg,832.37,34.32,48.65,1.72,good,Image quality is good. Proceed with assessment.,0
train,V sign,V sign train (727).jpg,train\V sign\V sign train (727).jpg,836.52,34.36,48.91,1.7,good,Image quality is good. Proceed with assessment.,0
train,V sign,V sign train (728).jpg,train\V sign\V sign train (728).jpg,839.3,34.06,48.67,1.7,good,Image quality is good. Proceed with assessment.,0
train,V sign,V sign train (729).jpg,train\V sign\V sign train (729).jpg,836.9,33.45,47.71,1.67,good,Image quality is good. Proceed with assessment.,0
train,V sign,V sign train (73).jpg,train\V sign\V sign train (73).jpg,430.64,64.13,59.81,1.57,good,Image quality is good. Proceed with assessment.,0
train,V sign,V sign train (730).jpg,train\V sign\V sign train (730).jpg,562.94,43.77,46.39,1.69,good,Image quality is good. Proceed with assessment.,0
train,V sign,V sign train (731).jpg,train\V sign\V sign train (731).jpg,398.06,64.86,54.48,1.44,good,Image quality is good. Proceed with assessment.,0
train,V sign,V sign train (732).jpg,train\V sign\V sign train (732).jpg,399.24,64.97,54.68,1.45,good,Image quality is good. Proceed with assessment.,0
train,V sign,V sign train (733).jpg,train\V sign\V sign train (733).jpg,398.61,65.02,54.72,1.45,good,Image quality is good. Proceed with assessment.,0
train,V sign,V sign train (734).jpg,train\V sign\V sign train (734).jpg,397.18,64.88,54.72,1.45,good,Image quality is good. Proceed with assessment.,0
train,V sign,V sign train (735).jpg,train\V sign\V sign train (735).jpg,396.32,64.64,54.51,1.44,good,Image quality is good. Proceed with assessment.,0
train,V sign,V sign train (736).jpg,train\V sign\V sign train (736).jpg,396.19,64.45,54.24,1.44,good,Image quality is good. Proceed with assessment.,0
train,V sign,V sign train (737).jpg,train\V sign\V sign train (737).jpg,396.15,64.01,54.15,1.45,good,Image quality is good. Proceed with assessment.,0
train,V sign,V sign train (738).jpg,train\V sign\V sign train (738).jpg,395.76,64.12,54.32,1.45,good,Image quality is good. Proceed with assessment.,0
train,V sign,V sign train (739).jpg,train\V sign\V sign train (739).jpg,395.74,64.2,54.51,1.45,good,Image quality is good. Proceed with assessment.,0
train,V sign,V sign train (74).jpg,train\V sign\V sign train (74).jpg,434.98,64.52,60.51,1.56,good,Image quality is good. Proceed with assessment.,0
train,V sign,V sign train (740).jpg,train\V sign\V sign train (740).jpg,395.15,64.24,54.58,1.45,good,Image quality is good. Proceed with assessment.,0
train,V sign,V sign train (741).jpg,train\V sign\V sign train (741).jpg,395.24,64.14,54.38,1.45,good,Image quality is good. Proceed with assessment.,0
train,V sign,V sign train (742).jpg,train\V sign\V sign train (742).jpg,394.1,63.94,54.14,1.44,good,Image quality is good. Proceed with assessment.,0
train,V sign,V sign train (743).jpg,train\V sign\V sign train (743).jpg,397.26,62.9,53.03,1.45,good,Image quality is good. Proceed with assessment.,0
train,V sign,V sign train (744).jpg,train\V sign\V sign train (744).jpg,398.03,63.05,53.18,1.45,good,Image quality is good. Proceed with assessment.,0
train,V sign,V sign train (745).jpg,train\V sign\V sign train (745).jpg,398.43,62.97,53.13,1.45,good,Image quality is good. Proceed with assessment.,0
train,V sign,V sign train (746).jpg,train\V sign\V sign train (746).jpg,398.87,62.68,53.01,1.46,good,Image quality is good. Proceed with assessment.,0
train,V sign,V sign train (747).jpg,train\V sign\V sign train (747).jpg,398.6,62.16,52.63,1.46,good,Image quality is good. Proceed with assessment.,0
train,V sign,V sign train (748).jpg,train\V sign\V sign train (748).jpg,390.38,43.53,45.19,1.37,good,Image quality is good. Proceed with assessment.,0
train,V sign,V sign train (749).jpg,train\V sign\V sign train (749).jpg,390.83,43.49,45.29,1.36,good,Image quality is good. Proceed with assessment.,0
train,V sign,V sign train (75).jpg,train\V sign\V sign train (75).jpg,435.17,64.67,60.68,1.56,good,Image quality is good. Proceed with assessment.,0
train,V sign,V sign train (750).jpg,train\V sign\V sign train (750).jpg,391.68,43.25,45.16,1.37,good,Image quality is good. Proceed with assessment.,0
train,V sign,V sign train (751).jpg,train\V sign\V sign train (751).jpg,392.24,42.86,44.32,1.37,good,Image quality is good. Proceed with assessment.,0
train,V sign,V sign train (752).jpg,train\V sign\V sign train (752).jpg,392.54,42.5,43.59,1.37,good,Image quality is good. Proceed with assessment.,0
train,V sign,V sign train (753).jpg,train\V sign\V sign train (753).jpg,393.07,41.94,42.76,1.37,good,Image quality is good. Proceed with assessment.,0
train,V sign,V sign train (754).jpg,train\V sign\V sign train (754).jpg,392.82,41.5,42.1,1.37,good,Image quality is good. Proceed with assessment.,0
train,V sign,V sign train (755).jpg,train\V sign\V sign train (755).jpg,393.0,41.17,41.7,1.37,good,Image quality is good. Proceed with assessment.,0
train,V sign,V sign train (756).jpg,train\V sign\V sign train (756).jpg,393.52,41.25,42.04,1.38,good,Image quality is good. Proceed with assessment.,0
train,V sign,V sign train (757).jpg,train\V sign\V sign train (757).jpg,393.33,41.58,42.62,1.38,good,Image quality is good. Proceed with assessment.,0
train,V sign,V sign train (758).jpg,train\V sign\V sign train (758).jpg,393.56,41.87,43.15,1.38,good,Image quality is good. Proceed with assessment.,0
train,V sign,V sign train (759).jpg,train\V sign\V sign train (759).jpg,389.86,42.0,43.56,1.38,good,Image quality is good. Proceed with assessment.,0
train,V sign,V sign train (76).jpg,train\V sign\V sign train (76).jpg,435.2,64.75,60.79,1.56,good,Image quality is good. Proceed with assessment.,0
train,V sign,V sign train (760).jpg,train\V sign\V sign train (760).jpg,791.89,43.56,51.78,2.09,good,Image quality is good. Proceed with assessment.,0
train,V sign,V sign train (761).jpg,train\V sign\V sign train (761).jpg,792.74,43.48,51.62,2.09,good,Image quality is good. Proceed with assessment.,0
train,V sign,V sign train (762).jpg,train\V sign\V sign train (762).jpg,790.87,42.71,50.45,2.1,good,Image quality is good. Proceed with assessment.,0
train,V sign,V sign train (763).jpg,train\V sign\V sign train (763).jpg,788.74,42.19,49.87,2.07,good,Image quality is good. Proceed with assessment.,0
train,V sign,V sign train (764).jpg,train\V sign\V sign train (764).jpg,789.63,43.55,51.93,2.07,good,Image quality is good. Proceed with assessment.,0
train,V sign,V sign train (765).jpg,train\V sign\V sign train (765).jpg,921.8,54.02,46.9,2.19,good,Image quality is good. Proceed with assessment.,0
train,V sign,V sign train (766).jpg,train\V sign\V sign train (766).jpg,922.9,54.52,48.28,2.17,good,Image quality is good. Proceed with assessment.,0
train,V sign,V sign train (767).jpg,train\V sign\V sign train (767).jpg,921.29,54.64,48.62,2.17,good,Image quality is good. Proceed with assessment.,0
train,V sign,V sign train (768).jpg,train\V sign\V sign train (768).jpg,922.87,54.3,47.92,2.17,good,Image quality is good. Proceed with assessment.,0
train,V sign,V sign train (769).jpg,train\V sign\V sign train (769).jpg,919.98,53.0,44.79,2.16,good,Image quality is good. Proceed with assessment.,0
train,V sign,V sign train (77).jpg,train\V sign\V sign train (77).jpg,920.98,25.83,37.92,1.86,good,Image quality is good. Proceed with assessment.,0
train,V sign,V sign train (770).jpg,train\V sign\V sign train (770).jpg,915.48,54.82,47.42,2.14,good,Image quality is good. Proceed with assessment.,0
train,V sign,V sign train (771).jpg,train\V sign\V sign train (771).jpg,916.96,55.51,48.64,2.14,good,Image quality is good. Proceed with assessment.,0
train,V sign,V sign train (772).jpg,train\V sign\V sign train (772).jpg,920.35,55.71,48.88,2.17,good,Image quality is good. Proceed with assessment.,0
train,V sign,V sign train (773).jpg,train\V sign\V sign train (773).jpg,917.09,55.28,47.73,2.18,good,Image quality is good. Proceed with assessment.,0
train,V sign,V sign train (774).jpg,train\V sign\V sign train (774).jpg,911.87,54.15,45.07,2.16,good,Image quality is good. Proceed with assessment.,0
train,V sign,V sign train (775).jpg,train\V sign\V sign train (775).jpg,910.5,53.26,43.7,2.15,good,Image quality is good. Proceed with assessment.,0
train,V sign,V sign train (776).jpg,train\V sign\V sign train (776).jpg,910.99,55.79,47.28,2.21,good,Image quality is good. Proceed with assessment.,0
train,V sign,V sign train (777).jpg,train\V sign\V sign train (777).jpg,363.18,39.35,45.32,1.44,good,Image quality is good. Proceed with assessment.,0
train,V sign,V sign train (778).jpg,train\V sign\V sign train (778).jpg,363.54,39.34,45.28,1.44,good,Image quality is good. Proceed with assessment.,0
train,V sign,V sign train (779).jpg,train\V sign\V sign train (779).jpg,363.79,39.39,45.32,1.44,good,Image quality is good. Proceed with assessment.,0
train,V sign,V sign train (78).jpg,train\V sign\V sign train (78).jpg,917.66,25.87,37.88,1.86,good,Image quality is good. Proceed with assessment.,0
train,V sign,V sign train (780).jpg,train\V sign\V sign train (780).jpg,364.5,39.17,45.12,1.43,good,Image quality is good. Proceed with assessment.,0
train,V sign,V sign train (781).jpg,train\V sign\V sign train (781).jpg,364.49,39.03,44.92,1.44,good,Image quality is good. Proceed with assessment.,0
train,V sign,V sign train (782).jpg,train\V sign\V sign train (782).jpg,364.84,38.9,44.72,1.44,good,Image quality is good. Proceed with assessment.,0
train,V sign,V sign train (783).jpg,train\V sign\V sign train (783).jpg,365.18,38.62,44.38,1.44,good,Image quality is good. Proceed with assessment.,0
train,V sign,V sign train (784).jpg,train\V sign\V sign train (784).jpg,418.57,45.23,56.79,1.32,good,Image quality is good. Proceed with assessment.,0
train,V sign,V sign train (785).jpg,train\V sign\V sign train (785).jpg,414.55,44.61,56.06,1.31,good,Image quality is good. Proceed with assessment.,0
train,V sign,V sign train (786).jpg,train\V sign\V sign train (786).jpg,402.48,29.45,43.93,1.16,good,Image quality is good. Proceed with assessment.,0
train,V sign,V sign train (787).jpg,train\V sign\V sign train (787).jpg,402.59,29.35,44.3,1.17,good,Image quality is good. Proceed with assessment.,0
train,V sign,V sign train (788).jpg,train\V sign\V sign train (788).jpg,398.55,28.91,44.07,1.18,good,Image quality is good. Proceed with assessment.,0
train,V sign,V sign train (789).jpg,train\V sign\V sign train (789).jpg,392.5,28.35,43.35,1.19,good,Image quality is good. Proceed with assessment.,0
train,V sign,V sign train (79).jpg,train\V sign\V sign train (79).jpg,911.48,25.59,36.91,1.86,good,Image quality is good. Proceed with assessment.,0
train,V sign,V sign train (790).jpg,train\V sign\V sign train (790).jpg,667.34,81.45,65.58,2.1,good,Image quality is good. Proceed with assessment.,0
train,V sign,V sign train (791).jpg,train\V sign\V sign train (791).jpg,668.78,81.56,65.5,2.11,good,Image quality is good. Proceed with assessment.,0
train,V sign,V sign train (792).jpg,train\V sign\V sign train (792).jpg,669.46,81.42,65.26,2.11,good,Image quality is good. Proceed with assessment.,0
train,V sign,V sign train (793).jpg,train\V sign\V sign train (793).jpg,668.36,81.18,64.91,2.11,good,Image quality is good. Proceed with assessment.,0
train,V sign,V sign train (794).jpg,train\V sign\V sign train (794).jpg,877.18,69.09,46.76,1.96,good,Image quality is good. Proceed with assessment.,0
train,V sign,V sign train (795).jpg,train\V sign\V sign train (795).jpg,876.66,69.31,47.25,1.96,good,Image quality is good. Proceed with assessment.,0
train,V sign,V sign train (796).jpg,train\V sign\V sign train (796).jpg,876.53,69.51,47.7,1.96,good,Image quality is good. Proceed with assessment.,0
train,V sign,V sign train (797).jpg,train\V sign\V sign train (797).jpg,873.15,69.4,47.96,1.95,good,Image quality is good. Proceed with assessment.,0
train,V sign,V sign train (798).jpg,train\V sign\V sign train (798).jpg,871.7,69.18,48.13,1.95,good,Image quality is good. Proceed with assessment.,0
train,V sign,V sign train (799).jpg,train\V sign\V sign train (799).jpg,876.04,69.12,48.18,1.96,good,Image quality is good. Proceed with assessment.,0
train,V sign,V sign train (8).jpg,train\V sign\V sign train (8).jpg,938.64,58.91,62.14,1.95,good,Image quality is good. Proceed with assessment.,0
train,V sign,V sign train (80).jpg,train\V sign\V sign train (80).jpg,513.31,52.6,61.27,1.63,good,Image quality is good. Proceed with assessment.,0
train,V sign,V sign train (800).jpg,train\V sign\V sign train (800).jpg,875.0,68.98,48.1,1.96,good,Image quality is good. Proceed with assessment.,0
train,V sign,V sign train (801).jpg,train\V sign\V sign train (801).jpg,876.22,68.51,47.34,1.96,good,Image quality is good. Proceed with assessment.,0
train,V sign,V sign train (802).jpg,train\V sign\V sign train (802).jpg,875.74,68.08,46.63,1.95,good,Image quality is good. Proceed with assessment.,0
train,V sign,V sign train (803).jpg,train\V sign\V sign train (803).jpg,880.35,67.76,45.99,1.95,good,Image quality is good. Proceed with assessment.,0
train,V sign,V sign train (804).jpg,train\V sign\V sign train (804).jpg,879.45,67.52,45.61,1.99,good,Image quality is good. Proceed with assessment.,0
train,V sign,V sign train (805).jpg,train\V sign\V sign train (805).jpg,879.42,67.3,45.49,1.96,good,Image quality is good. Proceed with assessment.,0
train,V sign,V sign train (806).jpg,train\V sign\V sign train (806).jpg,886.06,69.88,47.39,1.98,good,Image quality is good. Proceed with assessment.,0
train,V sign,V sign train (807).jpg,train\V sign\V sign train (807).jpg,884.94,70.19,48.02,1.97,good,Image quality is good. Proceed with assessment.,0
train,V sign,V sign train (808).jpg,train\V sign\V sign train (808).jpg,884.46,70.4,48.47,1.97,good,Image quality is good. Proceed with assessment.,0
train,V sign,V sign train (809).jpg,train\V sign\V sign train (809).jpg,882.89,70.38,48.48,1.97,good,Image quality is good. Proceed with assessment.,0
train,V sign,V sign train (81).jpg,train\V sign\V sign train (81).jpg,513.59,52.62,61.37,1.63,good,Image quality is good. Proceed with assessment.,0
train,V sign,V sign train (810).jpg,train\V sign\V sign train (810).jpg,536.7,52.47,55.06,1.73,good,Image quality is good. Proceed with assessment.,0
train,V sign,V sign train (811).jpg,train\V sign\V sign train (811).jpg,528.73,49.4,51.61,1.71,good,Image quality is good. Proceed with assessment.,0
train,V sign,V sign train (812).jpg,train\V sign\V sign train (812).jpg,529.43,49.48,51.67,1.71,good,Image quality is good. Proceed with assessment.,0
train,V sign,V sign train (813).jpg,train\V sign\V sign train (813).jpg,529.38,49.44,51.52,1.71,good,Image quality is good. Proceed with assessment.,0
train,V sign,V sign train (814).jpg,train\V sign\V sign train (814).jpg,499.08,49.38,52.15,1.66,good,Image quality is good. Proceed with assessment.,0
train,V sign,V sign train (815).jpg,train\V sign\V sign train (815).jpg,487.88,50.24,51.97,1.66,good,Image quality is good. Proceed with assessment.,0
train,V sign,V sign train (816).jpg,train\V sign\V sign train (816).jpg,499.08,49.38,52.15,1.66,good,Image quality is good. Proceed with assessment.,0
train,V sign,V sign train (817).jpg,train\V sign\V sign train (817).jpg,440.23,36.99,49.13,1.34,good,Image quality is good. Proceed with assessment.,0
train,V sign,V sign train (818).jpg,train\V sign\V sign train (818).jpg,445.63,36.41,48.86,1.36,good,Image quality is good. Proceed with assessment.,0
train,V sign,V sign train (819).jpg,train\V sign\V sign train (819).jpg,448.27,36.19,48.76,1.38,good,Image quality is good. Proceed with assessment.,0
train,V sign,V sign train (82).jpg,train\V sign\V sign train (82).jpg,513.87,52.59,61.39,1.64,good,Image quality is good. Proceed with assessment.,0
train,V sign,V sign train (820).jpg,train\V sign\V sign train (820).jpg,544.11,40.12,50.21,1.76,good,Image quality is good. Proceed with assessment.,0
train,V sign,V sign train (821).jpg,train\V sign\V sign train (821).jpg,544.4,40.13,50.21,1.76,good,Image quality is good. Proceed with assessment.,0
train,V sign,V sign train (822).jpg,train\V sign\V sign train (822).jpg,544.95,40.14,50.24,1.76,good,Image quality is good. Proceed with assessment.,0
train,V sign,V sign train (823).jpg,train\V sign\V sign train (823).jpg,543.9,40.14,50.27,1.76,good,Image quality is good. Proceed with assessment.,0
train,V sign,V sign train (824).jpg,train\V sign\V sign train (824).jpg,540.21,40.13,50.35,1.73,good,Image quality is good. Proceed with assessment.,0
train,V sign,V sign train (825).jpg,train\V sign\V sign train (825).jpg,544.01,40.06,50.24,1.74,good,Image quality is good. Proceed with assessment.,0
train,V sign,V sign train (826).jpg,train\V sign\V sign train (826).jpg,391.86,51.68,51.35,1.43,good,Image quality is good. Proceed with assessment.,0
train,V sign,V sign train (827).jpg,train\V sign\V sign train (827).jpg,392.67,51.86,51.6,1.44,good,Image quality is good. Proceed with assessment.,0
train,V sign,V sign train (828).jpg,train\V sign\V sign train (828).jpg,393.63,51.84,51.55,1.45,good,Image quality is good. Proceed with assessment.,0
train,V sign,V sign train (829).jpg,train\V sign\V sign train (829).jpg,394.16,51.68,51.26,1.45,good,Image quality is good. Proceed with assessment.,0
train,V sign,V sign train (83).jpg,train\V sign\V sign train (83).jpg,516.93,53.07,62.23,1.65,good,Image quality is good. Proceed with assessment.,0
train,V sign,V sign train (830).jpg,train\V sign\V sign train (830).jpg,388.18,50.92,50.55,1.41,good,Image quality is good. Proceed with assessment.,0
train,V sign,V sign train (831).jpg,train\V sign\V sign train (831).jpg,387.25,50.83,50.44,1.37,good,Image quality is good. Proceed with assessment.,0
train,V sign,V sign train (832).jpg,train\V sign\V sign train (832).jpg,382.11,50.94,50.73,1.38,good,Image quality is good. Proceed with assessment.,0
train,V sign,V sign train (833).jpg,train\V sign\V sign train (833).jpg,381.66,50.71,50.37,1.37,good,Image quality is good. Proceed with assessment.,0
train,V sign,V sign train (834).jpg,train\V sign\V sign train (834).jpg,1012.29,40.33,45.71,1.72,good,Image quality is good. Proceed with assessment.,0
train,V sign,V sign train (835).jpg,train\V sign\V sign train (835).jpg,1013.31,40.62,46.38,1.74,good,Image quality is good. Proceed with assessment.,0
train,V sign,V sign train (836).jpg,train\V sign\V sign train (836).jpg,1013.43,40.74,46.72,1.73,good,Image quality is good. Proceed with assessment.,0
train,V sign,V sign train (837).jpg,train\V sign\V sign train (837).jpg,1016.7,40.72,46.68,1.72,good,Image quality is good. Proceed with assessment.,0
train,V sign,V sign train (838).jpg,train\V sign\V sign train (838).jpg,1016.18,40.7,46.67,1.72,good,Image quality is good. Proceed with assessment.,0
train,V sign,V sign train (839).jpg,train\V sign\V sign train (839).jpg,1015.82,40.62,46.55,1.73,good,Image quality is good. Proceed with assessment.,0
train,V sign,V sign train (84).jpg,train\V sign\V sign train (84).jpg,516.3,53.16,62.21,1.64,good,Image quality is good. Proceed with assessment.,0
train,V sign,V sign train (840).jpg,train\V sign\V sign train (840).jpg,1014.91,40.41,46.2,1.72,good,Image quality is good. Proceed with assessment.,0
train,V sign,V sign train (841).jpg,train\V sign\V sign train (841).jpg,1015.31,40.11,45.59,1.72,good,Image quality is good. Proceed with assessment.,0
train,V sign,V sign train (842).jpg,train\V sign\V sign train (842).jpg,1011.19,40.29,46.04,1.74,good,Image quality is good. Proceed with assessment.,0
train,V sign,V sign train (843).jpg,train\V sign\V sign train (843).jpg,1009.82,40.36,46.23,1.73,good,Image quality is good. Proceed with assessment.,0
train,V sign,V sign train (844).jpg,train\V sign\V sign train (844).jpg,1011.87,40.4,46.39,1.72,good,Image quality is good. Proceed with assessment.,0
train,V sign,V sign train (845).jpg,train\V sign\V sign train (845).jpg,1010.95,40.31,46.3,1.72,good,Image quality is good. Proceed with assessment.,0
train,V sign,V sign train (846).jpg,train\V sign\V sign train (846).jpg,1010.79,40.3,46.23,1.72,good,Image quality is good. Proceed with assessment.,0
train,V sign,V sign train (847).jpg,train\V sign\V sign train (847).jpg,1010.63,40.1,45.81,1.73,good,Image quality is good. Proceed with assessment.,0
train,V sign,V sign train (848).jpg,train\V sign\V sign train (848).jpg,1011.98,39.63,44.83,1.72,good,Image quality is good. Proceed with assessment.,0
train,V sign,V sign train (849).jpg,train\V sign\V sign train (849).jpg,1011.23,39.16,43.86,1.72,good,Image quality is good. Proceed with assessment.,0
train,V sign,V sign train (85).jpg,train\V sign\V sign train (85).jpg,515.48,55.3,58.41,1.65,good,Image quality is good. Proceed with assessment.,0
train,V sign,V sign train (850).jpg,train\V sign\V sign train (850).jpg,1009.46,40.28,46.32,1.74,good,Image quality is good. Proceed with assessment.,0
train,V sign,V sign train (851).jpg,train\V sign\V sign train (851).jpg,1007.53,40.27,46.53,1.72,good,Image quality is good. Proceed with assessment.,0
train,V sign,V sign train (852).jpg,train\V sign\V sign train (852).jpg,1011.2,40.13,46.69,1.72,good,Image quality is good. Proceed with assessment.,0
train,V sign,V sign train (853).jpg,train\V sign\V sign train (853).jpg,1012.12,39.85,46.3,1.72,good,Image quality is good. Proceed with assessment.,0
train,V sign,V sign train (854).jpg,train\V sign\V sign train (854).jpg,1014.4,39.49,45.78,1.72,good,Image quality is good. Proceed with assessment.,0
train,V sign,V sign train (855).jpg,train\V sign\V sign train (855).jpg,1018.02,38.96,44.95,1.72,good,Image quality is good. Proceed with assessment.,0
train,V sign,V sign train (856).jpg,train\V sign\V sign train (856).jpg,1016.16,38.48,43.95,1.72,good,Image quality is good. Proceed with assessment.,0
train,V sign,V sign train (857).jpg,train\V sign\V sign train (857).jpg,1016.72,38.1,43.19,1.71,good,Image quality is good. Proceed with assessment.,0
train,V sign,V sign train (858).jpg,train\V sign\V sign train (858).jpg,1016.58,37.62,43.7,1.75,good,Image quality is good. Proceed with assessment.,0
train,V sign,V sign train (859).jpg,train\V sign\V sign train (859).jpg,1017.67,37.73,44.04,1.73,good,Image quality is good. Proceed with assessment.,0
train,V sign,V sign train (86).jpg,train\V sign\V sign train (86).jpg,516.59,55.24,58.45,1.65,good,Image quality is good. Proceed with assessment.,0
train,V sign,V sign train (860).jpg,train\V sign\V sign train (860).jpg,1020.97,37.6,44.01,1.73,good,Image quality is good. Proceed with assessment.,0
train,V sign,V sign train (861).jpg,train\V sign\V sign train (861).jpg,565.43,79.9,46.98,2.02,good,Image quality is good. Proceed with assessment.,0
train,V sign,V sign train (862).jpg,train\V sign\V sign train (862).jpg,566.73,80.04,46.83,2.01,good,Image quality is good. Proceed with assessment.,0
train,V sign,V sign train (863).jpg,train\V sign\V sign train (863).jpg,568.54,80.15,46.9,2.02,good,Image quality is good. Proceed with assessment.,0
train,V sign,V sign train (864).jpg,train\V sign\V sign train (864).jpg,604.14,67.15,55.22,2.08,good,Image quality is good. Proceed with assessment.,0
train,V sign,V sign train (865).jpg,train\V sign\V sign train (865).jpg,604.74,67.3,55.39,2.09,good,Image quality is good. Proceed with assessment.,0
train,V sign,V sign train (866).jpg,train\V sign\V sign train (866).jpg,603.94,67.39,55.5,2.09,good,Image quality is good. Proceed with assessment.,0
train,V sign,V sign train (867).jpg,train\V sign\V sign train (867).jpg,612.12,61.06,59.62,1.9,good,Image quality is good. Proceed with assessment.,0
train,V sign,V sign train (868).jpg,train\V sign\V sign train (868).jpg,612.13,61.05,59.77,1.9,good,Image quality is good. Proceed with assessment.,0
train,V sign,V sign train (869).jpg,train\V sign\V sign train (869).jpg,609.95,60.89,59.88,1.9,good,Image quality is good. Proceed with assessment.,0
train,V sign,V sign train (87).jpg,train\V sign\V sign train (87).jpg,515.2,55.11,58.38,1.65,good,Image quality is good. Proceed with assessment.,0
train,V sign,V sign train (870).jpg,train\V sign\V sign train (870).jpg,609.05,60.51,59.78,1.9,good,Image quality is good. Proceed with assessment.,0
train,V sign,V sign train (871).jpg,train\V sign\V sign train (871).jpg,617.28,58.37,56.61,1.86,good,Image quality is good. Proceed with assessment.,0
train,V sign,V sign train (872).jpg,train\V sign\V sign train (872).jpg,622.43,55.8,54.88,1.86,good,Image quality is good. Proceed with assessment.,0
train,V sign,V sign train (873).jpg,train\V sign\V sign train (873).jpg,623.8,55.58,54.71,1.86,good,Image quality is good. Proceed with assessment.,0
train,V sign,V sign train (874).jpg,train\V sign\V sign train (874).jpg,617.84,58.44,56.68,1.86,good,Image quality is good. Proceed with assessment.,0
train,V sign,V sign train (875).jpg,train\V sign\V sign train (875).jpg,618.75,58.42,56.69,1.86,good,Image quality is good. Proceed with assessment.,0
train,V sign,V sign train (876).jpg,train\V sign\V sign train (876).jpg,624.98,58.29,56.89,1.88,good,Image quality is good. Proceed with assessment.,0
train,V sign,V sign train (877).jpg,train\V sign\V sign train (877).jpg,626.27,58.31,56.96,1.88,good,Image quality is good. Proceed with assessment.,0
train,V sign,V sign train (878).jpg,train\V sign\V sign train (878).jpg,626.65,58.21,56.93,1.88,good,Image quality is good. Proceed with assessment.,0
train,V sign,V sign train (879).jpg,train\V sign\V sign train (879).jpg,624.98,58.17,56.95,1.86,good,Image quality is good. Proceed with assessment.,0
train,V sign,V sign train (88).jpg,train\V sign\V sign train (88).jpg,515.25,54.86,58.86,1.64,good,Image quality is good. Proceed with assessment.,0
train,V sign,V sign train (880).jpg,train\V sign\V sign train (880).jpg,578.99,60.71,56.59,1.82,good,Image quality is good. Proceed with assessment.,0
train,V sign,V sign train (881).jpg,train\V sign\V sign train (881).jpg,600.15,61.7,59.01,1.83,good,Image quality is good. Proceed with assessment.,0
train,V sign,V sign train (882).jpg,train\V sign\V sign train (882).jpg,599.85,61.54,58.95,1.83,good,Image quality is good. Proceed with assessment.,0
train,V sign,V sign train (883).jpg,train\V sign\V sign train (883).jpg,618.82,42.82,46.39,1.8,good,Image quality is good. Proceed with assessment.,0
train,V sign,V sign train (884).jpg,train\V sign\V sign train (884).jpg,618.84,43.88,47.01,1.8,good,Image quality is good. Proceed with assessment.,0
train,V sign,V sign train (885).jpg,train\V sign\V sign train (885).jpg,618.42,44.79,47.44,1.81,good,Image quality is good. Proceed with assessment.,0
train,V sign,V sign train (886).jpg,train\V sign\V sign train (886).jpg,617.62,45.57,47.65,1.81,good,Image quality is good. Proceed with assessment.,0
train,V sign,V sign train (887).jpg,train\V sign\V sign train (887).jpg,617.99,46.2,47.47,1.82,good,Image quality is good. Proceed with assessment.,0
train,V sign,V sign train (888).jpg,train\V sign\V sign train (888).jpg,617.61,46.8,47.03,1.83,good,Image quality is good. Proceed with assessment.,0
train,V sign,V sign train (889).jpg,train\V sign\V sign train (889).jpg,614.16,51.49,51.37,1.9,good,Image quality is good. Proceed with assessment.,0
train,V sign,V sign train (89).jpg,train\V sign\V sign train (89).jpg,515.15,54.87,59.03,1.64,good,Image quality is good. Proceed with assessment.,0
train,V sign,V sign train (890).jpg,train\V sign\V sign train (890).jpg,614.29,51.46,51.41,1.9,good,Image quality is good. Proceed with assessment.,0
train,V sign,V sign train (891).jpg,train\V sign\V sign train (891).jpg,614.01,51.39,51.29,1.9,good,Image quality is good. Proceed with assessment.,0
train,V sign,V sign train (892).jpg,train\V sign\V sign train (892).jpg,613.56,51.3,51.14,1.9,good,Image quality is good. Proceed with assessment.,0
train,V sign,V sign train (893).jpg,train\V sign\V sign train (893).jpg,595.66,48.75,49.71,1.87,good,Image quality is good. Proceed with assessment.,0
train,V sign,V sign train (894).jpg,train\V sign\V sign train (894).jpg,595.35,48.66,49.81,1.87,good,Image quality is good. Proceed with assessment.,0
train,V sign,V sign train (895).jpg,train\V sign\V sign train (895).jpg,595.84,48.56,49.91,1.87,good,Image quality is good. Proceed with assessment.,0
train,V sign,V sign train (896).jpg,train\V sign\V sign train (896).jpg,594.96,48.42,50.03,1.87,good,Image quality is good. Proceed with assessment.,0
train,V sign,V sign train (897).jpg,train\V sign\V sign train (897).jpg,594.45,48.25,50.11,1.87,good,Image quality is good. Proceed with assessment.,0
train,V sign,V sign train (898).jpg,train\V sign\V sign train (898).jpg,528.41,42.71,44.51,1.71,good,Image quality is good. Proceed with assessment.,0
train,V sign,V sign train (899).jpg,train\V sign\V sign train (899).jpg,528.97,42.85,44.7,1.71,good,Image quality is good. Proceed with assessment.,0
train,V sign,V sign train (9).jpg,train\V sign\V sign train (9).jpg,936.71,59.03,62.27,1.93,good,Image quality is good. Proceed with assessment.,0
train,V sign,V sign train (90).jpg,train\V sign\V sign train (90).jpg,577.34,85.86,58.71,1.79,good,Image quality is good. Proceed with assessment.,0
train,V sign,V sign train (900).jpg,train\V sign\V sign train (900).jpg,530.32,42.93,44.79,1.72,good,Image quality is good. Proceed with assessment.,0
train,V sign,V sign train (901).jpg,train\V sign\V sign train (901).jpg,530.88,43.0,44.81,1.72,good,Image quality is good. Proceed with assessment.,0
train,V sign,V sign train (902).jpg,train\V sign\V sign train (902).jpg,534.01,43.01,44.72,1.72,good,Image quality is good. Proceed with assessment.,0
train,V sign,V sign train (903).jpg,train\V sign\V sign train (903).jpg,537.54,43.52,44.6,1.7,good,Image quality is good. Proceed with assessment.,0
train,V sign,V sign train (904).jpg,train\V sign\V sign train (904).jpg,536.04,43.39,44.55,1.69,good,Image quality is good. Proceed with assessment.,0
train,V sign,V sign train (905).jpg,train\V sign\V sign train (905).jpg,534.95,43.17,44.5,1.69,good,Image quality is good. Proceed with assessment.,0
train,V sign,V sign train (906).jpg,train\V sign\V sign train (906).jpg,532.84,42.88,44.08,1.68,good,Image quality is good. Proceed with assessment.,0
train,V sign,V sign train (907).jpg,train\V sign\V sign train (907).jpg,532.24,42.49,43.55,1.68,good,Image quality is good. Proceed with assessment.,0
train,V sign,V sign train (908).jpg,train\V sign\V sign train (908).jpg,565.51,38.28,46.54,1.78,good,Image quality is good. Proceed with assessment.,0
train,V sign,V sign train (909).jpg,train\V sign\V sign train (909).jpg,567.03,37.85,47.26,1.79,good,Image quality is good. Proceed with assessment.,0
train,V sign,V sign train (91).jpg,train\V sign\V sign train (91).jpg,579.61,86.12,58.79,1.79,good,Image quality is good. Proceed with assessment.,0
train,V sign,V sign train (910).jpg,train\V sign\V sign train (910).jpg,566.33,37.93,47.36,1.8,good,Image quality is good. Proceed with assessment.,0
train,V sign,V sign train (911).jpg,train\V sign\V sign train (911).jpg,567.8,37.99,47.45,1.79,good,Image quality is good. Proceed with assessment.,0
train,V sign,V sign train (912).jpg,train\V sign\V sign train (912).jpg,566.88,38.06,47.54,1.8,good,Image quality is good. Proceed with assessment.,0
train,V sign,V sign train (913).jpg,train\V sign\V sign train (913).jpg,567.06,38.1,47.46,1.8,good,Image quality is good. Proceed with assessment.,0
train,V sign,V sign train (914).jpg,train\V sign\V sign train (914).jpg,567.55,38.15,47.33,1.8,good,Image quality is good. Proceed with assessment.,0
train,V sign,V sign train (915).jpg,train\V sign\V sign train (915).jpg,566.47,58.66,51.72,1.84,good,Image quality is good. Proceed with assessment.,0
train,V sign,V sign train (916).jpg,train\V sign\V sign train (916).jpg,564.94,58.56,51.89,1.84,good,Image quality is good. Proceed with assessment.,0
train,V sign,V sign train (917).jpg,train\V sign\V sign train (917).jpg,563.7,58.42,52.02,1.84,good,Image quality is good. Proceed with assessment.,0
train,V sign,V sign train (918).jpg,train\V sign\V sign train (918).jpg,562.13,58.26,52.01,1.83,good,Image quality is good. Proceed with assessment.,0
train,V sign,V sign train (919).jpg,train\V sign\V sign train (919).jpg,560.4,58.13,52.02,1.83,good,Image quality is good. Proceed with assessment.,0
train,V sign,V sign train (92).jpg,train\V sign\V sign train (92).jpg,577.48,86.18,58.87,1.79,good,Image quality is good. Proceed with assessment.,0
train,V sign,V sign train (920).jpg,train\V sign\V sign train (920).jpg,559.17,57.94,51.88,1.83,good,Image quality is good. Proceed with assessment.,0
train,V sign,V sign train (921).jpg,train\V sign\V sign train (921).jpg,548.7,57.36,52.12,1.83,good,Image quality is good. Proceed with assessment.,0
train,V sign,V sign train (922).jpg,train\V sign\V sign train (922).jpg,548.74,57.53,52.32,1.83,good,Image quality is good. Proceed with assessment.,0
train,V sign,V sign train (923).jpg,train\V sign\V sign train (923).jpg,548.97,57.64,52.49,1.83,good,Image quality is good. Proceed with assessment.,0
train,V sign,V sign train (924).jpg,train\V sign\V sign train (924).jpg,548.26,57.71,52.58,1.83,good,Image quality is good. Proceed with assessment.,0
train,V sign,V sign train (925).jpg,train\V sign\V sign train (925).jpg,548.9,57.76,52.64,1.84,good,Image quality is good. Proceed with assessment.,0
train,V sign,V sign train (926).jpg,train\V sign\V sign train (926).jpg,549.02,57.76,52.6,1.84,good,Image quality is good. Proceed with assessment.,0
train,V sign,V sign train (927).jpg,train\V sign\V sign train (927).jpg,548.85,57.7,52.46,1.84,good,Image quality is good. Proceed with assessment.,0
train,V sign,V sign train (928).jpg,train\V sign\V sign train (928).jpg,612.15,49.85,46.19,1.96,good,Image quality is good. Proceed with assessment.,0
train,V sign,V sign train (929).jpg,train\V sign\V sign train (929).jpg,612.36,49.02,45.26,1.96,good,Image quality is good. Proceed with assessment.,0
train,V sign,V sign train (93).jpg,train\V sign\V sign train (93).jpg,578.28,86.32,58.95,1.79,good,Image quality is good. Proceed with assessment.,0
train,V sign,V sign train (930).jpg,train\V sign\V sign train (930).jpg,618.61,47.44,45.49,1.98,good,Image quality is good. Proceed with assessment.,0
train,V sign,V sign train (931).jpg,train\V sign\V sign train (931).jpg,618.95,47.66,46.13,1.98,good,Image quality is good. Proceed with assessment.,0
train,V sign,V sign train (932).jpg,train\V sign\V sign train (932).jpg,619.29,47.77,46.57,1.98,good,Image quality is good. Proceed with assessment.,0
train,V sign,V sign train (933).jpg,train\V sign\V sign train (933).jpg,619.43,47.66,46.56,1.98,good,Image quality is good. Proceed with assessment.,0
train,V sign,V sign train (934).jpg,train\V sign\V sign train (934).jpg,619.69,47.04,45.73,1.97,good,Image quality is good. Proceed with assessment.,0
train,V sign,V sign train (935).jpg,train\V sign\V sign train (935).jpg,619.52,46.44,44.97,1.97,good,Image quality is good. Proceed with assessment.,0
train,V sign,V sign train (936).jpg,train\V sign\V sign train (936).jpg,619.58,46.03,44.49,1.97,good,Image quality is good. Proceed with assessment.,0
train,V sign,V sign train (937).jpg,train\V sign\V sign train (937).jpg,590.14,48.3,58.97,1.76,good,Image quality is good. Proceed with assessment.,0
train,V sign,V sign train (938).jpg,train\V sign\V sign train (938).jpg,589.92,48.02,58.78,1.76,good,Image quality is good. Proceed with assessment.,0
train,V sign,V sign train (939).jpg,train\V sign\V sign train (939).jpg,589.78,47.87,58.69,1.76,good,Image quality is good. Proceed with assessment.,0
train,V sign,V sign train (94).jpg,train\V sign\V sign train (94).jpg,578.3,86.41,59.03,1.79,good,Image quality is good. Proceed with assessment.,0
train,V sign,V sign train (940).jpg,train\V sign\V sign train (940).jpg,589.56,47.71,58.53,1.76,good,Image quality is good. Proceed with assessment.,0
train,V sign,V sign train (941).jpg,train\V sign\V sign train (941).jpg,589.76,47.5,58.34,1.76,good,Image quality is good. Proceed with assessment.,0
train,V sign,V sign train (942).jpg,train\V sign\V sign train (942).jpg,589.77,45.57,58.12,1.75,good,Image quality is good. Proceed with assessment.,0
train,V sign,V sign train (943).jpg,train\V sign\V sign train (943).jpg,589.65,45.5,58.13,1.75,good,Image quality is good. Proceed with assessment.,0
train,V sign,V sign train (944).jpg,train\V sign\V sign train (944).jpg,589.58,45.44,58.12,1.75,good,Image quality is good. Proceed with assessment.,0
train,V sign,V sign train (945).jpg,train\V sign\V sign train (945).jpg,668.01,71.54,60.07,2.01,good,Image quality is good. Proceed with assessment.,0
train,V sign,V sign train (946).jpg,train\V sign\V sign train (946).jpg,668.46,71.54,60.06,2.0,good,Image quality is good. Proceed with assessment.,0
train,V sign,V sign train (947).jpg,train\V sign\V sign train (947).jpg,668.23,71.68,60.13,2.0,good,Image quality is good. Proceed with assessment.,0
train,V sign,V sign train (948).jpg,train\V sign\V sign train (948).jpg,870.88,51.06,39.19,2.08,good,Image quality is good. Proceed with assessment.,0
train,V sign,V sign train (949).jpg,train\V sign\V sign train (949).jpg,870.21,51.0,39.11,2.03,good,Image quality is good. Proceed with assessment.,0
train,V sign,V sign train (95).jpg,train\V sign\V sign train (95).jpg,580.34,86.34,59.03,1.79,good,Image quality is good. Proceed with assessment.,0
train,V sign,V sign train (950).jpg,train\V sign\V sign train (950).jpg,868.71,50.56,38.72,2.0,good,Image quality is good. Proceed with assessment.,0
train,V sign,V sign train (951).jpg,train\V sign\V sign train (951).jpg,870.58,50.27,38.32,2.0,good,Image quality is good. Proceed with assessment.,0
train,V sign,V sign train (952).jpg,train\V sign\V sign train (952).jpg,637.77,78.28,60.3,2.18,good,Image quality is good. Proceed with assessment.,0
train,V sign,V sign train (953).jpg,train\V sign\V sign train (953).jpg,635.15,77.36,59.76,2.1,good,Image quality is good. Proceed with assessment.,0
train,V sign,V sign train (954).jpg,train\V sign\V sign train (954).jpg,633.29,76.34,58.78,2.08,good,Image quality is good. Proceed with assessment.,0
train,V sign,V sign train (955).jpg,train\V sign\V sign train (955).jpg,552.88,48.36,54.02,1.81,good,Image quality is good. Proceed with assessment.,0
train,V sign,V sign train (956).jpg,train\V sign\V sign train (956).jpg,555.77,48.63,54.4,1.82,good,Image quality is good. Proceed with assessment.,0
train,V sign,V sign train (957).jpg,train\V sign\V sign train (957).jpg,556.55,48.62,54.24,1.82,good,Image quality is good. Proceed with assessment.,0
train,V sign,V sign train (958).jpg,train\V sign\V sign train (958).jpg,556.81,48.41,53.88,1.82,good,Image quality is good. Proceed with assessment.,0
train,V sign,V sign train (959).jpg,train\V sign\V sign train (959).jpg,580.85,49.86,54.73,1.86,good,Image quality is good. Proceed with assessment.,0
train,V sign,V sign train (96).jpg,train\V sign\V sign train (96).jpg,580.77,86.26,58.86,1.79,good,Image quality is good. Proceed with assessment.,0
train,V sign,V sign train (960).jpg,train\V sign\V sign train (960).jpg,580.41,49.56,54.1,1.86,good,Image quality is good. Proceed with assessment.,0
train,V sign,V sign train (961).jpg,train\V sign\V sign train (961).jpg,580.39,49.21,53.45,1.86,good,Image quality is good. Proceed with assessment.,0
train,V sign,V sign train (962).jpg,train\V sign\V sign train (962).jpg,604.32,38.4,43.92,1.98,good,Image quality is good. Proceed with assessment.,0
train,V sign,V sign train (963).jpg,train\V sign\V sign train (963).jpg,604.23,38.76,44.4,1.99,good,Image quality is good. Proceed with assessment.,0
train,V sign,V sign train (964).jpg,train\V sign\V sign train (964).jpg,606.01,38.71,44.4,2.0,good,Image quality is good. Proceed with assessment.,0
train,V sign,V sign train (965).jpg,train\V sign\V sign train (965).jpg,606.26,38.56,44.01,2.01,good,Image quality is good. Proceed with assessment.,0
train,V sign,V sign train (966).jpg,train\V sign\V sign train (966).jpg,606.21,39.12,44.75,2.01,good,Image quality is good. Proceed with assessment.,0
train,V sign,V sign train (967).jpg,train\V sign\V sign train (967).jpg,604.82,39.2,44.86,1.99,good,Image quality is good. Proceed with assessment.,0
train,V sign,V sign train (968).jpg,train\V sign\V sign train (968).jpg,600.27,39.0,44.52,1.97,good,Image quality is good. Proceed with assessment.,0
train,V sign,V sign train (969).jpg,train\V sign\V sign train (969).jpg,680.98,87.16,59.1,2.05,good,Image quality is good. Proceed with assessment.,0
train,V sign,V sign train (97).jpg,train\V sign\V sign train (97).jpg,584.81,84.78,58.22,1.8,good,Image quality is good. Proceed with assessment.,0
train,V sign,V sign train (970).jpg,train\V sign\V sign train (970).jpg,679.76,87.21,59.31,2.05,good,Image quality is good. Proceed with assessment.,0
train,V sign,V sign train (971).jpg,train\V sign\V sign train (971).jpg,680.4,87.29,59.49,2.05,good,Image quality is good. Proceed with assessment.,0
train,V sign,V sign train (972).jpg,train\V sign\V sign train (972).jpg,679.12,87.28,59.57,2.05,good,Image quality is good. Proceed with assessment.,0
train,V sign,V sign train (973).jpg,train\V sign\V sign train (973).jpg,530.31,68.51,52.1,1.94,good,Image quality is good. Proceed with assessment.,0
train,V sign,V sign train (974).jpg,train\V sign\V sign train (974).jpg,533.47,68.41,51.99,1.95,good,Image quality is good. Proceed with assessment.,0
train,V sign,V sign train (975).jpg,train\V sign\V sign train (975).jpg,534.27,68.25,51.84,1.96,good,Image quality is good. Proceed with assessment.,0
train,V sign,V sign train (976).jpg,train\V sign\V sign train (976).jpg,534.68,68.1,51.64,1.96,good,Image quality is good. Proceed with assessment.,0
train,V sign,V sign train (977).jpg,train\V sign\V sign train (977).jpg,535.24,68.02,51.41,1.96,good,Image quality is good. Proceed with assessment.,0
train,V sign,V sign train (978).jpg,train\V sign\V sign train (978).jpg,680.52,67.82,71.2,1.86,good,Image quality is good. Proceed with assessment.,0
train,V sign,V sign train (979).jpg,train\V sign\V sign train (979).jpg,680.61,67.9,71.18,1.86,good,Image quality is good. Proceed with assessment.,0
train,V sign,V sign train (98).jpg,train\V sign\V sign train (98).jpg,586.31,84.94,58.34,1.8,good,Image quality is good. Proceed with assessment.,0
train,V sign,V sign train (980).jpg,train\V sign\V sign train (980).jpg,676.44,67.91,71.14,1.85,good,Image quality is good. Proceed with assessment.,0
train,V sign,V sign train (981).jpg,train\V sign\V sign train (981).jpg,676.45,67.78,71.04,1.85,good,Image quality is good. Proceed with assessment.,0
train,V sign,V sign train (982).jpg,train\V sign\V sign train (982).jpg,844.73,30.57,45.28,1.72,good,Image quality is good. Proceed with assessment.,0
train,V sign,V sign train (983).jpg,train\V sign\V sign train (983).jpg,846.87,30.47,45.18,1.72,good,Image quality is good. Proceed with assessment.,0
train,V sign,V sign train (984).jpg,train\V sign\V sign train (984).jpg,843.06,29.73,44.8,1.69,good,Image quality is good. Proceed with assessment.,0
train,V sign,V sign train (985).jpg,train\V sign\V sign train (985).jpg,848.51,29.91,45.37,1.69,good,Image quality is good. Proceed with assessment.,0
train,V sign,V sign train (986).jpg,train\V sign\V sign train (986).jpg,851.71,29.61,44.93,1.7,good,Image quality is good. Proceed with assessment.,0
train,V sign,V sign train (987).jpg,train\V sign\V sign train (987).jpg,855.87,28.88,43.25,1.7,good,Image quality is good. Proceed with assessment.,0
train,V sign,V sign train (988).jpg,train\V sign\V sign train (988).jpg,873.17,28.76,44.48,1.68,good,Image quality is good. Proceed with assessment.,0
train,V sign,V sign train (989).jpg,train\V sign\V sign train (989).jpg,873.24,28.92,44.79,1.68,good,Image quality is good. Proceed with assessment.,0
train,V sign,V sign train (99).jpg,train\V sign\V sign train (99).jpg,586.78,85.09,58.45,1.8,good,Image quality is good. Proceed with assessment.,0
train,V sign,V sign train (990).jpg,train\V sign\V sign train (990).jpg,871.56,28.72,44.33,1.68,good,Image quality is good. Proceed with assessment.,0
train,V sign,V sign train (991).jpg,train\V sign\V sign train (991).jpg,868.85,28.19,42.82,1.68,good,Image quality is good. Proceed with assessment.,0
train,V sign,V sign train (992).jpg,train\V sign\V sign train (992).jpg,871.84,27.99,43.19,1.67,good,Image quality is good. Proceed with assessment.,0
train,V sign,V sign train (993).jpg,train\V sign\V sign train (993).jpg,873.21,28.35,44.1,1.67,good,Image quality is good. Proceed with assessment.,0
train,V sign,V sign train (994).jpg,train\V sign\V sign train (994).jpg,876.25,28.66,44.88,1.68,good,Image quality is good. Proceed with assessment.,0
train,V sign,V sign train (995).jpg,train\V sign\V sign train (995).jpg,631.35,35.44,41.85,1.94,good,Image quality is good. Proceed with assessment.,0
train,V sign,V sign train (996).jpg,train\V sign\V sign train (996).jpg,631.61,35.16,41.56,1.92,good,Image quality is good. Proceed with assessment.,0
train,V sign,V sign train (997).jpg,train\V sign\V sign train (997).jpg,632.3,34.95,41.13,1.92,good,Image quality is good. Proceed with assessment.,0
train,V sign,V sign train (998).jpg,train\V sign\V sign train (998).jpg,550.46,47.56,46.8,1.99,good,Image quality is good. Proceed with assessment.,0
train,V sign,V sign train (999).jpg,train\V sign\V sign train (999).jpg,550.55,47.6,46.88,1.99,good,Image quality is good. Proceed with assessment.,0
train,X sign,X sign train (1).jpg,train\X sign\X sign train (1).jpg,412.43,49.64,50.23,1.35,good,Image quality is good. Proceed with assessment.,0
train,X sign,X sign train (10).jpg,train\X sign\X sign train (10).jpg,376.32,47.76,48.09,1.28,good,Image quality is good. Proceed with assessment.,0
train,X sign,X sign train (100).jpg,train\X sign\X sign train (100).jpg,571.86,55.37,50.05,1.89,good,Image quality is good. Proceed with assessment.,0
train,X sign,X sign train (101).jpg,train\X sign\X sign train (101).jpg,573.38,55.22,49.96,1.9,good,Image quality is good. Proceed with assessment.,0
train,X sign,X sign train (102).jpg,train\X sign\X sign train (102).jpg,379.44,42.41,49.27,1.32,good,Image quality is good. Proceed with assessment.,0
train,X sign,X sign train (103).jpg,train\X sign\X sign train (103).jpg,379.87,42.05,48.75,1.32,good,Image quality is good. Proceed with assessment.,0
train,X sign,X sign train (104).jpg,train\X sign\X sign train (104).jpg,380.03,41.71,48.15,1.31,good,Image quality is good. Proceed with assessment.,0
train,X sign,X sign train (105).jpg,train\X sign\X sign train (105).jpg,384.93,42.08,49.59,1.33,good,Image quality is good. Proceed with assessment.,0
train,X sign,X sign train (106).jpg,train\X sign\X sign train (106).jpg,553.79,59.93,47.48,1.69,good,Image quality is good. Proceed with assessment.,0
train,X sign,X sign train (107).jpg,train\X sign\X sign train (107).jpg,558.57,60.17,47.39,1.7,good,Image quality is good. Proceed with assessment.,0
train,X sign,X sign train (108).jpg,train\X sign\X sign train (108).jpg,567.59,60.18,47.07,1.69,good,Image quality is good. Proceed with assessment.,0
train,X sign,X sign train (109).jpg,train\X sign\X sign train (109).jpg,569.75,59.76,46.47,1.68,good,Image quality is good. Proceed with assessment.,0
train,X sign,X sign train (11).jpg,train\X sign\X sign train (11).jpg,375.13,47.6,47.81,1.28,good,Image quality is good. Proceed with assessment.,0
train,X sign,X sign train (110).jpg,train\X sign\X sign train (110).jpg,576.1,59.67,46.36,1.67,good,Image quality is good. Proceed with assessment.,0
train,X sign,X sign train (111).jpg,train\X sign\X sign train (111).jpg,544.02,41.56,47.06,1.64,good,Image quality is good. Proceed with assessment.,0
train,X sign,X sign train (112).jpg,train\X sign\X sign train (112).jpg,544.23,41.39,46.85,1.64,good,Image quality is good. Proceed with assessment.,0
train,X sign,X sign train (113).jpg,train\X sign\X sign train (113).jpg,592.8,57.63,53.26,1.8,good,Image quality is good. Proceed with assessment.,0
train,X sign,X sign train (114).jpg,train\X sign\X sign train (114).jpg,589.56,57.44,53.25,1.8,good,Image quality is good. Proceed with assessment.,0
train,X sign,X sign train (115).jpg,train\X sign\X sign train (115).jpg,592.82,57.46,53.28,1.81,good,Image quality is good. Proceed with assessment.,0
train,X sign,X sign train (116).jpg,train\X sign\X sign train (116).jpg,513.28,60.84,57.29,1.67,good,Image quality is good. Proceed with assessment.,0
train,X sign,X sign train (117).jpg,train\X sign\X sign train (117).jpg,513.5,60.46,57.27,1.67,good,Image quality is good. Proceed with assessment.,0
train,X sign,X sign train (118).jpg,train\X sign\X sign train (118).jpg,549.53,53.55,54.33,1.73,good,Image quality is good. Proceed with assessment.,0
train,X sign,X sign train (119).jpg,train\X sign\X sign train (119).jpg,549.85,53.54,54.28,1.74,good,Image quality is good. Proceed with assessment.,0
train,X sign,X sign train (12).jpg,train\X sign\X sign train (12).jpg,392.74,47.73,47.99,1.31,good,Image quality is good. Proceed with assessment.,0
train,X sign,X sign train (120).jpg,train\X sign\X sign train (120).jpg,550.59,53.38,54.13,1.74,good,Image quality is good. Proceed with assessment.,0
train,X sign,X sign train (121).jpg,train\X sign\X sign train (121).jpg,550.52,53.27,54.07,1.74,good,Image quality is good. Proceed with assessment.,0
train,X sign,X sign train (122).jpg,train\X sign\X sign train (122).jpg,547.36,53.09,53.17,1.73,good,Image quality is good. Proceed with assessment.,0
train,X sign,X sign train (123).jpg,train\X sign\X sign train (123).jpg,547.39,52.94,53.09,1.74,good,Image quality is good. Proceed with assessment.,0
train,X sign,X sign train (124).jpg,train\X sign\X sign train (124).jpg,527.45,52.5,53.9,1.71,good,Image quality is good. Proceed with assessment.,0
train,X sign,X sign train (125).jpg,train\X sign\X sign train (125).jpg,526.93,52.35,53.95,1.71,good,Image quality is good. Proceed with assessment.,0
train,X sign,X sign train (126).jpg,train\X sign\X sign train (126).jpg,527.19,52.28,53.96,1.71,good,Image quality is good. Proceed with assessment.,0
train,X sign,X sign train (127).jpg,train\X sign\X sign train (127).jpg,527.32,52.07,53.72,1.72,good,Image quality is good. Proceed with assessment.,0
train,X sign,X sign train (128).jpg,train\X sign\X sign train (128).jpg,526.94,51.86,53.51,1.71,good,Image quality is good. Proceed with assessment.,0
train,X sign,X sign train (129).jpg,train\X sign\X sign train (129).jpg,526.22,51.7,53.39,1.71,good,Image quality is good. Proceed with assessment.,0
train,X sign,X sign train (13).jpg,train\X sign\X sign train (13).jpg,392.84,47.8,48.15,1.31,good,Image quality is good. Proceed with assessment.,0
train,X sign,X sign train (130).jpg,train\X sign\X sign train (130).jpg,526.68,52.24,54.06,1.7,good,Image quality is good. Proceed with assessment.,0
train,X sign,X sign train (131).jpg,train\X sign\X sign train (131).jpg,526.17,52.41,54.32,1.7,good,Image quality is good. Proceed with assessment.,0
train,X sign,X sign train (132).jpg,train\X sign\X sign train (132).jpg,525.18,52.36,54.42,1.7,good,Image quality is good. Proceed with assessment.,0
train,X sign,X sign train (133).jpg,train\X sign\X sign train (133).jpg,525.49,52.2,54.34,1.71,good,Image quality is good. Proceed with assessment.,0
train,X sign,X sign train (134).jpg,train\X sign\X sign train (134).jpg,525.28,52.06,54.18,1.71,good,Image quality is good. Proceed with assessment.,0
train,X sign,X sign train (135).jpg,train\X sign\X sign train (135).jpg,524.68,51.59,53.93,1.7,good,Image quality is good. Proceed with assessment.,0
train,X sign,X sign train (136).jpg,train\X sign\X sign train (136).jpg,534.56,49.87,52.18,1.68,good,Image quality is good. Proceed with assessment.,0
train,X sign,X sign train (137).jpg,train\X sign\X sign train (137).jpg,566.87,53.94,53.95,1.84,good,Image quality is good. Proceed with assessment.,0
train,X sign,X sign train (138).jpg,train\X sign\X sign train (138).jpg,567.9,53.87,53.94,1.84,good,Image quality is good. Proceed with assessment.,0
train,X sign,X sign train (139).jpg,train\X sign\X sign train (139).jpg,567.29,53.87,53.98,1.83,good,Image quality is good. Proceed with assessment.,0
train,X sign,X sign train (14).jpg,train\X sign\X sign train (14).jpg,393.05,47.79,48.24,1.32,good,Image quality is good. Proceed with assessment.,0
train,X sign,X sign train (140).jpg,train\X sign\X sign train (140).jpg,566.64,53.81,53.94,1.83,good,Image quality is good. Proceed with assessment.,0
train,X sign,X sign train (141).jpg,train\X sign\X sign train (141).jpg,567.16,53.64,53.83,1.82,good,Image quality is good. Proceed with assessment.,0
train,X sign,X sign train (142).jpg,train\X sign\X sign train (142).jpg,566.28,53.44,53.7,1.81,good,Image quality is good. Proceed with assessment.,0
train,X sign,X sign train (143).jpg,train\X sign\X sign train (143).jpg,570.4,47.19,45.07,1.84,good,Image quality is good. Proceed with assessment.,0
train,X sign,X sign train (144).jpg,train\X sign\X sign train (144).jpg,570.61,46.91,44.97,1.83,good,Image quality is good. Proceed with assessment.,0
train,X sign,X sign train (145).jpg,train\X sign\X sign train (145).jpg,569.82,46.52,44.88,1.83,good,Image quality is good. Proceed with assessment.,0
train,X sign,X sign train (146).jpg,train\X sign\X sign train (146).jpg,570.73,46.06,44.59,1.83,good,Image quality is good. Proceed with assessment.,0
train,X sign,X sign train (147).jpg,train\X sign\X sign train (147).jpg,538.51,53.34,54.85,1.7,good,Image quality is good. Proceed with assessment.,0
train,X sign,X sign train (148).jpg,train\X sign\X sign train (148).jpg,538.33,53.16,54.51,1.7,good,Image quality is good. Proceed with assessment.,0
train,X sign,X sign train (149).jpg,train\X sign\X sign train (149).jpg,539.33,52.91,54.11,1.7,good,Image quality is good. Proceed with assessment.,0
train,X sign,X sign train (15).jpg,train\X sign\X sign train (15).jpg,626.48,40.33,45.53,1.91,good,Image quality is good. Proceed with assessment.,0
train,X sign,X sign train (150).jpg,train\X sign\X sign train (150).jpg,538.72,52.73,53.81,1.7,good,Image quality is good. Proceed with assessment.,0
train,X sign,X sign train (151).jpg,train\X sign\X sign train (151).jpg,538.47,52.56,53.49,1.7,good,Image quality is good. Proceed with assessment.,0
train,X sign,X sign train (152).jpg,train\X sign\X sign train (152).jpg,604.89,64.12,52.19,1.93,good,Image quality is good. Proceed with assessment.,0
train,X sign,X sign train (153).jpg,train\X sign\X sign train (153).jpg,605.53,64.28,52.3,1.93,good,Image quality is good. Proceed with assessment.,0
train,X sign,X sign train (154).jpg,train\X sign\X sign train (154).jpg,605.63,64.18,52.2,1.93,good,Image quality is good. Proceed with assessment.,0
train,X sign,X sign train (155).jpg,train\X sign\X sign train (155).jpg,604.05,64.07,52.07,1.92,good,Image quality is good. Proceed with assessment.,0
train,X sign,X sign train (156).jpg,train\X sign\X sign train (156).jpg,1046.56,42.01,47.98,2.09,good,Image quality is good. Proceed with assessment.,0
train,X sign,X sign train (157).jpg,train\X sign\X sign train (157).jpg,1045.11,41.94,47.97,2.09,good,Image quality is good. Proceed with assessment.,0
train,X sign,X sign train (158).jpg,train\X sign\X sign train (158).jpg,1045.21,41.69,47.39,2.09,good,Image quality is good. Proceed with assessment.,0
train,X sign,X sign train (159).jpg,train\X sign\X sign train (159).jpg,1043.16,41.16,46.36,2.08,good,Image quality is good. Proceed with assessment.,0
train,X sign,X sign train (16).jpg,train\X sign\X sign train (16).jpg,626.83,40.24,45.46,1.91,good,Image quality is good. Proceed with assessment.,0
train,X sign,X sign train (160).jpg,train\X sign\X sign train (160).jpg,1042.87,41.5,47.87,2.09,good,Image quality is good. Proceed with assessment.,0
train,X sign,X sign train (161).jpg,train\X sign\X sign train (161).jpg,1040.83,41.54,47.85,2.09,good,Image quality is good. Proceed with assessment.,0
train,X sign,X sign train (162).jpg,train\X sign\X sign train (162).jpg,1044.47,41.24,47.25,2.11,good,Image quality is good. Proceed with assessment.,0
train,X sign,X sign train (163).jpg,train\X sign\X sign train (163).jpg,432.38,61.95,58.66,1.48,good,Image quality is good. Proceed with assessment.,0
train,X sign,X sign train (164).jpg,train\X sign\X sign train (164).jpg,432.33,61.96,58.83,1.49,good,Image quality is good. Proceed with assessment.,0
train,X sign,X sign train (165).jpg,train\X sign\X sign train (165).jpg,432.47,61.95,58.9,1.49,good,Image quality is good. Proceed with assessment.,0
train,X sign,X sign train (166).jpg,train\X sign\X sign train (166).jpg,364.86,33.95,50.44,1.14,good,Image quality is good. Proceed with assessment.,0
train,X sign,X sign train (167).jpg,train\X sign\X sign train (167).jpg,365.05,34.21,50.9,1.15,good,Image quality is good. Proceed with assessment.,0
train,X sign,X sign train (168).jpg,train\X sign\X sign train (168).jpg,364.8,34.36,51.21,1.15,good,Image quality is good. Proceed with assessment.,0
train,X sign,X sign train (169).jpg,train\X sign\X sign train (169).jpg,366.13,34.21,50.93,1.15,good,Image quality is good. Proceed with assessment.,0
train,X sign,X sign train (17).jpg,train\X sign\X sign train (17).jpg,627.15,40.24,45.49,1.91,good,Image quality is good. Proceed with assessment.,0
train,X sign,X sign train (170).jpg,train\X sign\X sign train (170).jpg,365.96,33.84,50.36,1.15,good,Image quality is good. Proceed with assessment.,0
train,X sign,X sign train (171).jpg,train\X sign\X sign train (171).jpg,365.97,33.89,50.4,1.15,good,Image quality is good. Proceed with assessment.,0
train,X sign,X sign train (172).jpg,train\X sign\X sign train (172).jpg,367.09,34.44,51.25,1.15,good,Image quality is good. Proceed with assessment.,0
train,X sign,X sign train (173).jpg,train\X sign\X sign train (173).jpg,367.74,34.37,51.24,1.16,good,Image quality is good. Proceed with assessment.,0
train,X sign,X sign train (174).jpg,train\X sign\X sign train (174).jpg,366.81,33.97,50.68,1.15,good,Image quality is good. Proceed with assessment.,0
train,X sign,X sign train (175).jpg,train\X sign\X sign train (175).jpg,506.44,50.45,45.02,1.72,good,Image quality is good. Proceed with assessment.,0
train,X sign,X sign train (176).jpg,train\X sign\X sign train (176).jpg,507.44,50.6,45.05,1.73,good,Image quality is good. Proceed with assessment.,0
train,X sign,X sign train (177).jpg,train\X sign\X sign train (177).jpg,507.71,50.39,44.46,1.73,good,Image quality is good. Proceed with assessment.,0
train,X sign,X sign train (178).jpg,train\X sign\X sign train (178).jpg,509.94,50.17,44.66,1.7,good,Image quality is good. Proceed with assessment.,0
train,X sign,X sign train (179).jpg,train\X sign\X sign train (179).jpg,510.45,49.96,44.98,1.7,good,Image quality is good. Proceed with assessment.,0
train,X sign,X sign train (18).jpg,train\X sign\X sign train (18).jpg,625.35,40.21,45.4,1.91,good,Image quality is good. Proceed with assessment.,0
train,X sign,X sign train (180).jpg,train\X sign\X sign train (180).jpg,508.72,49.75,44.91,1.69,good,Image quality is good. Proceed with assessment.,0
train,X sign,X sign train (181).jpg,train\X sign\X sign train (181).jpg,494.52,49.24,44.29,1.67,good,Image quality is good. Proceed with assessment.,0
train,X sign,X sign train (182).jpg,train\X sign\X sign train (182).jpg,542.1,54.2,55.32,1.78,good,Image quality is good. Proceed with assessment.,0
train,X sign,X sign train (183).jpg,train\X sign\X sign train (183).jpg,541.87,54.35,55.54,1.78,good,Image quality is good. Proceed with assessment.,0
train,X sign,X sign train (184).jpg,train\X sign\X sign train (184).jpg,542.79,54.33,55.71,1.78,good,Image quality is good. Proceed with assessment.,0
train,X sign,X sign train (185).jpg,train\X sign\X sign train (185).jpg,542.44,54.29,55.77,1.78,good,Image quality is good. Proceed with assessment.,0
train,X sign,X sign train (186).jpg,train\X sign\X sign train (186).jpg,543.36,54.09,55.54,1.78,good,Image quality is good. Proceed with assessment.,0
train,X sign,X sign train (187).jpg,train\X sign\X sign train (187).jpg,544.91,53.86,55.29,1.78,good,Image quality is good. Proceed with assessment.,0
train,X sign,X sign train (188).jpg,train\X sign\X sign train (188).jpg,552.31,52.5,55.1,1.78,good,Image quality is good. Proceed with assessment.,0
train,X sign,X sign train (189).jpg,train\X sign\X sign train (189).jpg,552.93,52.53,55.23,1.78,good,Image quality is good. Proceed with assessment.,0
train,X sign,X sign train (19).jpg,train\X sign\X sign train (19).jpg,586.3,61.28,56.64,1.89,good,Image quality is good. Proceed with assessment.,0
train,X sign,X sign train (190).jpg,train\X sign\X sign train (190).jpg,553.37,52.5,55.26,1.79,good,Image quality is good. Proceed with assessment.,0
train,X sign,X sign train (191).jpg,train\X sign\X sign train (191).jpg,553.16,52.3,54.97,1.79,good,Image quality is good. Proceed with assessment.,0
train,X sign,X sign train (192).jpg,train\X sign\X sign train (192).jpg,553.43,52.0,54.52,1.79,good,Image quality is good. Proceed with assessment.,0
train,X sign,X sign train (193).jpg,train\X sign\X sign train (193).jpg,554.1,51.69,54.14,1.79,good,Image quality is good. Proceed with assessment.,0
train,X sign,X sign train (194).jpg,train\X sign\X sign train (194).jpg,558.45,48.5,48.42,1.76,good,Image quality is good. Proceed with assessment.,0
train,X sign,X sign train (195).jpg,train\X sign\X sign train (195).jpg,367.62,30.1,41.9,1.11,good,Image quality is good. Proceed with assessment.,0
train,X sign,X sign train (196).jpg,train\X sign\X sign train (196).jpg,370.75,30.46,42.08,1.11,good,Image quality is good. Proceed with assessment.,0
train,X sign,X sign train (197).jpg,train\X sign\X sign train (197).jpg,453.12,61.26,60.56,1.52,good,Image quality is good. Proceed with assessment.,0
train,X sign,X sign train (198).jpg,train\X sign\X sign train (198).jpg,454.53,61.36,60.56,1.53,good,Image quality is good. Proceed with assessment.,0
train,X sign,X sign train (199).jpg,train\X sign\X sign train (199).jpg,456.83,61.39,60.43,1.53,good,Image quality is good. Proceed with assessment.,0
train,X sign,X sign train (2).jpg,train\X sign\X sign train (2).jpg,411.09,49.37,50.11,1.34,good,Image quality is good. Proceed with assessment.,0
train,X sign,X sign train (20).jpg,train\X sign\X sign train (20).jpg,587.24,61.24,56.72,1.89,good,Image quality is good. Proceed with assessment.,0
train,X sign,X sign train (200).jpg,train\X sign\X sign train (200).jpg,454.76,61.43,60.25,1.53,good,Image quality is good. Proceed with assessment.,0
train,X sign,X sign train (201).jpg,train\X sign\X sign train (201).jpg,447.62,61.16,59.7,1.51,good,Image quality is good. Proceed with assessment.,0
train,X sign,X sign train (202).jpg,train\X sign\X sign train (202).jpg,392.81,50.12,50.91,1.43,good,Image quality is good. Proceed with assessment.,0
train,X sign,X sign train (203).jpg,train\X sign\X sign train (203).jpg,389.33,51.37,51.32,1.42,good,Image quality is good. Proceed with assessment.,0
train,X sign,X sign train (204).jpg,train\X sign\X sign train (204).jpg,389.17,51.44,51.51,1.43,good,Image quality is good. Proceed with assessment.,0
train,X sign,X sign train (205).jpg,train\X sign\X sign train (205).jpg,389.45,51.52,51.6,1.44,good,Image quality is good. Proceed with assessment.,0
train,X sign,X sign train (206).jpg,train\X sign\X sign train (206).jpg,385.82,51.53,51.5,1.45,good,Image quality is good. Proceed with assessment.,0
train,X sign,X sign train (207).jpg,train\X sign\X sign train (207).jpg,984.98,43.33,46.34,1.72,good,Image quality is good. Proceed with assessment.,0
train,X sign,X sign train (208).jpg,train\X sign\X sign train (208).jpg,985.44,43.06,45.97,1.73,good,Image quality is good. Proceed with assessment.,0
train,X sign,X sign train (209).jpg,train\X sign\X sign train (209).jpg,986.07,42.59,44.9,1.73,good,Image quality is good. Proceed with assessment.,0
train,X sign,X sign train (21).jpg,train\X sign\X sign train (21).jpg,585.44,60.48,56.67,1.9,good,Image quality is good. Proceed with assessment.,0
train,X sign,X sign train (210).jpg,train\X sign\X sign train (210).jpg,987.45,42.0,43.85,1.72,good,Image quality is good. Proceed with assessment.,0
train,X sign,X sign train (211).jpg,train\X sign\X sign train (211).jpg,986.03,41.33,43.06,1.72,good,Image quality is good. Proceed with assessment.,0
train,X sign,X sign train (212).jpg,train\X sign\X sign train (212).jpg,985.62,40.81,42.54,1.72,good,Image quality is good. Proceed with assessment.,0
train,X sign,X sign train (213).jpg,train\X sign\X sign train (213).jpg,624.6,60.87,56.73,1.87,good,Image quality is good. Proceed with assessment.,0
train,X sign,X sign train (214).jpg,train\X sign\X sign train (214).jpg,623.26,60.71,56.7,1.87,good,Image quality is good. Proceed with assessment.,0
train,X sign,X sign train (215).jpg,train\X sign\X sign train (215).jpg,620.05,60.55,56.65,1.86,good,Image quality is good. Proceed with assessment.,0
train,X sign,X sign train (216).jpg,train\X sign\X sign train (216).jpg,597.97,62.59,54.59,1.85,good,Image quality is good. Proceed with assessment.,0
train,X sign,X sign train (217).jpg,train\X sign\X sign train (217).jpg,598.88,62.65,54.91,1.85,good,Image quality is good. Proceed with assessment.,0
train,X sign,X sign train (218).jpg,train\X sign\X sign train (218).jpg,598.6,62.75,55.14,1.86,good,Image quality is good. Proceed with assessment.,0
train,X sign,X sign train (219).jpg,train\X sign\X sign train (219).jpg,597.99,62.81,55.31,1.86,good,Image quality is good. Proceed with assessment.,0
train,X sign,X sign train (22).jpg,train\X sign\X sign train (22).jpg,585.55,60.54,56.74,1.9,good,Image quality is good. Proceed with assessment.,0
train,X sign,X sign train (220).jpg,train\X sign\X sign train (220).jpg,597.52,62.75,55.34,1.87,good,Image quality is good. Proceed with assessment.,0
train,X sign,X sign train (221).jpg,train\X sign\X sign train (221).jpg,642.88,73.48,58.7,1.97,good,Image quality is good. Proceed with assessment.,0
train,X sign,X sign train (222).jpg,train\X sign\X sign train (222).jpg,641.21,73.91,59.11,1.96,good,Image quality is good. Proceed with assessment.,0
train,X sign,X sign train (223).jpg,train\X sign\X sign train (223).jpg,641.0,73.75,58.94,1.97,good,Image quality is good. Proceed with assessment.,0
train,X sign,X sign train (224).jpg,train\X sign\X sign train (224).jpg,645.88,73.19,58.6,1.97,good,Image quality is good. Proceed with assessment.,0
train,X sign,X sign train (225).jpg,train\X sign\X sign train (225).jpg,586.36,47.97,53.01,1.8,good,Image quality is good. Proceed with assessment.,0
train,X sign,X sign train (226).jpg,train\X sign\X sign train (226).jpg,586.16,48.08,53.18,1.82,good,Image quality is good. Proceed with assessment.,0
train,X sign,X sign train (227).jpg,train\X sign\X sign train (227).jpg,584.86,48.37,53.3,1.83,good,Image quality is good. Proceed with assessment.,0
train,X sign,X sign train (228).jpg,train\X sign\X sign train (228).jpg,584.64,48.05,52.66,1.83,good,Image quality is good. Proceed with assessment.,0
train,X sign,X sign train (229).jpg,train\X sign\X sign train (229).jpg,603.92,40.4,45.93,1.99,good,Image quality is good. Proceed with assessment.,0
train,X sign,X sign train (23).jpg,train\X sign\X sign train (23).jpg,584.87,60.36,56.63,1.9,good,Image quality is good. Proceed with assessment.,0
train,X sign,X sign train (230).jpg,train\X sign\X sign train (230).jpg,604.55,40.33,45.82,1.99,good,Image quality is good. Proceed with assessment.,0
train,X sign,X sign train (231).jpg,train\X sign\X sign train (231).jpg,604.41,40.03,45.05,1.98,good,Image quality is good. Proceed with assessment.,0
train,X sign,X sign train (232).jpg,train\X sign\X sign train (232).jpg,555.34,68.14,51.68,1.97,good,Image quality is good. Proceed with assessment.,0
train,X sign,X sign train (233).jpg,train\X sign\X sign train (233).jpg,555.63,68.36,51.9,1.97,good,Image quality is good. Proceed with assessment.,0
train,X sign,X sign train (234).jpg,train\X sign\X sign train (234).jpg,556.6,68.36,52.04,1.97,good,Image quality is good. Proceed with assessment.,0
train,X sign,X sign train (235).jpg,train\X sign\X sign train (235).jpg,556.75,68.48,52.22,1.98,good,Image quality is good. Proceed with assessment.,0
train,X sign,X sign train (236).jpg,train\X sign\X sign train (236).jpg,556.48,68.67,52.34,1.98,good,Image quality is good. Proceed with assessment.,0
train,X sign,X sign train (237).jpg,train\X sign\X sign train (237).jpg,558.03,68.62,52.27,1.95,good,Image quality is good. Proceed with assessment.,0
train,X sign,X sign train (238).jpg,train\X sign\X sign train (238).jpg,558.23,68.7,52.42,1.94,good,Image quality is good. Proceed with assessment.,0
train,X sign,X sign train (239).jpg,train\X sign\X sign train (239).jpg,554.41,68.85,52.43,1.97,good,Image quality is good. Proceed with assessment.,0
train,X sign,X sign train (24).jpg,train\X sign\X sign train (24).jpg,608.69,62.52,58.49,2.04,good,Image quality is good. Proceed with assessment.,0
train,X sign,X sign train (240).jpg,train\X sign\X sign train (240).jpg,555.38,68.88,52.48,1.97,good,Image quality is good. Proceed with assessment.,0
train,X sign,X sign train (241).jpg,train\X sign\X sign train (241).jpg,554.86,68.7,52.4,1.98,good,Image quality is good. Proceed with assessment.,0
train,X sign,X sign train (242).jpg,train\X sign\X sign train (242).jpg,555.1,68.63,52.27,1.98,good,Image quality is good. Proceed with assessment.,0
train,X sign,X sign train (243).jpg,train\X sign\X sign train (243).jpg,554.53,68.49,52.09,1.98,good,Image quality is good. Proceed with assessment.,0
train,X sign,X sign train (244).jpg,train\X sign\X sign train (244).jpg,621.52,36.23,41.85,1.88,good,Image quality is good. Proceed with assessment.,0
train,X sign,X sign train (245).jpg,train\X sign\X sign train (245).jpg,620.89,36.71,42.18,1.87,good,Image quality is good. Proceed with assessment.,0
train,X sign,X sign train (246).jpg,train\X sign\X sign train (246).jpg,622.18,37.24,42.56,1.88,good,Image quality is good. Proceed with assessment.,0
train,X sign,X sign train (247).jpg,train\X sign\X sign train (247).jpg,621.37,37.54,42.53,1.89,good,Image quality is good. Proceed with assessment.,0
train,X sign,X sign train (248).jpg,train\X sign\X sign train (248).jpg,598.96,64.65,64.74,1.93,good,Image quality is good. Proceed with assessment.,0
train,X sign,X sign train (249).jpg,train\X sign\X sign train (249).jpg,599.11,64.68,64.73,1.93,good,Image quality is good. Proceed with assessment.,0
train,X sign,X sign train (25).jpg,train\X sign\X sign train (25).jpg,609.14,62.52,58.48,2.04,good,Image quality is good. Proceed with assessment.,0
train,X sign,X sign train (250).jpg,train\X sign\X sign train (250).jpg,599.03,64.73,64.8,1.94,good,Image quality is good. Proceed with assessment.,0
train,X sign,X sign train (251).jpg,train\X sign\X sign train (251).jpg,599.86,64.84,64.88,1.94,good,Image quality is good. Proceed with assessment.,0
train,X sign,X sign train (252).jpg,train\X sign\X sign train (252).jpg,599.82,64.92,64.99,1.94,good,Image quality is good. Proceed with assessment.,0
train,X sign,X sign train (253).jpg,train\X sign\X sign train (253).jpg,599.98,64.92,65.05,1.95,good,Image quality is good. Proceed with assessment.,0
train,X sign,X sign train (254).jpg,train\X sign\X sign train (254).jpg,559.54,64.15,63.48,1.9,good,Image quality is good. Proceed with assessment.,0
train,X sign,X sign train (255).jpg,train\X sign\X sign train (255).jpg,559.92,64.0,63.36,1.9,good,Image quality is good. Proceed with assessment.,0
train,X sign,X sign train (256).jpg,train\X sign\X sign train (256).jpg,560.36,63.82,63.24,1.91,good,Image quality is good. Proceed with assessment.,0
train,X sign,X sign train (257).jpg,train\X sign\X sign train (257).jpg,559.54,61.5,62.89,1.88,good,Image quality is good. Proceed with assessment.,0
train,X sign,X sign train (258).jpg,train\X sign\X sign train (258).jpg,559.94,61.43,62.95,1.88,good,Image quality is good. Proceed with assessment.,0
train,X sign,X sign train (259).jpg,train\X sign\X sign train (259).jpg,560.1,61.28,63.01,1.88,good,Image quality is good. Proceed with assessment.,0
train,X sign,X sign train (26).jpg,train\X sign\X sign train (26).jpg,608.49,62.5,58.46,2.04,good,Image quality is good. Proceed with assessment.,0
train,X sign,X sign train (260).jpg,train\X sign\X sign train (260).jpg,560.09,61.16,63.08,1.88,good,Image quality is good. Proceed with assessment.,0
train,X sign,X sign train (27).jpg,train\X sign\X sign train (27).jpg,608.67,62.52,58.46,2.05,good,Image quality is good. Proceed with assessment.,0
train,X sign,X sign train (28).jpg,train\X sign\X sign train (28).jpg,536.29,63.01,67.37,1.67,good,Image quality is good. Proceed with assessment.,0
train,X sign,X sign train (29).jpg,train\X sign\X sign train (29).jpg,534.57,62.72,67.17,1.67,good,Image quality is good. Proceed with assessment.,0
train,X sign,X sign train (3).jpg,train\X sign\X sign train (3).jpg,412.79,49.29,50.01,1.34,good,Image quality is good. Proceed with assessment.,0
train,X sign,X sign train (30).jpg,train\X sign\X sign train (30).jpg,531.99,62.53,67.17,1.66,good,Image quality is good. Proceed with assessment.,0
train,X sign,X sign train (31).jpg,train\X sign\X sign train (31).jpg,323.81,47.39,41.5,1.27,good,Image quality is good. Proceed with assessment.,0
train,X sign,X sign train (32).jpg,train\X sign\X sign train (32).jpg,324.44,47.39,41.48,1.27,good,Image quality is good. Proceed with assessment.,0
train,X sign,X sign train (33).jpg,train\X sign\X sign train (33).jpg,459.73,55.32,51.65,1.57,good,Image quality is good. Proceed with assessment.,0
train,X sign,X sign train (34).jpg,train\X sign\X sign train (34).jpg,461.81,55.23,51.62,1.57,good,Image quality is good. Proceed with assessment.,0
train,X sign,X sign train (35).jpg,train\X sign\X sign train (35).jpg,462.63,54.92,51.32,1.58,good,Image quality is good. Proceed with assessment.,0
train,X sign,X sign train (36).jpg,train\X sign\X sign train (36).jpg,464.86,54.49,50.96,1.58,good,Image quality is good. Proceed with assessment.,0
train,X sign,X sign train (37).jpg,train\X sign\X sign train (37).jpg,465.88,54.22,50.72,1.58,good,Image quality is good. Proceed with assessment.,0
train,X sign,X sign train (38).jpg,train\X sign\X sign train (38).jpg,474.51,55.84,49.39,1.62,good,Image quality is good. Proceed with assessment.,0
train,X sign,X sign train (39).jpg,train\X sign\X sign train (39).jpg,474.77,56.18,49.44,1.62,good,Image quality is good. Proceed with assessment.,0
train,X sign,X sign train (4).jpg,train\X sign\X sign train (4).jpg,411.71,49.07,49.75,1.34,good,Image quality is good. Proceed with assessment.,0
train,X sign,X sign train (40).jpg,train\X sign\X sign train (40).jpg,512.61,46.89,50.6,1.62,good,Image quality is good. Proceed with assessment.,0
train,X sign,X sign train (41).jpg,train\X sign\X sign train (41).jpg,513.22,46.85,50.61,1.62,good,Image quality is good. Proceed with assessment.,0
train,X sign,X sign train (42).jpg,train\X sign\X sign train (42).jpg,513.4,46.67,50.44,1.63,good,Image quality is good. Proceed with assessment.,0
train,X sign,X sign train (43).jpg,train\X sign\X sign train (43).jpg,503.41,47.0,50.56,1.58,good,Image quality is good. Proceed with assessment.,0
train,X sign,X sign train (44).jpg,train\X sign\X sign train (44).jpg,499.36,46.95,50.73,1.57,good,Image quality is good. Proceed with assessment.,0
train,X sign,X sign train (45).jpg,train\X sign\X sign train (45).jpg,506.41,46.12,49.28,1.61,good,Image quality is good. Proceed with assessment.,0
train,X sign,X sign train (46).jpg,train\X sign\X sign train (46).jpg,667.14,59.22,64.4,1.8,good,Image quality is good. Proceed with assessment.,0
train,X sign,X sign train (47).jpg,train\X sign\X sign train (47).jpg,665.35,59.11,64.32,1.8,good,Image quality is good. Proceed with assessment.,0
train,X sign,X sign train (48).jpg,train\X sign\X sign train (48).jpg,665.43,58.96,64.26,1.8,good,Image quality is good. Proceed with assessment.,0
train,X sign,X sign train (49).jpg,train\X sign\X sign train (49).jpg,666.23,58.77,64.15,1.81,good,Image quality is good. Proceed with assessment.,0
train,X sign,X sign train (5).jpg,train\X sign\X sign train (5).jpg,406.43,48.45,49.13,1.33,good,Image quality is good. Proceed with assessment.,0
train,X sign,X sign train (50).jpg,train\X sign\X sign train (50).jpg,576.85,57.22,48.97,1.82,good,Image quality is good. Proceed with assessment.,0
train,X sign,X sign train (51).jpg,train\X sign\X sign train (51).jpg,576.19,57.06,48.72,1.81,good,Image quality is good. Proceed with assessment.,0
train,X sign,X sign train (52).jpg,train\X sign\X sign train (52).jpg,540.8,41.99,47.0,1.81,good,Image quality is good. Proceed with assessment.,0
train,X sign,X sign train (53).jpg,train\X sign\X sign train (53).jpg,540.79,41.92,46.99,1.81,good,Image quality is good. Proceed with assessment.,0
train,X sign,X sign train (54).jpg,train\X sign\X sign train (54).jpg,541.35,41.83,46.95,1.81,good,Image quality is good. Proceed with assessment.,0
train,X sign,X sign train (55).jpg,train\X sign\X sign train (55).jpg,541.53,41.74,46.83,1.82,good,Image quality is good. Proceed with assessment.,0
train,X sign,X sign train (56).jpg,train\X sign\X sign train (56).jpg,502.3,52.86,51.45,1.68,good,Image quality is good. Proceed with assessment.,0
train,X sign,X sign train (57).jpg,train\X sign\X sign train (57).jpg,427.77,36.09,46.67,1.39,good,Image quality is good. Proceed with assessment.,0
train,X sign,X sign train (58).jpg,train\X sign\X sign train (58).jpg,433.19,36.94,46.47,1.36,good,Image quality is good. Proceed with assessment.,0
train,X sign,X sign train (59).jpg,train\X sign\X sign train (59).jpg,609.8,66.27,54.39,1.85,good,Image quality is good. Proceed with assessment.,0
train,X sign,X sign train (6).jpg,train\X sign\X sign train (6).jpg,376.01,47.81,48.23,1.29,good,Image quality is good. Proceed with assessment.,0
train,X sign,X sign train (60).jpg,train\X sign\X sign train (60).jpg,586.33,74.41,56.77,1.92,good,Image quality is good. Proceed with assessment.,0
train,X sign,X sign train (61).jpg,train\X sign\X sign train (61).jpg,588.51,73.8,56.69,1.92,good,Image quality is good. Proceed with assessment.,0
train,X sign,X sign train (62).jpg,train\X sign\X sign train (62).jpg,590.29,73.26,56.59,1.92,good,Image quality is good. Proceed with assessment.,0
train,X sign,X sign train (63).jpg,train\X sign\X sign train (63).jpg,591.56,72.82,56.49,1.92,good,Image quality is good. Proceed with assessment.,0
train,X sign,X sign train (64).jpg,train\X sign\X sign train (64).jpg,629.76,47.03,56.09,1.82,good,Image quality is good. Proceed with assessment.,0
train,X sign,X sign train (65).jpg,train\X sign\X sign train (65).jpg,607.28,47.48,56.47,1.85,good,Image quality is good. Proceed with assessment.,0
train,X sign,X sign train (66).jpg,train\X sign\X sign train (66).jpg,608.0,47.19,56.26,1.85,good,Image quality is good. Proceed with assessment.,0
train,X sign,X sign train (67).jpg,train\X sign\X sign train (67).jpg,607.8,47.02,56.11,1.85,good,Image quality is good. Proceed with assessment.,0
train,X sign,X sign train (68).jpg,train\X sign\X sign train (68).jpg,608.92,46.97,56.02,1.86,good,Image quality is good. Proceed with assessment.,0
train,X sign,X sign train (69).jpg,train\X sign\X sign train (69).jpg,608.45,46.82,55.8,1.86,good,Image quality is good. Proceed with assessment.,0
train,X sign,X sign train (7).jpg,train\X sign\X sign train (7).jpg,376.49,47.89,48.32,1.3,good,Image quality is good. Proceed with assessment.,0
train,X sign,X sign train (70).jpg,train\X sign\X sign train (70).jpg,609.0,46.49,55.46,1.86,good,Image quality is good. Proceed with assessment.,0
train,X sign,X sign train (71).jpg,train\X sign\X sign train (71).jpg,953.6,51.1,48.98,1.82,good,Image quality is good. Proceed with assessment.,0
train,X sign,X sign train (72).jpg,train\X sign\X sign train (72).jpg,952.25,35.92,40.66,1.7,good,Image quality is good. Proceed with assessment.,0
train,X sign,X sign train (73).jpg,train\X sign\X sign train (73).jpg,856.29,50.13,47.62,1.84,good,Image quality is good. Proceed with assessment.,0
train,X sign,X sign train (74).jpg,train\X sign\X sign train (74).jpg,855.31,48.9,48.88,1.74,good,Image quality is good. Proceed with assessment.,0
train,X sign,X sign train (75).jpg,train\X sign\X sign train (75).jpg,820.78,42.86,46.08,1.73,good,Image quality is good. Proceed with assessment.,0
train,X sign,X sign train (76).jpg,train\X sign\X sign train (76).jpg,871.76,44.06,47.73,1.74,good,Image quality is good. Proceed with assessment.,0
train,X sign,X sign train (77).jpg,train\X sign\X sign train (77).jpg,904.6,43.32,47.98,1.99,good,Image quality is good. Proceed with assessment.,0
train,X sign,X sign train (78).jpg,train\X sign\X sign train (78).jpg,923.9,42.25,47.29,1.78,good,Image quality is good. Proceed with assessment.,0
train,X sign,X sign train (79).jpg,train\X sign\X sign train (79).jpg,929.94,41.6,47.77,1.77,good,Image quality is good. Proceed with assessment.,0
train,X sign,X sign train (8).jpg,train\X sign\X sign train (8).jpg,377.37,48.02,48.44,1.3,good,Image quality is good. Proceed with assessment.,0
train,X sign,X sign train (80).jpg,train\X sign\X sign train (80).jpg,955.95,33.53,43.84,1.94,good,Image quality is good. Proceed with assessment.,0
train,X sign,X sign train (81).jpg,train\X sign\X sign train (81).jpg,436.1,67.08,57.76,1.5,good,Image quality is good. Proceed with assessment.,0
train,X sign,X sign train (82).jpg,train\X sign\X sign train (82).jpg,521.88,63.5,55.33,1.98,good,Image quality is good. Proceed with assessment.,0
train,X sign,X sign train (83).jpg,train\X sign\X sign train (83).jpg,521.86,63.11,55.24,1.98,good,Image quality is good. Proceed with assessment.,0
train,X sign,X sign train (84).jpg,train\X sign\X sign train (84).jpg,431.23,49.37,46.48,1.48,good,Image quality is good. Proceed with assessment.,0
train,X sign,X sign train (85).jpg,train\X sign\X sign train (85).jpg,431.07,49.08,46.35,1.49,good,Image quality is good. Proceed with assessment.,0
train,X sign,X sign train (86).jpg,train\X sign\X sign train (86).jpg,530.66,55.66,47.48,1.73,good,Image quality is good. Proceed with assessment.,0
train,X sign,X sign train (87).jpg,train\X sign\X sign train (87).jpg,531.03,55.52,47.48,1.74,good,Image quality is good. Proceed with assessment.,0
train,X sign,X sign train (88).jpg,train\X sign\X sign train (88).jpg,529.85,55.29,47.27,1.74,good,Image quality is good. Proceed with assessment.,0
train,X sign,X sign train (89).jpg,train\X sign\X sign train (89).jpg,529.62,55.02,47.14,1.74,good,Image quality is good. Proceed with assessment.,0
train,X sign,X sign train (9).jpg,train\X sign\X sign train (9).jpg,376.23,47.84,48.36,1.29,good,Image quality is good. Proceed with assessment.,0
train,X sign,X sign train (90).jpg,train\X sign\X sign train (90).jpg,503.82,47.88,44.05,1.64,good,Image quality is good. Proceed with assessment.,0
train,X sign,X sign train (91).jpg,train\X sign\X sign train (91).jpg,504.28,48.07,44.11,1.64,good,Image quality is good. Proceed with assessment.,0
train,X sign,X sign train (92).jpg,train\X sign\X sign train (92).jpg,446.23,40.21,50.57,1.45,good,Image quality is good. Proceed with assessment.,0
train,X sign,X sign train (93).jpg,train\X sign\X sign train (93).jpg,445.54,40.16,50.56,1.44,good,Image quality is good. Proceed with assessment.,0
train,X sign,X sign train (94).jpg,train\X sign\X sign train (94).jpg,443.96,39.99,50.36,1.44,good,Image quality is good. Proceed with assessment.,0
train,X sign,X sign train (95).jpg,train\X sign\X sign train (95).jpg,443.86,39.83,50.18,1.44,good,Image quality is good. Proceed with assessment.,0
train,X sign,X sign train (96).jpg,train\X sign\X sign train (96).jpg,442.62,39.77,50.5,1.45,good,Image quality is good. Proceed with assessment.,0
train,X sign,X sign train (97).jpg,train\X sign\X sign train (97).jpg,442.12,39.72,50.49,1.46,good,Image quality is good. Proceed with assessment.,0
train,X sign,X sign train (98).jpg,train\X sign\X sign train (98).jpg,441.36,39.65,50.47,1.46,good,Image quality is good. Proceed with assessment.,0
train,X sign,X sign train (99).jpg,train\X sign\X sign train (99).jpg,569.71,55.47,50.11,1.89,good,Image quality is good. Proceed with assessment.,0
valid,Aorta,Aorta valid (1).jpg,valid\Aorta\Aorta valid (1).jpg,502.25,73.04,45.78,1.74,good,Image quality is good. Proceed with assessment.,0
valid,Aorta,Aorta valid (10).jpg,valid\Aorta\Aorta valid (10).jpg,668.59,55.34,56.09,1.92,good,Image quality is good. Proceed with assessment.,0
valid,Aorta,Aorta valid (11).jpg,valid\Aorta\Aorta valid (11).jpg,586.48,35.04,42.76,1.77,good,Image quality is good. Proceed with assessment.,0
valid,Aorta,Aorta valid (12).jpg,valid\Aorta\Aorta valid (12).jpg,587.29,34.99,42.73,1.78,good,Image quality is good. Proceed with assessment.,0
valid,Aorta,Aorta valid (13).jpg,valid\Aorta\Aorta valid (13).jpg,586.2,34.88,42.6,1.78,good,Image quality is good. Proceed with assessment.,0
valid,Aorta,Aorta valid (14).jpg,valid\Aorta\Aorta valid (14).jpg,586.8,34.82,42.46,1.78,good,Image quality is good. Proceed with assessment.,0
valid,Aorta,Aorta valid (15).jpg,valid\Aorta\Aorta valid (15).jpg,407.89,55.04,56.84,1.3,good,Image quality is good. Proceed with assessment.,0
valid,Aorta,Aorta valid (16).jpg,valid\Aorta\Aorta valid (16).jpg,409.45,55.47,57.25,1.31,good,Image quality is good. Proceed with assessment.,0
valid,Aorta,Aorta valid (17).jpg,valid\Aorta\Aorta valid (17).jpg,413.94,55.92,57.4,1.32,good,Image quality is good. Proceed with assessment.,0
valid,Aorta,Aorta valid (18).jpg,valid\Aorta\Aorta valid (18).jpg,412.3,56.44,57.63,1.33,good,Image quality is good. Proceed with assessment.,0
valid,Aorta,Aorta valid (19).jpg,valid\Aorta\Aorta valid (19).jpg,439.79,54.09,58.46,1.39,good,Image quality is good. Proceed with assessment.,0
valid,Aorta,Aorta valid (2).jpg,valid\Aorta\Aorta valid (2).jpg,505.26,72.65,45.56,1.75,good,Image quality is good. Proceed with assessment.,0
valid,Aorta,Aorta valid (20).jpg,valid\Aorta\Aorta valid (20).jpg,441.23,53.95,58.41,1.39,good,Image quality is good. Proceed with assessment.,0
valid,Aorta,Aorta valid (21).jpg,valid\Aorta\Aorta valid (21).jpg,613.57,48.16,53.31,1.85,good,Image quality is good. Proceed with assessment.,0
valid,Aorta,Aorta valid (22).jpg,valid\Aorta\Aorta valid (22).jpg,613.76,48.11,53.27,1.85,good,Image quality is good. Proceed with assessment.,0
valid,Aorta,Aorta valid (23).jpg,valid\Aorta\Aorta valid (23).jpg,613.94,48.07,53.28,1.85,good,Image quality is good. Proceed with assessment.,0
valid,Aorta,Aorta valid (24).jpg,valid\Aorta\Aorta valid (24).jpg,614.5,48.06,53.32,1.85,good,Image quality is good. Proceed with assessment.,0
valid,Aorta,Aorta valid (25).jpg,valid\Aorta\Aorta valid (25).jpg,614.04,48.46,54.04,1.89,good,Image quality is good. Proceed with assessment.,0
valid,Aorta,Aorta valid (26).jpg,valid\Aorta\Aorta valid (26).jpg,613.23,48.37,54.03,1.89,good,Image quality is good. Proceed with assessment.,0
valid,Aorta,Aorta valid (27).jpg,valid\Aorta\Aorta valid (27).jpg,612.97,48.28,53.98,1.89,good,Image quality is good. Proceed with assessment.,0
valid,Aorta,Aorta valid (28).jpg,valid\Aorta\Aorta valid (28).jpg,612.71,48.11,53.86,1.9,good,Image quality is good. Proceed with assessment.,0
valid,Aorta,Aorta valid (29).jpg,valid\Aorta\Aorta valid (29).jpg,612.53,48.02,53.77,1.9,good,Image quality is good. Proceed with assessment.,0
valid,Aorta,Aorta valid (3).jpg,valid\Aorta\Aorta valid (3).jpg,506.4,72.14,45.14,1.75,good,Image quality is good. Proceed with assessment.,0
valid,Aorta,Aorta valid (30).jpg,valid\Aorta\Aorta valid (30).jpg,368.75,50.81,46.57,1.36,good,Image quality is good. Proceed with assessment.,0
valid,Aorta,Aorta valid (31).jpg,valid\Aorta\Aorta valid (31).jpg,614.72,42.87,46.15,1.82,good,Image quality is good. Proceed with assessment.,0
valid,Aorta,Aorta valid (32).jpg,valid\Aorta\Aorta valid (32).jpg,606.4,42.69,46.03,1.8,good,Image quality is good. Proceed with assessment.,0
valid,Aorta,Aorta valid (33).jpg,valid\Aorta\Aorta valid (33).jpg,608.53,42.49,45.81,1.8,good,Image quality is good. Proceed with assessment.,0
valid,Aorta,Aorta valid (34).jpg,valid\Aorta\Aorta valid (34).jpg,609.08,42.87,46.81,1.82,good,Image quality is good. Proceed with assessment.,0
valid,Aorta,Aorta valid (35).jpg,valid\Aorta\Aorta valid (35).jpg,609.25,42.78,46.64,1.81,good,Image quality is good. Proceed with assessment.,0
valid,Aorta,Aorta valid (36).jpg,valid\Aorta\Aorta valid (36).jpg,600.38,61.3,53.26,2.0,good,Image quality is good. Proceed with assessment.,0
valid,Aorta,Aorta valid (37).jpg,valid\Aorta\Aorta valid (37).jpg,597.72,60.96,53.07,1.99,good,Image quality is good. Proceed with assessment.,0
valid,Aorta,Aorta valid (38).jpg,valid\Aorta\Aorta valid (38).jpg,598.65,61.18,53.11,1.99,good,Image quality is good. Proceed with assessment.,0
valid,Aorta,Aorta valid (39).jpg,valid\Aorta\Aorta valid (39).jpg,598.79,61.12,53.05,2.0,good,Image quality is good. Proceed with assessment.,0
valid,Aorta,Aorta valid (4).jpg,valid\Aorta\Aorta valid (4).jpg,506.93,71.83,44.89,1.75,good,Image quality is good. Proceed with assessment.,0
valid,Aorta,Aorta valid (40).jpg,valid\Aorta\Aorta valid (40).jpg,597.66,60.81,52.89,2.0,good,Image quality is good. Proceed with assessment.,0
valid,Aorta,Aorta valid (41).jpg,valid\Aorta\Aorta valid (41).jpg,597.9,60.79,52.79,2.01,good,Image quality is good. Proceed with assessment.,0
valid,Aorta,Aorta valid (42).jpg,valid\Aorta\Aorta valid (42).jpg,598.3,60.72,52.68,2.02,good,Image quality is good. Proceed with assessment.,0
valid,Aorta,Aorta valid (43).jpg,valid\Aorta\Aorta valid (43).jpg,565.25,58.05,47.6,1.94,good,Image quality is good. Proceed with assessment.,0
valid,Aorta,Aorta valid (44).jpg,valid\Aorta\Aorta valid (44).jpg,563.92,57.97,47.53,1.93,good,Image quality is good. Proceed with assessment.,0
valid,Aorta,Aorta valid (45).jpg,valid\Aorta\Aorta valid (45).jpg,563.15,58.02,47.38,1.93,good,Image quality is good. Proceed with assessment.,0
valid,Aorta,Aorta valid (46).jpg,valid\Aorta\Aorta valid (46).jpg,563.43,57.93,47.11,1.93,good,Image quality is good. Proceed with assessment.,0
valid,Aorta,Aorta valid (47).jpg,valid\Aorta\Aorta valid (47).jpg,560.26,57.82,46.87,1.92,good,Image quality is good. Proceed with assessment.,0
valid,Aorta,Aorta valid (48).jpg,valid\Aorta\Aorta valid (48).jpg,594.4,46.91,63.51,1.76,good,Image quality is good. Proceed with assessment.,0
valid,Aorta,Aorta valid (49).jpg,valid\Aorta\Aorta valid (49).jpg,594.49,46.89,63.51,1.77,good,Image quality is good. Proceed with assessment.,0
valid,Aorta,Aorta valid (5).jpg,valid\Aorta\Aorta valid (5).jpg,506.68,71.46,44.77,1.75,good,Image quality is good. Proceed with assessment.,0
valid,Aorta,Aorta valid (50).jpg,valid\Aorta\Aorta valid (50).jpg,594.72,46.91,63.51,1.77,good,Image quality is good. Proceed with assessment.,0
valid,Aorta,Aorta valid (51).jpg,valid\Aorta\Aorta valid (51).jpg,594.9,46.88,63.48,1.77,good,Image quality is good. Proceed with assessment.,0
valid,Aorta,Aorta valid (52).jpg,valid\Aorta\Aorta valid (52).jpg,600.85,46.06,63.45,1.76,good,Image quality is good. Proceed with assessment.,0
valid,Aorta,Aorta valid (53).jpg,valid\Aorta\Aorta valid (53).jpg,601.42,46.03,63.48,1.77,good,Image quality is good. Proceed with assessment.,0
valid,Aorta,Aorta valid (54).jpg,valid\Aorta\Aorta valid (54).jpg,601.77,46.01,63.54,1.76,good,Image quality is good. Proceed with assessment.,0
valid,Aorta,Aorta valid (55).jpg,valid\Aorta\Aorta valid (55).jpg,618.94,68.76,57.92,1.88,good,Image quality is good. Proceed with assessment.,0
valid,Aorta,Aorta valid (56).jpg,valid\Aorta\Aorta valid (56).jpg,618.01,68.48,57.64,1.88,good,Image quality is good. Proceed with assessment.,0
valid,Aorta,Aorta valid (57).jpg,valid\Aorta\Aorta valid (57).jpg,617.66,68.19,57.28,1.88,good,Image quality is good. Proceed with assessment.,0
valid,Aorta,Aorta valid (58).jpg,valid\Aorta\Aorta valid (58).jpg,618.69,68.06,57.02,1.88,good,Image quality is good. Proceed with assessment.,0
valid,Aorta,Aorta valid (59).jpg,valid\Aorta\Aorta valid (59).jpg,620.35,68.1,56.9,1.89,good,Image quality is good. Proceed with assessment.,0
valid,Aorta,Aorta valid (6).jpg,valid\Aorta\Aorta valid (6).jpg,670.0,55.8,56.7,1.93,good,Image quality is good. Proceed with assessment.,0
valid,Aorta,Aorta valid (60).jpg,valid\Aorta\Aorta valid (60).jpg,642.4,70.52,60.72,1.91,good,Image quality is good. Proceed with assessment.,0
valid,Aorta,Aorta valid (61).jpg,valid\Aorta\Aorta valid (61).jpg,698.69,63.45,57.04,1.97,good,Image quality is good. Proceed with assessment.,0
valid,Aorta,Aorta valid (62).jpg,valid\Aorta\Aorta valid (62).jpg,698.98,63.33,57.0,1.97,good,Image quality is good. Proceed with assessment.,0
valid,Aorta,Aorta valid (63).jpg,valid\Aorta\Aorta valid (63).jpg,699.79,63.31,57.0,1.97,good,Image quality is good. Proceed with assessment.,0
valid,Aorta,Aorta valid (64).jpg,valid\Aorta\Aorta valid (64).jpg,698.84,63.1,56.84,1.97,good,Image quality is good. Proceed with assessment.,0
valid,Aorta,Aorta valid (65).jpg,valid\Aorta\Aorta valid (65).jpg,651.74,62.57,55.19,1.87,good,Image quality is good. Proceed with assessment.,0
valid,Aorta,Aorta valid (66).jpg,valid\Aorta\Aorta valid (66).jpg,631.81,68.42,56.51,1.93,good,Image quality is good. Proceed with assessment.,0
valid,Aorta,Aorta valid (67).jpg,valid\Aorta\Aorta valid (67).jpg,631.86,68.38,56.53,1.93,good,Image quality is good. Proceed with assessment.,0
valid,Aorta,Aorta valid (68).jpg,valid\Aorta\Aorta valid (68).jpg,624.96,68.41,55.9,1.9,good,Image quality is good. Proceed with assessment.,0
valid,Aorta,Aorta valid (69).jpg,valid\Aorta\Aorta valid (69).jpg,625.47,68.28,55.85,1.9,good,Image quality is good. Proceed with assessment.,0
valid,Aorta,Aorta valid (7).jpg,valid\Aorta\Aorta valid (7).jpg,669.61,55.66,56.57,1.93,good,Image quality is good. Proceed with assessment.,0
valid,Aorta,Aorta valid (70).jpg,valid\Aorta\Aorta valid (70).jpg,623.89,69.62,56.31,1.93,good,Image quality is good. Proceed with assessment.,0
valid,Aorta,Aorta valid (71).jpg,valid\Aorta\Aorta valid (71).jpg,624.18,69.64,56.31,1.93,good,Image quality is good. Proceed with assessment.,0
valid,Aorta,Aorta valid (72).jpg,valid\Aorta\Aorta valid (72).jpg,404.42,38.69,51.34,1.33,good,Image quality is good. Proceed with assessment.,0
valid,Aorta,Aorta valid (73).jpg,valid\Aorta\Aorta valid (73).jpg,404.25,38.7,51.34,1.33,good,Image quality is good. Proceed with assessment.,0
valid,Aorta,Aorta valid (74).jpg,valid\Aorta\Aorta valid (74).jpg,531.02,62.98,56.23,1.92,good,Image quality is good. Proceed with assessment.,0
valid,Aorta,Aorta valid (75).jpg,valid\Aorta\Aorta valid (75).jpg,530.21,62.94,56.2,1.91,good,Image quality is good. Proceed with assessment.,0
valid,Aorta,Aorta valid (76).jpg,valid\Aorta\Aorta valid (76).jpg,531.47,62.95,56.21,1.92,good,Image quality is good. Proceed with assessment.,0
valid,Aorta,Aorta valid (77).jpg,valid\Aorta\Aorta valid (77).jpg,530.22,62.83,56.15,1.92,good,Image quality is good. Proceed with assessment.,0
valid,Aorta,Aorta valid (78).jpg,valid\Aorta\Aorta valid (78).jpg,530.7,62.87,56.16,1.93,good,Image quality is good. Proceed with assessment.,0
valid,Aorta,Aorta valid (79).jpg,valid\Aorta\Aorta valid (79).jpg,531.15,62.87,56.18,1.93,good,Image quality is good. Proceed with assessment.,0
valid,Aorta,Aorta valid (8).jpg,valid\Aorta\Aorta valid (8).jpg,669.58,55.6,56.41,1.93,good,Image quality is good. Proceed with assessment.,0
valid,Aorta,Aorta valid (80).jpg,valid\Aorta\Aorta valid (80).jpg,536.04,61.74,55.26,1.96,good,Image quality is good. Proceed with assessment.,0
valid,Aorta,Aorta valid (81).jpg,valid\Aorta\Aorta valid (81).jpg,536.36,61.89,55.28,1.96,good,Image quality is good. Proceed with assessment.,0
valid,Aorta,Aorta valid (82).jpg,valid\Aorta\Aorta valid (82).jpg,536.34,61.89,55.22,1.96,good,Image quality is good. Proceed with assessment.,0
valid,Aorta,Aorta valid (83).jpg,valid\Aorta\Aorta valid (83).jpg,536.94,61.94,55.19,1.96,good,Image quality is good. Proceed with assessment.,0
valid,Aorta,Aorta valid (84).jpg,valid\Aorta\Aorta valid (84).jpg,537.32,62.0,55.25,1.96,good,Image quality is good. Proceed with assessment.,0
valid,Aorta,Aorta valid (85).jpg,valid\Aorta\Aorta valid (85).jpg,574.97,51.02,53.24,1.77,good,Image quality is good. Proceed with assessment.,0
valid,Aorta,Aorta valid (86).jpg,valid\Aorta\Aorta valid (86).jpg,575.55,50.95,53.28,1.78,good,Image quality is good. Proceed with assessment.,0
valid,Aorta,Aorta valid (87).jpg,valid\Aorta\Aorta valid (87).jpg,578.11,50.96,53.29,1.78,good,Image quality is good. Proceed with assessment.,0
valid,Aorta,Aorta valid (88).jpg,valid\Aorta\Aorta valid (88).jpg,582.13,51.03,53.18,1.78,good,Image quality is good. Proceed with assessment.,0
valid,Aorta,Aorta valid (89).jpg,valid\Aorta\Aorta valid (89).jpg,585.18,51.0,53.08,1.78,good,Image quality is good. Proceed with assessment.,0
valid,Aorta,Aorta valid (9).jpg,valid\Aorta\Aorta valid (9).jpg,668.73,55.5,56.26,1.93,good,Image quality is good. Proceed with assessment.,0
valid,Aorta,Aorta valid (90).jpg,valid\Aorta\Aorta valid (90).jpg,486.73,38.53,55.65,1.59,good,Image quality is good. Proceed with assessment.,0
valid,Aorta,Aorta valid (91).jpg,valid\Aorta\Aorta valid (91).jpg,486.7,38.62,55.75,1.59,good,Image quality is good. Proceed with assessment.,0
valid,Aorta,Aorta valid (92).jpg,valid\Aorta\Aorta valid (92).jpg,486.48,38.58,55.69,1.59,good,Image quality is good. Proceed with assessment.,0
valid,Aorta,Aorta valid (93).jpg,valid\Aorta\Aorta valid (93).jpg,481.86,37.97,55.12,1.58,good,Image quality is good. Proceed with assessment.,0
valid,Aorta,Aorta valid (94).jpg,valid\Aorta\Aorta valid (94).jpg,509.83,39.99,43.54,1.56,good,Image quality is good. Proceed with assessment.,0
valid,Aorta,Aorta valid (95).jpg,valid\Aorta\Aorta valid (95).jpg,515.22,39.57,43.37,1.57,good,Image quality is good. Proceed with assessment.,0
valid,Aorta,Aorta valid (96).jpg,valid\Aorta\Aorta valid (96).jpg,514.17,39.06,43.18,1.57,good,Image quality is good. Proceed with assessment.,0
valid,Flows,Flows valid (1).jpg,valid\Flows\Flows valid (1).jpg,506.0,78.05,46.85,1.76,good,Image quality is good. Proceed with assessment.,0
valid,Flows,Flows valid (10).jpg,valid\Flows\Flows valid (10).jpg,660.6,55.92,55.07,1.91,good,Image quality is good. Proceed with assessment.,0
valid,Flows,Flows valid (100).jpg,valid\Flows\Flows valid (100).jpg,560.67,69.68,72.52,1.59,good,Image quality is good. Proceed with assessment.,0
valid,Flows,Flows valid (101).jpg,valid\Flows\Flows valid (101).jpg,560.11,69.73,72.63,1.59,good,Image quality is good. Proceed with assessment.,0
valid,Flows,Flows valid (102).jpg,valid\Flows\Flows valid (102).jpg,562.03,69.98,72.86,1.59,good,Image quality is good. Proceed with assessment.,0
valid,Flows,Flows valid (103).jpg,valid\Flows\Flows valid (103).jpg,562.99,70.17,73.12,1.6,good,Image quality is good. Proceed with assessment.,0
valid,Flows,Flows valid (104).jpg,valid\Flows\Flows valid (104).jpg,675.31,64.06,57.51,1.97,good,Image quality is good. Proceed with assessment.,0
valid,Flows,Flows valid (105).jpg,valid\Flows\Flows valid (105).jpg,699.31,63.43,57.03,1.97,good,Image quality is good. Proceed with assessment.,0
valid,Flows,Flows valid (106).jpg,valid\Flows\Flows valid (106).jpg,699.13,63.52,57.03,1.97,good,Image quality is good. Proceed with assessment.,0
valid,Flows,Flows valid (107).jpg,valid\Flows\Flows valid (107).jpg,625.13,69.19,56.27,1.91,good,Image quality is good. Proceed with assessment.,0
valid,Flows,Flows valid (108).jpg,valid\Flows\Flows valid (108).jpg,626.24,67.71,56.2,1.91,good,Image quality is good. Proceed with assessment.,0
valid,Flows,Flows valid (109).jpg,valid\Flows\Flows valid (109).jpg,608.97,68.65,55.97,1.9,good,Image quality is good. Proceed with assessment.,0
valid,Flows,Flows valid (11).jpg,valid\Flows\Flows valid (11).jpg,667.09,56.04,56.78,1.93,good,Image quality is good. Proceed with assessment.,0
valid,Flows,Flows valid (110).jpg,valid\Flows\Flows valid (110).jpg,608.77,68.65,55.94,1.9,good,Image quality is good. Proceed with assessment.,0
valid,Flows,Flows valid (111).jpg,valid\Flows\Flows valid (111).jpg,634.19,67.72,56.46,1.91,good,Image quality is good. Proceed with assessment.,0
valid,Flows,Flows valid (112).jpg,valid\Flows\Flows valid (112).jpg,634.1,67.81,56.54,1.91,good,Image quality is good. Proceed with assessment.,0
valid,Flows,Flows valid (113).jpg,valid\Flows\Flows valid (113).jpg,634.19,67.68,56.43,1.92,good,Image quality is good. Proceed with assessment.,0
valid,Flows,Flows valid (114).jpg,valid\Flows\Flows valid (114).jpg,632.73,68.58,56.82,1.92,good,Image quality is good. Proceed with assessment.,0
valid,Flows,Flows valid (115).jpg,valid\Flows\Flows valid (115).jpg,632.32,68.55,56.75,1.92,good,Image quality is good. Proceed with assessment.,0
valid,Flows,Flows valid (116).jpg,valid\Flows\Flows valid (116).jpg,623.42,68.83,56.67,1.91,good,Image quality is good. Proceed with assessment.,0
valid,Flows,Flows valid (117).jpg,valid\Flows\Flows valid (117).jpg,624.16,68.85,56.5,1.91,good,Image quality is good. Proceed with assessment.,0
valid,Flows,Flows valid (118).jpg,valid\Flows\Flows valid (118).jpg,625.16,68.96,56.19,1.91,good,Image quality is good. Proceed with assessment.,0
valid,Flows,Flows valid (119).jpg,valid\Flows\Flows valid (119).jpg,382.3,47.37,55.53,1.31,good,Image quality is good. Proceed with assessment.,0
valid,Flows,Flows valid (12).jpg,valid\Flows\Flows valid (12).jpg,667.73,56.45,57.06,1.93,good,Image quality is good. Proceed with assessment.,0
valid,Flows,Flows valid (120).jpg,valid\Flows\Flows valid (120).jpg,382.75,47.58,55.6,1.31,good,Image quality is good. Proceed with assessment.,0
valid,Flows,Flows valid (121).jpg,valid\Flows\Flows valid (121).jpg,380.8,46.66,54.99,1.3,good,Image quality is good. Proceed with assessment.,0
valid,Flows,Flows valid (122).jpg,valid\Flows\Flows valid (122).jpg,384.0,46.61,55.09,1.31,good,Image quality is good. Proceed with assessment.,0
valid,Flows,Flows valid (123).jpg,valid\Flows\Flows valid (123).jpg,384.79,46.19,54.72,1.31,good,Image quality is good. Proceed with assessment.,0
valid,Flows,Flows valid (124).jpg,valid\Flows\Flows valid (124).jpg,592.01,56.4,59.52,1.98,good,Image quality is good. Proceed with assessment.,0
valid,Flows,Flows valid (125).jpg,valid\Flows\Flows valid (125).jpg,594.77,56.02,59.69,2.0,good,Image quality is good. Proceed with assessment.,0
valid,Flows,Flows valid (126).jpg,valid\Flows\Flows valid (126).jpg,595.24,56.12,59.89,2.01,good,Image quality is good. Proceed with assessment.,0
valid,Flows,Flows valid (127).jpg,valid\Flows\Flows valid (127).jpg,421.95,43.73,44.18,1.46,good,Image quality is good. Proceed with assessment.,0
valid,Flows,Flows valid (128).jpg,valid\Flows\Flows valid (128).jpg,423.26,43.6,44.06,1.46,good,Image quality is good. Proceed with assessment.,0
valid,Flows,Flows valid (129).jpg,valid\Flows\Flows valid (129).jpg,516.71,84.62,53.41,1.85,good,Image quality is good. Proceed with assessment.,0
valid,Flows,Flows valid (13).jpg,valid\Flows\Flows valid (13).jpg,668.39,56.4,56.96,1.93,good,Image quality is good. Proceed with assessment.,0
valid,Flows,Flows valid (130).jpg,valid\Flows\Flows valid (130).jpg,517.09,84.81,53.53,1.85,good,Image quality is good. Proceed with assessment.,0
valid,Flows,Flows valid (131).jpg,valid\Flows\Flows valid (131).jpg,535.62,68.05,46.87,1.79,good,Image quality is good. Proceed with assessment.,0
valid,Flows,Flows valid (132).jpg,valid\Flows\Flows valid (132).jpg,536.22,68.87,46.91,1.78,good,Image quality is good. Proceed with assessment.,0
valid,Flows,Flows valid (133).jpg,valid\Flows\Flows valid (133).jpg,553.09,70.87,57.31,1.84,good,Image quality is good. Proceed with assessment.,0
valid,Flows,Flows valid (134).jpg,valid\Flows\Flows valid (134).jpg,550.17,70.95,57.61,1.84,good,Image quality is good. Proceed with assessment.,0
valid,Flows,Flows valid (135).jpg,valid\Flows\Flows valid (135).jpg,550.72,70.68,57.63,1.84,good,Image quality is good. Proceed with assessment.,0
valid,Flows,Flows valid (136).jpg,valid\Flows\Flows valid (136).jpg,552.13,70.57,57.4,1.84,good,Image quality is good. Proceed with assessment.,0
valid,Flows,Flows valid (137).jpg,valid\Flows\Flows valid (137).jpg,545.7,73.6,56.79,1.88,good,Image quality is good. Proceed with assessment.,0
valid,Flows,Flows valid (138).jpg,valid\Flows\Flows valid (138).jpg,546.4,73.86,57.07,1.88,good,Image quality is good. Proceed with assessment.,0
valid,Flows,Flows valid (139).jpg,valid\Flows\Flows valid (139).jpg,370.51,25.57,46.1,1.29,good,Image quality is good. Proceed with assessment.,0
valid,Flows,Flows valid (14).jpg,valid\Flows\Flows valid (14).jpg,507.19,64.77,54.36,1.68,good,Image quality is good. Proceed with assessment.,0
valid,Flows,Flows valid (140).jpg,valid\Flows\Flows valid (140).jpg,371.53,25.31,45.78,1.29,good,Image quality is good. Proceed with assessment.,0
valid,Flows,Flows valid (141).jpg,valid\Flows\Flows valid (141).jpg,371.17,24.73,45.59,1.26,good,Image quality is good. Proceed with assessment.,0
valid,Flows,Flows valid (142).jpg,valid\Flows\Flows valid (142).jpg,595.51,58.31,51.84,1.9,good,Image quality is good. Proceed with assessment.,0
valid,Flows,Flows valid (143).jpg,valid\Flows\Flows valid (143).jpg,593.65,58.5,51.97,1.88,good,Image quality is good. Proceed with assessment.,0
valid,Flows,Flows valid (144).jpg,valid\Flows\Flows valid (144).jpg,598.68,58.47,51.78,1.89,good,Image quality is good. Proceed with assessment.,0
valid,Flows,Flows valid (145).jpg,valid\Flows\Flows valid (145).jpg,599.29,52.52,53.72,1.79,good,Image quality is good. Proceed with assessment.,0
valid,Flows,Flows valid (146).jpg,valid\Flows\Flows valid (146).jpg,534.7,68.72,50.64,1.9,good,Image quality is good. Proceed with assessment.,0
valid,Flows,Flows valid (147).jpg,valid\Flows\Flows valid (147).jpg,542.34,68.61,50.67,1.91,good,Image quality is good. Proceed with assessment.,0
valid,Flows,Flows valid (148).jpg,valid\Flows\Flows valid (148).jpg,547.55,68.43,50.64,1.92,good,Image quality is good. Proceed with assessment.,0
valid,Flows,Flows valid (149).jpg,valid\Flows\Flows valid (149).jpg,530.6,59.99,40.49,2.03,good,Image quality is good. Proceed with assessment.,0
valid,Flows,Flows valid (15).jpg,valid\Flows\Flows valid (15).jpg,508.44,64.6,54.22,1.67,good,Image quality is good. Proceed with assessment.,0
valid,Flows,Flows valid (150).jpg,valid\Flows\Flows valid (150).jpg,535.79,59.74,40.12,2.04,good,Image quality is good. Proceed with assessment.,0
valid,Flows,Flows valid (151).jpg,valid\Flows\Flows valid (151).jpg,536.24,59.5,39.75,2.05,good,Image quality is good. Proceed with assessment.,0
valid,Flows,Flows valid (152).jpg,valid\Flows\Flows valid (152).jpg,565.57,55.31,62.48,1.64,good,Image quality is good. Proceed with assessment.,0
valid,Flows,Flows valid (153).jpg,valid\Flows\Flows valid (153).jpg,565.15,55.31,62.23,1.64,good,Image quality is good. Proceed with assessment.,0
valid,Flows,Flows valid (154).jpg,valid\Flows\Flows valid (154).jpg,671.79,62.55,64.86,2.1,good,Image quality is good. Proceed with assessment.,0
valid,Flows,Flows valid (155).jpg,valid\Flows\Flows valid (155).jpg,536.77,36.86,52.16,1.51,good,Image quality is good. Proceed with assessment.,0
valid,Flows,Flows valid (156).jpg,valid\Flows\Flows valid (156).jpg,542.93,36.99,52.32,1.52,good,Image quality is good. Proceed with assessment.,0
valid,Flows,Flows valid (157).jpg,valid\Flows\Flows valid (157).jpg,548.96,38.06,52.93,1.53,good,Image quality is good. Proceed with assessment.,0
valid,Flows,Flows valid (158).jpg,valid\Flows\Flows valid (158).jpg,549.57,38.05,52.87,1.53,good,Image quality is good. Proceed with assessment.,0
valid,Flows,Flows valid (159).jpg,valid\Flows\Flows valid (159).jpg,589.3,53.22,60.15,1.88,good,Image quality is good. Proceed with assessment.,0
valid,Flows,Flows valid (16).jpg,valid\Flows\Flows valid (16).jpg,445.95,52.7,57.96,1.39,good,Image quality is good. Proceed with assessment.,0
valid,Flows,Flows valid (160).jpg,valid\Flows\Flows valid (160).jpg,591.12,53.2,60.13,1.88,good,Image quality is good. Proceed with assessment.,0
valid,Flows,Flows valid (161).jpg,valid\Flows\Flows valid (161).jpg,554.91,62.58,60.66,1.91,good,Image quality is good. Proceed with assessment.,0
valid,Flows,Flows valid (162).jpg,valid\Flows\Flows valid (162).jpg,554.98,62.64,60.8,1.91,good,Image quality is good. Proceed with assessment.,0
valid,Flows,Flows valid (163).jpg,valid\Flows\Flows valid (163).jpg,551.9,60.45,60.29,1.88,good,Image quality is good. Proceed with assessment.,0
valid,Flows,Flows valid (164).jpg,valid\Flows\Flows valid (164).jpg,551.44,60.66,60.56,1.89,good,Image quality is good. Proceed with assessment.,0
valid,Flows,Flows valid (165).jpg,valid\Flows\Flows valid (165).jpg,514.91,46.99,48.38,1.6,good,Image quality is good. Proceed with assessment.,0
valid,Flows,Flows valid (166).jpg,valid\Flows\Flows valid (166).jpg,514.26,46.7,48.17,1.6,good,Image quality is good. Proceed with assessment.,0
valid,Flows,Flows valid (167).jpg,valid\Flows\Flows valid (167).jpg,531.9,57.61,53.93,1.67,good,Image quality is good. Proceed with assessment.,0
valid,Flows,Flows valid (168).jpg,valid\Flows\Flows valid (168).jpg,532.26,57.49,53.74,1.67,good,Image quality is good. Proceed with assessment.,0
valid,Flows,Flows valid (169).jpg,valid\Flows\Flows valid (169).jpg,546.83,57.12,52.93,1.68,good,Image quality is good. Proceed with assessment.,0
valid,Flows,Flows valid (17).jpg,valid\Flows\Flows valid (17).jpg,443.36,53.02,57.82,1.38,good,Image quality is good. Proceed with assessment.,0
valid,Flows,Flows valid (170).jpg,valid\Flows\Flows valid (170).jpg,540.65,59.79,52.85,1.65,good,Image quality is good. Proceed with assessment.,0
valid,Flows,Flows valid (171).jpg,valid\Flows\Flows valid (171).jpg,538.51,58.98,52.11,1.65,good,Image quality is good. Proceed with assessment.,0
valid,Flows,Flows valid (172).jpg,valid\Flows\Flows valid (172).jpg,539.16,59.45,52.66,1.65,good,Image quality is good. Proceed with assessment.,0
valid,Flows,Flows valid (173).jpg,valid\Flows\Flows valid (173).jpg,546.64,60.72,51.44,1.66,good,Image quality is good. Proceed with assessment.,0
valid,Flows,Flows valid (174).jpg,valid\Flows\Flows valid (174).jpg,548.43,60.85,51.91,1.67,good,Image quality is good. Proceed with assessment.,0
valid,Flows,Flows valid (175).jpg,valid\Flows\Flows valid (175).jpg,547.19,60.41,51.71,1.67,good,Image quality is good. Proceed with assessment.,0
valid,Flows,Flows valid (18).jpg,valid\Flows\Flows valid (18).jpg,451.65,29.82,44.93,1.5,good,Image quality is good. Proceed with assessment.,0
valid,Flows,Flows valid (19).jpg,valid\Flows\Flows valid (19).jpg,452.16,30.04,45.22,1.49,good,Image quality is good. Proceed with assessment.,0
valid,Flows,Flows valid (2).jpg,valid\Flows\Flows valid (2).jpg,506.45,78.52,47.28,1.76,good,Image quality is good. Proceed with assessment.,0
valid,Flows,Flows valid (20).jpg,valid\Flows\Flows valid (20).jpg,401.65,48.77,53.58,1.29,good,Image quality is good. Proceed with assessment.,0
valid,Flows,Flows valid (21).jpg,valid\Flows\Flows valid (21).jpg,408.17,50.92,52.05,1.32,good,Image quality is good. Proceed with assessment.,0
valid,Flows,Flows valid (22).jpg,valid\Flows\Flows valid (22).jpg,407.47,51.6,52.34,1.33,good,Image quality is good. Proceed with assessment.,0
valid,Flows,Flows valid (23).jpg,valid\Flows\Flows valid (23).jpg,406.96,51.64,52.52,1.33,good,Image quality is good. Proceed with assessment.,0
valid,Flows,Flows valid (24).jpg,valid\Flows\Flows valid (24).jpg,408.46,51.28,52.42,1.33,good,Image quality is good. Proceed with assessment.,0
valid,Flows,Flows valid (25).jpg,valid\Flows\Flows valid (25).jpg,407.21,50.88,52.54,1.33,good,Image quality is good. Proceed with assessment.,0
valid,Flows,Flows valid (26).jpg,valid\Flows\Flows valid (26).jpg,408.56,51.18,52.38,1.33,good,Image quality is good. Proceed with assessment.,0
valid,Flows,Flows valid (27).jpg,valid\Flows\Flows valid (27).jpg,409.72,51.6,52.88,1.34,good,Image quality is good. Proceed with assessment.,0
valid,Flows,Flows valid (28).jpg,valid\Flows\Flows valid (28).jpg,410.18,51.42,52.43,1.34,good,Image quality is good. Proceed with assessment.,0
valid,Flows,Flows valid (29).jpg,valid\Flows\Flows valid (29).jpg,411.07,52.02,52.75,1.33,good,Image quality is good. Proceed with assessment.,0
valid,Flows,Flows valid (3).jpg,valid\Flows\Flows valid (3).jpg,506.84,78.44,47.19,1.75,good,Image quality is good. Proceed with assessment.,0
valid,Flows,Flows valid (30).jpg,valid\Flows\Flows valid (30).jpg,403.47,51.8,52.36,1.33,good,Image quality is good. Proceed with assessment.,0
valid,Flows,Flows valid (31).jpg,valid\Flows\Flows valid (31).jpg,409.42,52.11,52.48,1.34,good,Image quality is good. Proceed with assessment.,0
valid,Flows,Flows valid (32).jpg,valid\Flows\Flows valid (32).jpg,409.95,52.11,52.6,1.35,good,Image quality is good. Proceed with assessment.,0
valid,Flows,Flows valid (33).jpg,valid\Flows\Flows valid (33).jpg,411.15,51.74,52.0,1.35,good,Image quality is good. Proceed with assessment.,0
valid,Flows,Flows valid (34).jpg,valid\Flows\Flows valid (34).jpg,412.75,52.02,52.54,1.35,good,Image quality is good. Proceed with assessment.,0
valid,Flows,Flows valid (35).jpg,valid\Flows\Flows valid (35).jpg,386.61,37.25,41.88,1.25,good,Image quality is good. Proceed with assessment.,0
valid,Flows,Flows valid (36).jpg,valid\Flows\Flows valid (36).jpg,388.47,37.1,41.5,1.24,good,Image quality is good. Proceed with assessment.,0
valid,Flows,Flows valid (37).jpg,valid\Flows\Flows valid (37).jpg,371.74,52.45,47.93,1.35,good,Image quality is good. Proceed with assessment.,0
valid,Flows,Flows valid (38).jpg,valid\Flows\Flows valid (38).jpg,371.97,53.06,48.6,1.35,good,Image quality is good. Proceed with assessment.,0
valid,Flows,Flows valid (39).jpg,valid\Flows\Flows valid (39).jpg,372.06,53.2,48.75,1.35,good,Image quality is good. Proceed with assessment.,0
valid,Flows,Flows valid (4).jpg,valid\Flows\Flows valid (4).jpg,506.23,78.15,46.97,1.75,good,Image quality is good. Proceed with assessment.,0
valid,Flows,Flows valid (40).jpg,valid\Flows\Flows valid (40).jpg,373.2,52.88,48.4,1.35,good,Image quality is good. Proceed with assessment.,0
valid,Flows,Flows valid (41).jpg,valid\Flows\Flows valid (41).jpg,367.41,51.35,47.97,1.32,good,Image quality is good. Proceed with assessment.,0
valid,Flows,Flows valid (42).jpg,valid\Flows\Flows valid (42).jpg,368.81,50.69,47.28,1.33,good,Image quality is good. Proceed with assessment.,0
valid,Flows,Flows valid (43).jpg,valid\Flows\Flows valid (43).jpg,445.23,90.06,47.88,2.03,good,Image quality is good. Proceed with assessment.,0
valid,Flows,Flows valid (44).jpg,valid\Flows\Flows valid (44).jpg,428.72,91.11,48.03,2.02,good,Image quality is good. Proceed with assessment.,0
valid,Flows,Flows valid (45).jpg,valid\Flows\Flows valid (45).jpg,430.89,91.24,48.01,2.03,good,Image quality is good. Proceed with assessment.,0
valid,Flows,Flows valid (46).jpg,valid\Flows\Flows valid (46).jpg,437.19,90.98,47.97,2.06,good,Image quality is good. Proceed with assessment.,0
valid,Flows,Flows valid (47).jpg,valid\Flows\Flows valid (47).jpg,432.8,91.72,48.04,2.07,good,Image quality is good. Proceed with assessment.,0
valid,Flows,Flows valid (48).jpg,valid\Flows\Flows valid (48).jpg,430.57,91.95,48.18,2.07,good,Image quality is good. Proceed with assessment.,0
valid,Flows,Flows valid (49).jpg,valid\Flows\Flows valid (49).jpg,622.62,66.96,58.01,1.91,good,Image quality is good. Proceed with assessment.,0
valid,Flows,Flows valid (5).jpg,valid\Flows\Flows valid (5).jpg,512.35,81.69,48.41,1.76,good,Image quality is good. Proceed with assessment.,0
valid,Flows,Flows valid (50).jpg,valid\Flows\Flows valid (50).jpg,622.51,67.13,58.11,1.91,good,Image quality is good. Proceed with assessment.,0
valid,Flows,Flows valid (51).jpg,valid\Flows\Flows valid (51).jpg,623.54,67.11,58.01,1.91,good,Image quality is good. Proceed with assessment.,0
valid,Flows,Flows valid (52).jpg,valid\Flows\Flows valid (52).jpg,607.45,67.67,56.79,1.88,good,Image quality is good. Proceed with assessment.,0
valid,Flows,Flows valid (53).jpg,valid\Flows\Flows valid (53).jpg,608.42,67.82,56.91,1.89,good,Image quality is good. Proceed with assessment.,0
valid,Flows,Flows valid (54).jpg,valid\Flows\Flows valid (54).jpg,610.64,68.04,56.94,1.9,good,Image quality is good. Proceed with assessment.,0
valid,Flows,Flows valid (55).jpg,valid\Flows\Flows valid (55).jpg,611.19,68.13,57.04,1.91,good,Image quality is good. Proceed with assessment.,0
valid,Flows,Flows valid (56).jpg,valid\Flows\Flows valid (56).jpg,654.76,67.68,57.17,1.92,good,Image quality is good. Proceed with assessment.,0
valid,Flows,Flows valid (57).jpg,valid\Flows\Flows valid (57).jpg,637.15,68.16,57.41,1.87,good,Image quality is good. Proceed with assessment.,0
valid,Flows,Flows valid (58).jpg,valid\Flows\Flows valid (58).jpg,637.41,70.29,58.0,1.89,good,Image quality is good. Proceed with assessment.,0
valid,Flows,Flows valid (59).jpg,valid\Flows\Flows valid (59).jpg,642.78,70.61,57.79,1.91,good,Image quality is good. Proceed with assessment.,0
valid,Flows,Flows valid (6).jpg,valid\Flows\Flows valid (6).jpg,513.68,82.27,48.9,1.77,good,Image quality is good. Proceed with assessment.,0
valid,Flows,Flows valid (60).jpg,valid\Flows\Flows valid (60).jpg,643.03,70.9,57.89,1.91,good,Image quality is good. Proceed with assessment.,0
valid,Flows,Flows valid (61).jpg,valid\Flows\Flows valid (61).jpg,647.82,69.92,57.51,1.92,good,Image quality is good. Proceed with assessment.,0
valid,Flows,Flows valid (62).jpg,valid\Flows\Flows valid (62).jpg,648.09,69.94,57.61,1.92,good,Image quality is good. Proceed with assessment.,0
valid,Flows,Flows valid (63).jpg,valid\Flows\Flows valid (63).jpg,646.37,68.25,57.32,1.91,good,Image quality is good. Proceed with assessment.,0
valid,Flows,Flows valid (64).jpg,valid\Flows\Flows valid (64).jpg,652.37,66.87,56.78,1.93,good,Image quality is good. Proceed with assessment.,0
valid,Flows,Flows valid (65).jpg,valid\Flows\Flows valid (65).jpg,399.78,37.05,43.56,1.33,good,Image quality is good. Proceed with assessment.,0
valid,Flows,Flows valid (66).jpg,valid\Flows\Flows valid (66).jpg,608.95,43.14,46.83,1.81,good,Image quality is good. Proceed with assessment.,0
valid,Flows,Flows valid (67).jpg,valid\Flows\Flows valid (67).jpg,603.39,62.81,52.81,2.04,good,Image quality is good. Proceed with assessment.,0
valid,Flows,Flows valid (68).jpg,valid\Flows\Flows valid (68).jpg,603.45,63.12,52.97,2.04,good,Image quality is good. Proceed with assessment.,0
valid,Flows,Flows valid (69).jpg,valid\Flows\Flows valid (69).jpg,610.6,63.52,53.59,2.04,good,Image quality is good. Proceed with assessment.,0
valid,Flows,Flows valid (7).jpg,valid\Flows\Flows valid (7).jpg,513.07,82.33,49.01,1.77,good,Image quality is good. Proceed with assessment.,0
valid,Flows,Flows valid (70).jpg,valid\Flows\Flows valid (70).jpg,611.52,63.54,53.6,2.04,good,Image quality is good. Proceed with assessment.,0
valid,Flows,Flows valid (71).jpg,valid\Flows\Flows valid (71).jpg,536.16,65.25,48.85,1.93,good,Image quality is good. Proceed with assessment.,0
valid,Flows,Flows valid (72).jpg,valid\Flows\Flows valid (72).jpg,535.8,65.62,48.98,1.93,good,Image quality is good. Proceed with assessment.,0
valid,Flows,Flows valid (73).jpg,valid\Flows\Flows valid (73).jpg,578.39,48.69,63.84,1.79,good,Image quality is good. Proceed with assessment.,0
valid,Flows,Flows valid (74).jpg,valid\Flows\Flows valid (74).jpg,580.34,48.83,64.06,1.79,good,Image quality is good. Proceed with assessment.,0
valid,Flows,Flows valid (75).jpg,valid\Flows\Flows valid (75).jpg,587.55,48.83,64.13,1.79,good,Image quality is good. Proceed with assessment.,0
valid,Flows,Flows valid (76).jpg,valid\Flows\Flows valid (76).jpg,598.59,47.33,62.96,1.76,good,Image quality is good. Proceed with assessment.,0
valid,Flows,Flows valid (77).jpg,valid\Flows\Flows valid (77).jpg,593.77,47.1,63.35,1.75,good,Image quality is good. Proceed with assessment.,0
valid,Flows,Flows valid (78).jpg,valid\Flows\Flows valid (78).jpg,593.79,47.12,63.38,1.75,good,Image quality is good. Proceed with assessment.,0
valid,Flows,Flows valid (79).jpg,valid\Flows\Flows valid (79).jpg,620.9,67.39,55.85,1.9,good,Image quality is good. Proceed with assessment.,0
valid,Flows,Flows valid (8).jpg,valid\Flows\Flows valid (8).jpg,505.08,77.75,47.43,1.75,good,Image quality is good. Proceed with assessment.,0
valid,Flows,Flows valid (80).jpg,valid\Flows\Flows valid (80).jpg,618.94,67.27,55.67,1.9,good,Image quality is good. Proceed with assessment.,0
valid,Flows,Flows valid (81).jpg,valid\Flows\Flows valid (81).jpg,618.43,67.1,55.44,1.9,good,Image quality is good. Proceed with assessment.,0
valid,Flows,Flows valid (82).jpg,valid\Flows\Flows valid (82).jpg,618.03,66.7,55.1,1.9,good,Image quality is good. Proceed with assessment.,0
valid,Flows,Flows valid (83).jpg,valid\Flows\Flows valid (83).jpg,603.37,65.42,54.67,1.9,good,Image quality is good. Proceed with assessment.,0
valid,Flows,Flows valid (84).jpg,valid\Flows\Flows valid (84).jpg,602.49,65.88,54.94,1.89,good,Image quality is good. Proceed with assessment.,0
valid,Flows,Flows valid (85).jpg,valid\Flows\Flows valid (85).jpg,623.49,76.39,55.77,1.96,good,Image quality is good. Proceed with assessment.,0
valid,Flows,Flows valid (86).jpg,valid\Flows\Flows valid (86).jpg,622.09,77.01,56.12,1.96,good,Image quality is good. Proceed with assessment.,0
valid,Flows,Flows valid (87).jpg,valid\Flows\Flows valid (87).jpg,623.3,77.4,56.43,1.97,good,Image quality is good. Proceed with assessment.,0
valid,Flows,Flows valid (88).jpg,valid\Flows\Flows valid (88).jpg,636.95,75.21,57.71,1.98,good,Image quality is good. Proceed with assessment.,0
valid,Flows,Flows valid (89).jpg,valid\Flows\Flows valid (89).jpg,637.15,75.36,57.63,1.98,good,Image quality is good. Proceed with assessment.,0
valid,Flows,Flows valid (9).jpg,valid\Flows\Flows valid (9).jpg,503.27,76.96,47.39,1.74,good,Image quality is good. Proceed with assessment.,0
valid,Flows,Flows valid (90).jpg,valid\Flows\Flows valid (90).jpg,634.58,75.64,57.5,1.97,good,Image quality is good. Proceed with assessment.,0
valid,Flows,Flows valid (91).jpg,valid\Flows\Flows valid (91).jpg,400.48,45.03,55.18,1.33,good,Image quality is good. Proceed with assessment.,0
valid,Flows,Flows valid (92).jpg,valid\Flows\Flows valid (92).jpg,543.62,54.45,53.87,1.81,good,Image quality is good. Proceed with assessment.,0
valid,Flows,Flows valid (93).jpg,valid\Flows\Flows valid (93).jpg,543.25,54.66,54.07,1.81,good,Image quality is good. Proceed with assessment.,0
valid,Flows,Flows valid (94).jpg,valid\Flows\Flows valid (94).jpg,542.41,55.16,54.58,1.81,good,Image quality is good. Proceed with assessment.,0
valid,Flows,Flows valid (95).jpg,valid\Flows\Flows valid (95).jpg,542.21,55.03,54.49,1.81,good,Image quality is good. Proceed with assessment.,0
valid,Flows,Flows valid (96).jpg,valid\Flows\Flows valid (96).jpg,539.86,54.56,53.95,1.8,good,Image quality is good. Proceed with assessment.,0
valid,Flows,Flows valid (97).jpg,valid\Flows\Flows valid (97).jpg,539.34,54.66,54.22,1.8,good,Image quality is good. Proceed with assessment.,0
valid,Flows,Flows valid (98).jpg,valid\Flows\Flows valid (98).jpg,540.4,54.84,54.58,1.8,good,Image quality is good. Proceed with assessment.,0
valid,Flows,Flows valid (99).jpg,valid\Flows\Flows valid (99).jpg,539.9,54.78,54.5,1.8,good,Image quality is good. Proceed with assessment.,0
valid,Other,Other valid (1).jpg,valid\Other\Other valid (1).jpg,614.34,50.65,42.27,2.08,good,Image quality is good. Proceed with assessment.,0
valid,Other,Other valid (10).jpg,valid\Other\Other valid (10).jpg,617.59,53.83,40.83,2.03,good,Image quality is good. Proceed with assessment.,0
valid,Other,Other valid (100).jpg,valid\Other\Other valid (100).jpg,489.15,57.59,44.62,1.62,good,Image quality is good. Proceed with assessment.,0
valid,Other,Other valid (101).jpg,valid\Other\Other valid (101).jpg,488.57,57.59,44.51,1.62,good,Image quality is good. Proceed with assessment.,0
valid,Other,Other valid (102).jpg,valid\Other\Other valid (102).jpg,489.24,57.43,44.31,1.62,good,Image quality is good. Proceed with assessment.,0
valid,Other,Other valid (103).jpg,valid\Other\Other valid (103).jpg,480.63,56.54,43.97,1.6,good,Image quality is good. Proceed with assessment.,0
valid,Other,Other valid (104).jpg,valid\Other\Other valid (104).jpg,497.16,58.1,46.94,1.6,good,Image quality is good. Proceed with assessment.,0
valid,Other,Other valid (105).jpg,valid\Other\Other valid (105).jpg,451.42,29.33,45.56,1.53,good,Image quality is good. Proceed with assessment.,0
valid,Other,Other valid (106).jpg,valid\Other\Other valid (106).jpg,574.92,40.76,44.66,1.76,good,Image quality is good. Proceed with assessment.,0
valid,Other,Other valid (107).jpg,valid\Other\Other valid (107).jpg,614.29,40.14,45.63,1.84,good,Image quality is good. Proceed with assessment.,0
valid,Other,Other valid (108).jpg,valid\Other\Other valid (108).jpg,598.61,43.63,45.4,1.79,good,Image quality is good. Proceed with assessment.,0
valid,Other,Other valid (109).jpg,valid\Other\Other valid (109).jpg,599.11,41.45,43.89,1.79,good,Image quality is good. Proceed with assessment.,0
valid,Other,Other valid (11).jpg,valid\Other\Other valid (11).jpg,617.8,54.19,40.5,2.04,good,Image quality is good. Proceed with assessment.,0
valid,Other,Other valid (110).jpg,valid\Other\Other valid (110).jpg,610.6,34.48,42.58,1.78,good,Image quality is good. Proceed with assessment.,0
valid,Other,Other valid (111).jpg,valid\Other\Other valid (111).jpg,608.63,35.54,43.8,1.81,good,Image quality is good. Proceed with assessment.,0
valid,Other,Other valid (112).jpg,valid\Other\Other valid (112).jpg,594.14,40.29,45.43,1.79,good,Image quality is good. Proceed with assessment.,0
valid,Other,Other valid (113).jpg,valid\Other\Other valid (113).jpg,592.52,41.58,45.71,1.79,good,Image quality is good. Proceed with assessment.,0
valid,Other,Other valid (114).jpg,valid\Other\Other valid (114).jpg,608.32,45.36,48.1,1.84,good,Image quality is good. Proceed with assessment.,0
valid,Other,Other valid (115).jpg,valid\Other\Other valid (115).jpg,605.86,47.01,51.63,1.79,good,Image quality is good. Proceed with assessment.,0
valid,Other,Other valid (116).jpg,valid\Other\Other valid (116).jpg,623.2,47.07,52.4,1.81,good,Image quality is good. Proceed with assessment.,0
valid,Other,Other valid (117).jpg,valid\Other\Other valid (117).jpg,623.5,47.29,52.97,1.83,good,Image quality is good. Proceed with assessment.,0
valid,Other,Other valid (118).jpg,valid\Other\Other valid (118).jpg,621.81,47.33,53.68,1.83,good,Image quality is good. Proceed with assessment.,0
valid,Other,Other valid (119).jpg,valid\Other\Other valid (119).jpg,622.38,47.34,53.8,1.83,good,Image quality is good. Proceed with assessment.,0
valid,Other,Other valid (12).jpg,valid\Other\Other valid (12).jpg,615.3,54.33,40.45,2.04,good,Image quality is good. Proceed with assessment.,0
valid,Other,Other valid (120).jpg,valid\Other\Other valid (120).jpg,629.32,45.17,50.13,1.8,good,Image quality is good. Proceed with assessment.,0
valid,Other,Other valid (121).jpg,valid\Other\Other valid (121).jpg,628.3,44.6,49.49,1.79,good,Image quality is good. Proceed with assessment.,0
valid,Other,Other valid (122).jpg,valid\Other\Other valid (122).jpg,629.88,43.32,46.61,1.79,good,Image quality is good. Proceed with assessment.,0
valid,Other,Other valid (123).jpg,valid\Other\Other valid (123).jpg,630.84,42.93,47.25,1.81,good,Image quality is good. Proceed with assessment.,0
valid,Other,Other valid (124).jpg,valid\Other\Other valid (124).jpg,624.51,42.31,47.1,1.79,good,Image quality is good. Proceed with assessment.,0
valid,Other,Other valid (125).jpg,valid\Other\Other valid (125).jpg,628.34,42.61,47.33,1.8,good,Image quality is good. Proceed with assessment.,0
valid,Other,Other valid (126).jpg,valid\Other\Other valid (126).jpg,630.2,44.5,48.63,1.79,good,Image quality is good. Proceed with assessment.,0
valid,Other,Other valid (127).jpg,valid\Other\Other valid (127).jpg,630.0,45.2,50.41,1.81,good,Image quality is good. Proceed with assessment.,0
valid,Other,Other valid (128).jpg,valid\Other\Other valid (128).jpg,630.02,45.8,50.93,1.83,good,Image quality is good. Proceed with assessment.,0
valid,Other,Other valid (129).jpg,valid\Other\Other valid (129).jpg,624.27,45.92,50.69,1.81,good,Image quality is good. Proceed with assessment.,0
valid,Other,Other valid (13).jpg,valid\Other\Other valid (13).jpg,615.22,52.87,41.11,2.05,good,Image quality is good. Proceed with assessment.,0
valid,Other,Other valid (130).jpg,valid\Other\Other valid (130).jpg,624.3,45.72,49.49,1.81,good,Image quality is good. Proceed with assessment.,0
valid,Other,Other valid (131).jpg,valid\Other\Other valid (131).jpg,625.99,45.32,48.96,1.81,good,Image quality is good. Proceed with assessment.,0
valid,Other,Other valid (132).jpg,valid\Other\Other valid (132).jpg,626.81,45.27,48.88,1.82,good,Image quality is good. Proceed with assessment.,0
valid,Other,Other valid (133).jpg,valid\Other\Other valid (133).jpg,627.68,45.15,48.56,1.82,good,Image quality is good. Proceed with assessment.,0
valid,Other,Other valid (134).jpg,valid\Other\Other valid (134).jpg,624.41,45.33,48.62,1.81,good,Image quality is good. Proceed with assessment.,0
valid,Other,Other valid (135).jpg,valid\Other\Other valid (135).jpg,623.07,45.26,48.56,1.81,good,Image quality is good. Proceed with assessment.,0
valid,Other,Other valid (136).jpg,valid\Other\Other valid (136).jpg,621.58,45.14,48.43,1.81,good,Image quality is good. Proceed with assessment.,0
valid,Other,Other valid (137).jpg,valid\Other\Other valid (137).jpg,620.55,45.03,48.3,1.8,good,Image quality is good. Proceed with assessment.,0
valid,Other,Other valid (138).jpg,valid\Other\Other valid (138).jpg,658.2,56.08,55.76,1.88,good,Image quality is good. Proceed with assessment.,0
valid,Other,Other valid (139).jpg,valid\Other\Other valid (139).jpg,649.44,58.45,57.32,1.85,good,Image quality is good. Proceed with assessment.,0
valid,Other,Other valid (14).jpg,valid\Other\Other valid (14).jpg,615.26,52.87,41.39,2.06,good,Image quality is good. Proceed with assessment.,0
valid,Other,Other valid (140).jpg,valid\Other\Other valid (140).jpg,648.34,58.64,56.8,1.84,good,Image quality is good. Proceed with assessment.,0
valid,Other,Other valid (141).jpg,valid\Other\Other valid (141).jpg,642.3,58.71,55.77,1.84,good,Image quality is good. Proceed with assessment.,0
valid,Other,Other valid (142).jpg,valid\Other\Other valid (142).jpg,642.78,59.03,55.51,1.84,good,Image quality is good. Proceed with assessment.,0
valid,Other,Other valid (143).jpg,valid\Other\Other valid (143).jpg,644.39,59.81,54.78,1.85,good,Image quality is good. Proceed with assessment.,0
valid,Other,Other valid (144).jpg,valid\Other\Other valid (144).jpg,644.23,59.97,54.55,1.85,good,Image quality is good. Proceed with assessment.,0
valid,Other,Other valid (145).jpg,valid\Other\Other valid (145).jpg,644.01,60.12,54.36,1.85,good,Image quality is good. Proceed with assessment.,0
valid,Other,Other valid (146).jpg,valid\Other\Other valid (146).jpg,643.47,60.1,53.77,1.86,good,Image quality is good. Proceed with assessment.,0
valid,Other,Other valid (147).jpg,valid\Other\Other valid (147).jpg,642.49,60.08,53.13,1.85,good,Image quality is good. Proceed with assessment.,0
valid,Other,Other valid (148).jpg,valid\Other\Other valid (148).jpg,636.78,61.47,51.83,1.86,good,Image quality is good. Proceed with assessment.,0
valid,Other,Other valid (149).jpg,valid\Other\Other valid (149).jpg,637.0,62.29,52.14,1.86,good,Image quality is good. Proceed with assessment.,0
valid,Other,Other valid (15).jpg,valid\Other\Other valid (15).jpg,620.76,50.25,44.93,2.03,good,Image quality is good. Proceed with assessment.,0
valid,Other,Other valid (150).jpg,valid\Other\Other valid (150).jpg,631.16,63.55,53.0,1.84,good,Image quality is good. Proceed with assessment.,0
valid,Other,Other valid (151).jpg,valid\Other\Other valid (151).jpg,635.98,63.51,53.53,1.83,good,Image quality is good. Proceed with assessment.,0
valid,Other,Other valid (152).jpg,valid\Other\Other valid (152).jpg,669.73,62.58,55.87,1.87,good,Image quality is good. Proceed with assessment.,0
valid,Other,Other valid (153).jpg,valid\Other\Other valid (153).jpg,669.72,62.68,55.89,1.88,good,Image quality is good. Proceed with assessment.,0
valid,Other,Other valid (154).jpg,valid\Other\Other valid (154).jpg,668.29,62.76,55.78,1.88,good,Image quality is good. Proceed with assessment.,0
valid,Other,Other valid (155).jpg,valid\Other\Other valid (155).jpg,667.51,62.8,55.44,1.88,good,Image quality is good. Proceed with assessment.,0
valid,Other,Other valid (156).jpg,valid\Other\Other valid (156).jpg,601.2,41.99,47.64,1.79,good,Image quality is good. Proceed with assessment.,0
valid,Other,Other valid (157).jpg,valid\Other\Other valid (157).jpg,623.32,42.66,48.52,1.8,good,Image quality is good. Proceed with assessment.,0
valid,Other,Other valid (158).jpg,valid\Other\Other valid (158).jpg,623.68,42.31,48.79,1.78,good,Image quality is good. Proceed with assessment.,0
valid,Other,Other valid (159).jpg,valid\Other\Other valid (159).jpg,624.26,42.12,48.74,1.78,good,Image quality is good. Proceed with assessment.,0
valid,Other,Other valid (16).jpg,valid\Other\Other valid (16).jpg,642.44,55.45,54.63,1.86,good,Image quality is good. Proceed with assessment.,0
valid,Other,Other valid (160).jpg,valid\Other\Other valid (160).jpg,624.18,41.96,48.68,1.78,good,Image quality is good. Proceed with assessment.,0
valid,Other,Other valid (161).jpg,valid\Other\Other valid (161).jpg,623.81,41.5,48.38,1.78,good,Image quality is good. Proceed with assessment.,0
valid,Other,Other valid (162).jpg,valid\Other\Other valid (162).jpg,624.54,41.69,48.54,1.77,good,Image quality is good. Proceed with assessment.,0
valid,Other,Other valid (163).jpg,valid\Other\Other valid (163).jpg,625.21,41.73,48.64,1.77,good,Image quality is good. Proceed with assessment.,0
valid,Other,Other valid (164).jpg,valid\Other\Other valid (164).jpg,612.9,41.5,48.51,1.76,good,Image quality is good. Proceed with assessment.,0
valid,Other,Other valid (165).jpg,valid\Other\Other valid (165).jpg,616.17,40.7,48.02,1.77,good,Image quality is good. Proceed with assessment.,0
valid,Other,Other valid (166).jpg,valid\Other\Other valid (166).jpg,616.08,40.73,48.08,1.76,good,Image quality is good. Proceed with assessment.,0
valid,Other,Other valid (167).jpg,valid\Other\Other valid (167).jpg,616.15,40.46,48.24,1.75,good,Image quality is good. Proceed with assessment.,0
valid,Other,Other valid (168).jpg,valid\Other\Other valid (168).jpg,616.31,40.39,47.94,1.75,good,Image quality is good. Proceed with assessment.,0
valid,Other,Other valid (169).jpg,valid\Other\Other valid (169).jpg,615.7,41.51,47.24,1.74,good,Image quality is good. Proceed with assessment.,0
valid,Other,Other valid (17).jpg,valid\Other\Other valid (17).jpg,675.66,57.6,52.05,1.89,good,Image quality is good. Proceed with assessment.,0
valid,Other,Other valid (170).jpg,valid\Other\Other valid (170).jpg,615.44,41.54,47.33,1.75,good,Image quality is good. Proceed with assessment.,0
valid,Other,Other valid (171).jpg,valid\Other\Other valid (171).jpg,615.0,41.49,47.28,1.76,good,Image quality is good. Proceed with assessment.,0
valid,Other,Other valid (172).jpg,valid\Other\Other valid (172).jpg,614.73,42.27,47.13,1.78,good,Image quality is good. Proceed with assessment.,0
valid,Other,Other valid (173).jpg,valid\Other\Other valid (173).jpg,614.7,42.44,47.36,1.78,good,Image quality is good. Proceed with assessment.,0
valid,Other,Other valid (174).jpg,valid\Other\Other valid (174).jpg,614.58,42.52,47.42,1.78,good,Image quality is good. Proceed with assessment.,0
valid,Other,Other valid (175).jpg,valid\Other\Other valid (175).jpg,615.49,42.86,47.99,1.79,good,Image quality is good. Proceed with assessment.,0
valid,Other,Other valid (176).jpg,valid\Other\Other valid (176).jpg,615.6,42.67,47.96,1.79,good,Image quality is good. Proceed with assessment.,0
valid,Other,Other valid (177).jpg,valid\Other\Other valid (177).jpg,615.73,42.19,48.38,1.78,good,Image quality is good. Proceed with assessment.,0
valid,Other,Other valid (178).jpg,valid\Other\Other valid (178).jpg,616.21,41.79,48.21,1.78,good,Image quality is good. Proceed with assessment.,0
valid,Other,Other valid (179).jpg,valid\Other\Other valid (179).jpg,615.72,41.37,47.99,1.78,good,Image quality is good. Proceed with assessment.,0
valid,Other,Other valid (18).jpg,valid\Other\Other valid (18).jpg,669.85,58.86,51.74,1.88,good,Image quality is good. Proceed with assessment.,0
valid,Other,Other valid (180).jpg,valid\Other\Other valid (180).jpg,616.21,41.18,47.92,1.78,good,Image quality is good. Proceed with assessment.,0
valid,Other,Other valid (181).jpg,valid\Other\Other valid (181).jpg,616.29,41.05,47.89,1.78,good,Image quality is good. Proceed with assessment.,0
valid,Other,Other valid (182).jpg,valid\Other\Other valid (182).jpg,616.88,41.35,48.44,1.77,good,Image quality is good. Proceed with assessment.,0
valid,Other,Other valid (183).jpg,valid\Other\Other valid (183).jpg,617.05,41.14,48.39,1.77,good,Image quality is good. Proceed with assessment.,0
valid,Other,Other valid (184).jpg,valid\Other\Other valid (184).jpg,616.68,40.47,46.21,1.75,good,Image quality is good. Proceed with assessment.,0
valid,Other,Other valid (185).jpg,valid\Other\Other valid (185).jpg,612.56,38.11,45.58,1.73,good,Image quality is good. Proceed with assessment.,0
valid,Other,Other valid (186).jpg,valid\Other\Other valid (186).jpg,612.71,37.49,45.33,1.72,good,Image quality is good. Proceed with assessment.,0
valid,Other,Other valid (187).jpg,valid\Other\Other valid (187).jpg,614.91,36.28,45.22,1.73,good,Image quality is good. Proceed with assessment.,0
valid,Other,Other valid (188).jpg,valid\Other\Other valid (188).jpg,612.97,35.53,45.0,1.72,good,Image quality is good. Proceed with assessment.,0
valid,Other,Other valid (189).jpg,valid\Other\Other valid (189).jpg,616.78,34.49,44.59,1.73,good,Image quality is good. Proceed with assessment.,0
valid,Other,Other valid (19).jpg,valid\Other\Other valid (19).jpg,667.35,59.46,51.83,1.88,good,Image quality is good. Proceed with assessment.,0
valid,Other,Other valid (190).jpg,valid\Other\Other valid (190).jpg,616.59,34.24,44.52,1.73,good,Image quality is good. Proceed with assessment.,0
valid,Other,Other valid (191).jpg,valid\Other\Other valid (191).jpg,616.78,34.22,44.67,1.73,good,Image quality is good. Proceed with assessment.,0
valid,Other,Other valid (192).jpg,valid\Other\Other valid (192).jpg,587.96,60.84,51.51,2.01,good,Image quality is good. Proceed with assessment.,0
valid,Other,Other valid (193).jpg,valid\Other\Other valid (193).jpg,613.79,60.95,52.16,2.07,good,Image quality is good. Proceed with assessment.,0
valid,Other,Other valid (194).jpg,valid\Other\Other valid (194).jpg,604.61,61.28,51.72,1.97,good,Image quality is good. Proceed with assessment.,0
valid,Other,Other valid (195).jpg,valid\Other\Other valid (195).jpg,602.15,61.5,51.71,1.98,good,Image quality is good. Proceed with assessment.,0
valid,Other,Other valid (196).jpg,valid\Other\Other valid (196).jpg,598.95,61.56,51.28,1.98,good,Image quality is good. Proceed with assessment.,0
valid,Other,Other valid (197).jpg,valid\Other\Other valid (197).jpg,597.98,61.85,51.22,1.98,good,Image quality is good. Proceed with assessment.,0
valid,Other,Other valid (198).jpg,valid\Other\Other valid (198).jpg,597.81,62.02,50.92,1.99,good,Image quality is good. Proceed with assessment.,0
valid,Other,Other valid (199).jpg,valid\Other\Other valid (199).jpg,599.24,62.22,50.94,2.0,good,Image quality is good. Proceed with assessment.,0
valid,Other,Other valid (2).jpg,valid\Other\Other valid (2).jpg,614.68,50.16,42.07,2.06,good,Image quality is good. Proceed with assessment.,0
valid,Other,Other valid (20).jpg,valid\Other\Other valid (20).jpg,666.84,61.16,53.04,1.89,good,Image quality is good. Proceed with assessment.,0
valid,Other,Other valid (200).jpg,valid\Other\Other valid (200).jpg,598.87,62.68,50.74,2.0,good,Image quality is good. Proceed with assessment.,0
valid,Other,Other valid (201).jpg,valid\Other\Other valid (201).jpg,599.3,62.56,50.28,2.0,good,Image quality is good. Proceed with assessment.,0
valid,Other,Other valid (202).jpg,valid\Other\Other valid (202).jpg,584.94,62.77,49.54,2.01,good,Image quality is good. Proceed with assessment.,0
valid,Other,Other valid (203).jpg,valid\Other\Other valid (203).jpg,585.64,62.58,49.48,2.01,good,Image quality is good. Proceed with assessment.,0
valid,Other,Other valid (204).jpg,valid\Other\Other valid (204).jpg,587.86,61.8,48.88,2.02,good,Image quality is good. Proceed with assessment.,0
valid,Other,Other valid (205).jpg,valid\Other\Other valid (205).jpg,588.01,61.71,48.77,2.01,good,Image quality is good. Proceed with assessment.,0
valid,Other,Other valid (206).jpg,valid\Other\Other valid (206).jpg,589.77,61.47,48.5,2.02,good,Image quality is good. Proceed with assessment.,0
valid,Other,Other valid (207).jpg,valid\Other\Other valid (207).jpg,590.08,61.46,48.48,2.02,good,Image quality is good. Proceed with assessment.,0
valid,Other,Other valid (208).jpg,valid\Other\Other valid (208).jpg,590.62,61.66,48.59,2.02,good,Image quality is good. Proceed with assessment.,0
valid,Other,Other valid (209).jpg,valid\Other\Other valid (209).jpg,590.06,61.66,48.65,2.02,good,Image quality is good. Proceed with assessment.,0
valid,Other,Other valid (21).jpg,valid\Other\Other valid (21).jpg,662.16,59.7,52.36,1.82,good,Image quality is good. Proceed with assessment.,0
valid,Other,Other valid (210).jpg,valid\Other\Other valid (210).jpg,590.19,61.73,48.67,2.02,good,Image quality is good. Proceed with assessment.,0
valid,Other,Other valid (211).jpg,valid\Other\Other valid (211).jpg,589.62,61.77,48.65,2.02,good,Image quality is good. Proceed with assessment.,0
valid,Other,Other valid (212).jpg,valid\Other\Other valid (212).jpg,570.63,68.98,48.28,1.94,good,Image quality is good. Proceed with assessment.,0
valid,Other,Other valid (213).jpg,valid\Other\Other valid (213).jpg,563.81,68.16,45.32,1.78,good,Image quality is good. Proceed with assessment.,0
valid,Other,Other valid (214).jpg,valid\Other\Other valid (214).jpg,562.15,67.78,44.79,1.79,good,Image quality is good. Proceed with assessment.,0
valid,Other,Other valid (215).jpg,valid\Other\Other valid (215).jpg,564.6,64.85,44.97,1.88,good,Image quality is good. Proceed with assessment.,0
valid,Other,Other valid (216).jpg,valid\Other\Other valid (216).jpg,565.87,64.73,45.13,1.85,good,Image quality is good. Proceed with assessment.,0
valid,Other,Other valid (217).jpg,valid\Other\Other valid (217).jpg,562.2,60.48,47.83,1.89,good,Image quality is good. Proceed with assessment.,0
valid,Other,Other valid (218).jpg,valid\Other\Other valid (218).jpg,564.96,61.88,47.57,1.92,good,Image quality is good. Proceed with assessment.,0
valid,Other,Other valid (219).jpg,valid\Other\Other valid (219).jpg,565.79,62.37,47.5,1.92,good,Image quality is good. Proceed with assessment.,0
valid,Other,Other valid (22).jpg,valid\Other\Other valid (22).jpg,662.55,57.45,51.77,1.82,good,Image quality is good. Proceed with assessment.,0
valid,Other,Other valid (220).jpg,valid\Other\Other valid (220).jpg,563.58,64.16,46.41,1.91,good,Image quality is good. Proceed with assessment.,0
valid,Other,Other valid (221).jpg,valid\Other\Other valid (221).jpg,571.59,61.97,45.96,1.92,good,Image quality is good. Proceed with assessment.,0
valid,Other,Other valid (222).jpg,valid\Other\Other valid (222).jpg,568.92,61.64,46.34,1.92,good,Image quality is good. Proceed with assessment.,0
valid,Other,Other valid (223).jpg,valid\Other\Other valid (223).jpg,568.9,61.68,46.62,1.92,good,Image quality is good. Proceed with assessment.,0
valid,Other,Other valid (224).jpg,valid\Other\Other valid (224).jpg,568.5,61.82,46.77,1.92,good,Image quality is good. Proceed with assessment.,0
valid,Other,Other valid (225).jpg,valid\Other\Other valid (225).jpg,573.96,61.94,47.22,1.91,good,Image quality is good. Proceed with assessment.,0
valid,Other,Other valid (226).jpg,valid\Other\Other valid (226).jpg,573.28,61.89,47.12,1.92,good,Image quality is good. Proceed with assessment.,0
valid,Other,Other valid (227).jpg,valid\Other\Other valid (227).jpg,569.86,61.39,46.38,1.93,good,Image quality is good. Proceed with assessment.,0
valid,Other,Other valid (228).jpg,valid\Other\Other valid (228).jpg,567.15,61.23,46.2,1.93,good,Image quality is good. Proceed with assessment.,0
valid,Other,Other valid (229).jpg,valid\Other\Other valid (229).jpg,562.45,60.7,45.97,1.94,good,Image quality is good. Proceed with assessment.,0
valid,Other,Other valid (23).jpg,valid\Other\Other valid (23).jpg,666.37,57.42,52.41,1.85,good,Image quality is good. Proceed with assessment.,0
valid,Other,Other valid (230).jpg,valid\Other\Other valid (230).jpg,562.43,60.6,46.09,1.94,good,Image quality is good. Proceed with assessment.,0
valid,Other,Other valid (231).jpg,valid\Other\Other valid (231).jpg,564.73,60.25,46.34,1.92,good,Image quality is good. Proceed with assessment.,0
valid,Other,Other valid (232).jpg,valid\Other\Other valid (232).jpg,564.61,61.16,47.03,1.89,good,Image quality is good. Proceed with assessment.,0
valid,Other,Other valid (233).jpg,valid\Other\Other valid (233).jpg,591.62,43.04,48.4,1.88,good,Image quality is good. Proceed with assessment.,0
valid,Other,Other valid (234).jpg,valid\Other\Other valid (234).jpg,597.49,43.1,48.37,1.88,good,Image quality is good. Proceed with assessment.,0
valid,Other,Other valid (235).jpg,valid\Other\Other valid (235).jpg,606.04,44.32,50.31,1.84,good,Image quality is good. Proceed with assessment.,0
valid,Other,Other valid (236).jpg,valid\Other\Other valid (236).jpg,605.16,44.33,49.73,1.82,good,Image quality is good. Proceed with assessment.,0
valid,Other,Other valid (237).jpg,valid\Other\Other valid (237).jpg,601.53,44.74,50.13,1.85,good,Image quality is good. Proceed with assessment.,0
valid,Other,Other valid (238).jpg,valid\Other\Other valid (238).jpg,602.97,45.46,51.09,1.86,good,Image quality is good. Proceed with assessment.,0
valid,Other,Other valid (239).jpg,valid\Other\Other valid (239).jpg,615.28,47.46,53.0,1.89,good,Image quality is good. Proceed with assessment.,0
valid,Other,Other valid (24).jpg,valid\Other\Other valid (24).jpg,675.71,56.06,56.33,1.92,good,Image quality is good. Proceed with assessment.,0
valid,Other,Other valid (240).jpg,valid\Other\Other valid (240).jpg,613.06,46.54,51.16,1.84,good,Image quality is good. Proceed with assessment.,0
valid,Other,Other valid (241).jpg,valid\Other\Other valid (241).jpg,611.36,43.74,48.42,1.81,good,Image quality is good. Proceed with assessment.,0
valid,Other,Other valid (242).jpg,valid\Other\Other valid (242).jpg,610.96,46.29,51.48,1.87,good,Image quality is good. Proceed with assessment.,0
valid,Other,Other valid (243).jpg,valid\Other\Other valid (243).jpg,610.87,46.2,51.33,1.87,good,Image quality is good. Proceed with assessment.,0
valid,Other,Other valid (244).jpg,valid\Other\Other valid (244).jpg,610.39,45.95,51.1,1.86,good,Image quality is good. Proceed with assessment.,0
valid,Other,Other valid (245).jpg,valid\Other\Other valid (245).jpg,603.89,44.19,49.67,1.87,good,Image quality is good. Proceed with assessment.,0
valid,Other,Other valid (246).jpg,valid\Other\Other valid (246).jpg,598.52,45.18,50.38,1.89,good,Image quality is good. Proceed with assessment.,0
valid,Other,Other valid (247).jpg,valid\Other\Other valid (247).jpg,619.24,42.7,61.86,1.76,good,Image quality is good. Proceed with assessment.,0
valid,Other,Other valid (248).jpg,valid\Other\Other valid (248).jpg,619.23,42.64,61.86,1.77,good,Image quality is good. Proceed with assessment.,0
valid,Other,Other valid (249).jpg,valid\Other\Other valid (249).jpg,619.76,42.21,61.72,1.78,good,Image quality is good. Proceed with assessment.,0
valid,Other,Other valid (25).jpg,valid\Other\Other valid (25).jpg,675.66,56.02,56.25,1.92,good,Image quality is good. Proceed with assessment.,0
valid,Other,Other valid (250).jpg,valid\Other\Other valid (250).jpg,613.78,40.46,59.8,1.78,good,Image quality is good. Proceed with assessment.,0
valid,Other,Other valid (251).jpg,valid\Other\Other valid (251).jpg,613.82,40.42,59.76,1.78,good,Image quality is good. Proceed with assessment.,0
valid,Other,Other valid (252).jpg,valid\Other\Other valid (252).jpg,613.42,40.28,59.65,1.78,good,Image quality is good. Proceed with assessment.,0
valid,Other,Other valid (253).jpg,valid\Other\Other valid (253).jpg,613.37,40.3,59.74,1.78,good,Image quality is good. Proceed with assessment.,0
valid,Other,Other valid (254).jpg,valid\Other\Other valid (254).jpg,613.37,40.13,59.58,1.79,good,Image quality is good. Proceed with assessment.,0
valid,Other,Other valid (255).jpg,valid\Other\Other valid (255).jpg,613.25,40.24,59.7,1.79,good,Image quality is good. Proceed with assessment.,0
valid,Other,Other valid (256).jpg,valid\Other\Other valid (256).jpg,613.38,40.25,59.69,1.78,good,Image quality is good. Proceed with assessment.,0
valid,Other,Other valid (257).jpg,valid\Other\Other valid (257).jpg,613.63,40.22,59.63,1.78,good,Image quality is good. Proceed with assessment.,0
valid,Other,Other valid (258).jpg,valid\Other\Other valid (258).jpg,615.6,40.93,60.61,1.77,good,Image quality is good. Proceed with assessment.,0
valid,Other,Other valid (259).jpg,valid\Other\Other valid (259).jpg,617.03,41.3,60.98,1.77,good,Image quality is good. Proceed with assessment.,0
valid,Other,Other valid (26).jpg,valid\Other\Other valid (26).jpg,673.98,56.06,56.29,1.92,good,Image quality is good. Proceed with assessment.,0
valid,Other,Other valid (260).jpg,valid\Other\Other valid (260).jpg,617.11,41.5,61.18,1.77,good,Image quality is good. Proceed with assessment.,0
valid,Other,Other valid (261).jpg,valid\Other\Other valid (261).jpg,619.01,41.83,61.64,1.78,good,Image quality is good. Proceed with assessment.,0
valid,Other,Other valid (262).jpg,valid\Other\Other valid (262).jpg,619.35,42.02,61.84,1.77,good,Image quality is good. Proceed with assessment.,0
valid,Other,Other valid (263).jpg,valid\Other\Other valid (263).jpg,618.42,42.62,62.26,1.77,good,Image quality is good. Proceed with assessment.,0
valid,Other,Other valid (264).jpg,valid\Other\Other valid (264).jpg,618.48,42.72,62.32,1.77,good,Image quality is good. Proceed with assessment.,0
valid,Other,Other valid (265).jpg,valid\Other\Other valid (265).jpg,601.39,70.8,61.6,1.92,good,Image quality is good. Proceed with assessment.,0
valid,Other,Other valid (266).jpg,valid\Other\Other valid (266).jpg,612.04,70.87,61.7,1.93,good,Image quality is good. Proceed with assessment.,0
valid,Other,Other valid (267).jpg,valid\Other\Other valid (267).jpg,613.65,71.0,61.66,1.93,good,Image quality is good. Proceed with assessment.,0
valid,Other,Other valid (268).jpg,valid\Other\Other valid (268).jpg,615.44,71.17,61.69,1.93,good,Image quality is good. Proceed with assessment.,0
valid,Other,Other valid (269).jpg,valid\Other\Other valid (269).jpg,636.16,71.22,61.66,1.94,good,Image quality is good. Proceed with assessment.,0
valid,Other,Other valid (27).jpg,valid\Other\Other valid (27).jpg,672.05,56.59,56.65,1.93,good,Image quality is good. Proceed with assessment.,0
valid,Other,Other valid (270).jpg,valid\Other\Other valid (270).jpg,578.34,73.7,56.66,1.92,good,Image quality is good. Proceed with assessment.,0
valid,Other,Other valid (271).jpg,valid\Other\Other valid (271).jpg,573.54,73.4,56.95,1.92,good,Image quality is good. Proceed with assessment.,0
valid,Other,Other valid (272).jpg,valid\Other\Other valid (272).jpg,572.9,73.06,56.98,1.91,good,Image quality is good. Proceed with assessment.,0
valid,Other,Other valid (273).jpg,valid\Other\Other valid (273).jpg,566.38,71.59,57.66,1.88,good,Image quality is good. Proceed with assessment.,0
valid,Other,Other valid (274).jpg,valid\Other\Other valid (274).jpg,564.21,71.16,58.05,1.88,good,Image quality is good. Proceed with assessment.,0
valid,Other,Other valid (275).jpg,valid\Other\Other valid (275).jpg,557.85,70.57,58.54,1.85,good,Image quality is good. Proceed with assessment.,0
valid,Other,Other valid (276).jpg,valid\Other\Other valid (276).jpg,603.71,68.25,59.32,1.97,good,Image quality is good. Proceed with assessment.,0
valid,Other,Other valid (277).jpg,valid\Other\Other valid (277).jpg,599.27,65.74,56.58,1.92,good,Image quality is good. Proceed with assessment.,0
valid,Other,Other valid (278).jpg,valid\Other\Other valid (278).jpg,649.68,72.12,57.83,1.99,good,Image quality is good. Proceed with assessment.,0
valid,Other,Other valid (279).jpg,valid\Other\Other valid (279).jpg,659.07,68.93,57.98,2.03,good,Image quality is good. Proceed with assessment.,0
valid,Other,Other valid (28).jpg,valid\Other\Other valid (28).jpg,671.81,56.84,56.89,1.93,good,Image quality is good. Proceed with assessment.,0
valid,Other,Other valid (280).jpg,valid\Other\Other valid (280).jpg,658.45,69.14,58.27,2.03,good,Image quality is good. Proceed with assessment.,0
valid,Other,Other valid (281).jpg,valid\Other\Other valid (281).jpg,653.95,69.14,58.4,2.02,good,Image quality is good. Proceed with assessment.,0
valid,Other,Other valid (282).jpg,valid\Other\Other valid (282).jpg,646.94,69.36,58.52,2.01,good,Image quality is good. Proceed with assessment.,0
valid,Other,Other valid (283).jpg,valid\Other\Other valid (283).jpg,646.54,69.41,58.56,2.01,good,Image quality is good. Proceed with assessment.,0
valid,Other,Other valid (284).jpg,valid\Other\Other valid (284).jpg,632.45,68.75,58.32,1.98,good,Image quality is good. Proceed with assessment.,0
valid,Other,Other valid (285).jpg,valid\Other\Other valid (285).jpg,634.26,68.38,58.28,1.99,good,Image quality is good. Proceed with assessment.,0
valid,Other,Other valid (286).jpg,valid\Other\Other valid (286).jpg,632.55,68.03,58.21,1.99,good,Image quality is good. Proceed with assessment.,0
valid,Other,Other valid (287).jpg,valid\Other\Other valid (287).jpg,638.69,67.86,57.7,2.0,good,Image quality is good. Proceed with assessment.,0
valid,Other,Other valid (288).jpg,valid\Other\Other valid (288).jpg,634.74,67.6,57.19,1.97,good,Image quality is good. Proceed with assessment.,0
valid,Other,Other valid (289).jpg,valid\Other\Other valid (289).jpg,594.8,64.63,57.05,1.91,good,Image quality is good. Proceed with assessment.,0
valid,Other,Other valid (29).jpg,valid\Other\Other valid (29).jpg,664.68,56.93,56.65,1.95,good,Image quality is good. Proceed with assessment.,0
valid,Other,Other valid (290).jpg,valid\Other\Other valid (290).jpg,576.71,64.57,57.43,1.86,good,Image quality is good. Proceed with assessment.,0
valid,Other,Other valid (291).jpg,valid\Other\Other valid (291).jpg,449.55,42.12,54.04,1.47,good,Image quality is good. Proceed with assessment.,0
valid,Other,Other valid (292).jpg,valid\Other\Other valid (292).jpg,450.0,42.27,54.23,1.46,good,Image quality is good. Proceed with assessment.,0
valid,Other,Other valid (293).jpg,valid\Other\Other valid (293).jpg,471.54,46.08,57.33,1.5,good,Image quality is good. Proceed with assessment.,0
valid,Other,Other valid (294).jpg,valid\Other\Other valid (294).jpg,461.95,45.87,56.94,1.49,good,Image quality is good. Proceed with assessment.,0
valid,Other,Other valid (295).jpg,valid\Other\Other valid (295).jpg,551.76,32.1,38.03,1.51,good,Image quality is good. Proceed with assessment.,0
valid,Other,Other valid (296).jpg,valid\Other\Other valid (296).jpg,551.2,32.6,38.49,1.51,good,Image quality is good. Proceed with assessment.,0
valid,Other,Other valid (297).jpg,valid\Other\Other valid (297).jpg,550.89,32.95,38.55,1.51,good,Image quality is good. Proceed with assessment.,0
valid,Other,Other valid (298).jpg,valid\Other\Other valid (298).jpg,551.88,34.18,39.15,1.52,good,Image quality is good. Proceed with assessment.,0
valid,Other,Other valid (299).jpg,valid\Other\Other valid (299).jpg,552.12,34.63,39.6,1.52,good,Image quality is good. Proceed with assessment.,0
valid,Other,Other valid (3).jpg,valid\Other\Other valid (3).jpg,630.59,50.06,42.17,2.06,good,Image quality is good. Proceed with assessment.,0
valid,Other,Other valid (30).jpg,valid\Other\Other valid (30).jpg,675.61,55.6,55.88,1.97,good,Image quality is good. Proceed with assessment.,0
valid,Other,Other valid (300).jpg,valid\Other\Other valid (300).jpg,552.47,35.57,39.95,1.53,good,Image quality is good. Proceed with assessment.,0
valid,Other,Other valid (301).jpg,valid\Other\Other valid (301).jpg,556.8,37.15,42.26,1.56,good,Image quality is good. Proceed with assessment.,0
valid,Other,Other valid (302).jpg,valid\Other\Other valid (302).jpg,560.07,37.41,42.68,1.57,good,Image quality is good. Proceed with assessment.,0
valid,Other,Other valid (303).jpg,valid\Other\Other valid (303).jpg,562.2,37.65,43.15,1.58,good,Image quality is good. Proceed with assessment.,0
valid,Other,Other valid (304).jpg,valid\Other\Other valid (304).jpg,567.81,37.82,43.19,1.58,good,Image quality is good. Proceed with assessment.,0
valid,Other,Other valid (305).jpg,valid\Other\Other valid (305).jpg,576.14,38.62,43.37,1.61,good,Image quality is good. Proceed with assessment.,0
valid,Other,Other valid (306).jpg,valid\Other\Other valid (306).jpg,576.55,39.5,43.73,1.61,good,Image quality is good. Proceed with assessment.,0
valid,Other,Other valid (307).jpg,valid\Other\Other valid (307).jpg,578.17,42.62,46.31,1.63,good,Image quality is good. Proceed with assessment.,0
valid,Other,Other valid (308).jpg,valid\Other\Other valid (308).jpg,573.6,42.3,46.38,1.62,good,Image quality is good. Proceed with assessment.,0
valid,Other,Other valid (309).jpg,valid\Other\Other valid (309).jpg,564.53,42.77,46.24,1.62,good,Image quality is good. Proceed with assessment.,0
valid,Other,Other valid (31).jpg,valid\Other\Other valid (31).jpg,677.81,55.15,55.73,1.97,good,Image quality is good. Proceed with assessment.,0
valid,Other,Other valid (310).jpg,valid\Other\Other valid (310).jpg,564.9,43.44,46.82,1.62,good,Image quality is good. Proceed with assessment.,0
valid,Other,Other valid (311).jpg,valid\Other\Other valid (311).jpg,560.93,43.19,46.94,1.61,good,Image quality is good. Proceed with assessment.,0
valid,Other,Other valid (312).jpg,valid\Other\Other valid (312).jpg,551.18,42.09,46.34,1.59,good,Image quality is good. Proceed with assessment.,0
valid,Other,Other valid (313).jpg,valid\Other\Other valid (313).jpg,551.57,42.36,46.37,1.59,good,Image quality is good. Proceed with assessment.,0
valid,Other,Other valid (314).jpg,valid\Other\Other valid (314).jpg,554.28,43.79,47.17,1.56,good,Image quality is good. Proceed with assessment.,0
valid,Other,Other valid (315).jpg,valid\Other\Other valid (315).jpg,554.52,43.62,47.16,1.57,good,Image quality is good. Proceed with assessment.,0
valid,Other,Other valid (316).jpg,valid\Other\Other valid (316).jpg,545.44,40.65,43.99,1.54,good,Image quality is good. Proceed with assessment.,0
valid,Other,Other valid (317).jpg,valid\Other\Other valid (317).jpg,539.04,37.97,41.53,1.52,good,Image quality is good. Proceed with assessment.,0
valid,Other,Other valid (318).jpg,valid\Other\Other valid (318).jpg,543.75,45.15,47.09,1.59,good,Image quality is good. Proceed with assessment.,0
valid,Other,Other valid (319).jpg,valid\Other\Other valid (319).jpg,543.01,45.75,47.22,1.6,good,Image quality is good. Proceed with assessment.,0
valid,Other,Other valid (32).jpg,valid\Other\Other valid (32).jpg,567.62,40.52,44.03,1.76,good,Image quality is good. Proceed with assessment.,0
valid,Other,Other valid (320).jpg,valid\Other\Other valid (320).jpg,544.11,46.0,47.36,1.6,good,Image quality is good. Proceed with assessment.,0
valid,Other,Other valid (321).jpg,valid\Other\Other valid (321).jpg,541.08,46.97,48.1,1.59,good,Image quality is good. Proceed with assessment.,0
valid,Other,Other valid (322).jpg,valid\Other\Other valid (322).jpg,541.43,47.65,48.61,1.58,good,Image quality is good. Proceed with assessment.,0
valid,Other,Other valid (323).jpg,valid\Other\Other valid (323).jpg,540.84,46.9,47.83,1.58,good,Image quality is good. Proceed with assessment.,0
valid,Other,Other valid (324).jpg,valid\Other\Other valid (324).jpg,542.33,46.45,47.31,1.57,good,Image quality is good. Proceed with assessment.,0
valid,Other,Other valid (325).jpg,valid\Other\Other valid (325).jpg,545.38,45.9,47.28,1.58,good,Image quality is good. Proceed with assessment.,0
valid,Other,Other valid (326).jpg,valid\Other\Other valid (326).jpg,544.87,45.49,47.17,1.58,good,Image quality is good. Proceed with assessment.,0
valid,Other,Other valid (327).jpg,valid\Other\Other valid (327).jpg,550.87,43.83,46.32,1.58,good,Image quality is good. Proceed with assessment.,0
valid,Other,Other valid (328).jpg,valid\Other\Other valid (328).jpg,556.74,44.08,47.05,1.61,good,Image quality is good. Proceed with assessment.,0
valid,Other,Other valid (329).jpg,valid\Other\Other valid (329).jpg,570.72,55.43,53.91,1.65,good,Image quality is good. Proceed with assessment.,0
valid,Other,Other valid (33).jpg,valid\Other\Other valid (33).jpg,568.63,40.57,44.27,1.76,good,Image quality is good. Proceed with assessment.,0
valid,Other,Other valid (330).jpg,valid\Other\Other valid (330).jpg,571.41,55.92,54.25,1.65,good,Image quality is good. Proceed with assessment.,0
valid,Other,Other valid (331).jpg,valid\Other\Other valid (331).jpg,572.39,56.92,54.76,1.66,good,Image quality is good. Proceed with assessment.,0
valid,Other,Other valid (332).jpg,valid\Other\Other valid (332).jpg,572.95,57.51,54.97,1.66,good,Image quality is good. Proceed with assessment.,0
valid,Other,Other valid (333).jpg,valid\Other\Other valid (333).jpg,573.73,57.24,54.71,1.66,good,Image quality is good. Proceed with assessment.,0
valid,Other,Other valid (334).jpg,valid\Other\Other valid (334).jpg,575.11,57.03,54.48,1.65,good,Image quality is good. Proceed with assessment.,0
valid,Other,Other valid (335).jpg,valid\Other\Other valid (335).jpg,574.92,56.94,54.35,1.65,good,Image quality is good. Proceed with assessment.,0
valid,Other,Other valid (336).jpg,valid\Other\Other valid (336).jpg,568.55,53.88,52.53,1.64,good,Image quality is good. Proceed with assessment.,0
valid,Other,Other valid (337).jpg,valid\Other\Other valid (337).jpg,568.11,54.35,52.41,1.65,good,Image quality is good. Proceed with assessment.,0
valid,Other,Other valid (338).jpg,valid\Other\Other valid (338).jpg,568.34,57.29,53.91,1.65,good,Image quality is good. Proceed with assessment.,0
valid,Other,Other valid (339).jpg,valid\Other\Other valid (339).jpg,565.66,59.04,54.51,1.66,good,Image quality is good. Proceed with assessment.,0
valid,Other,Other valid (34).jpg,valid\Other\Other valid (34).jpg,591.25,38.61,43.82,1.76,good,Image quality is good. Proceed with assessment.,0
valid,Other,Other valid (340).jpg,valid\Other\Other valid (340).jpg,557.84,59.18,54.51,1.65,good,Image quality is good. Proceed with assessment.,0
valid,Other,Other valid (341).jpg,valid\Other\Other valid (341).jpg,563.72,59.18,54.5,1.66,good,Image quality is good. Proceed with assessment.,0
valid,Other,Other valid (342).jpg,valid\Other\Other valid (342).jpg,567.43,58.98,54.4,1.65,good,Image quality is good. Proceed with assessment.,0
valid,Other,Other valid (343).jpg,valid\Other\Other valid (343).jpg,565.39,59.0,54.68,1.65,good,Image quality is good. Proceed with assessment.,0
valid,Other,Other valid (344).jpg,valid\Other\Other valid (344).jpg,581.46,53.07,50.92,1.67,good,Image quality is good. Proceed with assessment.,0
valid,Other,Other valid (345).jpg,valid\Other\Other valid (345).jpg,582.64,53.16,51.26,1.68,good,Image quality is good. Proceed with assessment.,0
valid,Other,Other valid (346).jpg,valid\Other\Other valid (346).jpg,583.12,52.93,51.46,1.68,good,Image quality is good. Proceed with assessment.,0
valid,Other,Other valid (347).jpg,valid\Other\Other valid (347).jpg,578.27,51.7,50.85,1.67,good,Image quality is good. Proceed with assessment.,0
valid,Other,Other valid (348).jpg,valid\Other\Other valid (348).jpg,579.86,51.94,51.09,1.67,good,Image quality is good. Proceed with assessment.,0
valid,Other,Other valid (349).jpg,valid\Other\Other valid (349).jpg,580.31,52.0,51.14,1.67,good,Image quality is good. Proceed with assessment.,0
valid,Other,Other valid (35).jpg,valid\Other\Other valid (35).jpg,593.5,36.71,43.33,1.76,good,Image quality is good. Proceed with assessment.,0
valid,Other,Other valid (350).jpg,valid\Other\Other valid (350).jpg,561.01,51.52,51.01,1.63,good,Image quality is good. Proceed with assessment.,0
valid,Other,Other valid (351).jpg,valid\Other\Other valid (351).jpg,559.61,50.26,54.68,1.71,good,Image quality is good. Proceed with assessment.,0
valid,Other,Other valid (352).jpg,valid\Other\Other valid (352).jpg,564.16,49.32,54.16,1.71,good,Image quality is good. Proceed with assessment.,0
valid,Other,Other valid (353).jpg,valid\Other\Other valid (353).jpg,565.17,49.18,54.1,1.71,good,Image quality is good. Proceed with assessment.,0
valid,Other,Other valid (354).jpg,valid\Other\Other valid (354).jpg,579.15,47.66,52.49,1.64,good,Image quality is good. Proceed with assessment.,0
valid,Other,Other valid (355).jpg,valid\Other\Other valid (355).jpg,577.84,48.29,52.06,1.63,good,Image quality is good. Proceed with assessment.,0
valid,Other,Other valid (356).jpg,valid\Other\Other valid (356).jpg,577.99,48.35,52.12,1.64,good,Image quality is good. Proceed with assessment.,0
valid,Other,Other valid (357).jpg,valid\Other\Other valid (357).jpg,576.98,47.12,51.39,1.64,good,Image quality is good. Proceed with assessment.,0
valid,Other,Other valid (358).jpg,valid\Other\Other valid (358).jpg,583.95,56.68,55.27,1.62,good,Image quality is good. Proceed with assessment.,0
valid,Other,Other valid (359).jpg,valid\Other\Other valid (359).jpg,582.64,56.96,55.21,1.61,good,Image quality is good. Proceed with assessment.,0
valid,Other,Other valid (36).jpg,valid\Other\Other valid (36).jpg,595.16,34.15,42.01,1.77,good,Image quality is good. Proceed with assessment.,0
valid,Other,Other valid (360).jpg,valid\Other\Other valid (360).jpg,583.24,57.16,55.29,1.61,good,Image quality is good. Proceed with assessment.,0
valid,Other,Other valid (361).jpg,valid\Other\Other valid (361).jpg,575.62,60.34,60.01,1.68,good,Image quality is good. Proceed with assessment.,0
valid,Other,Other valid (362).jpg,valid\Other\Other valid (362).jpg,575.28,60.37,60.02,1.68,good,Image quality is good. Proceed with assessment.,0
valid,Other,Other valid (363).jpg,valid\Other\Other valid (363).jpg,575.03,60.3,59.86,1.68,good,Image quality is good. Proceed with assessment.,0
valid,Other,Other valid (364).jpg,valid\Other\Other valid (364).jpg,697.42,58.19,52.77,1.96,good,Image quality is good. Proceed with assessment.,0
valid,Other,Other valid (365).jpg,valid\Other\Other valid (365).jpg,698.59,56.03,51.83,1.97,good,Image quality is good. Proceed with assessment.,0
valid,Other,Other valid (366).jpg,valid\Other\Other valid (366).jpg,692.21,55.48,51.64,1.98,good,Image quality is good. Proceed with assessment.,0
valid,Other,Other valid (367).jpg,valid\Other\Other valid (367).jpg,680.54,54.12,50.76,1.97,good,Image quality is good. Proceed with assessment.,0
valid,Other,Other valid (368).jpg,valid\Other\Other valid (368).jpg,678.27,53.93,50.69,1.96,good,Image quality is good. Proceed with assessment.,0
valid,Other,Other valid (369).jpg,valid\Other\Other valid (369).jpg,677.07,53.76,50.6,1.96,good,Image quality is good. Proceed with assessment.,0
valid,Other,Other valid (37).jpg,valid\Other\Other valid (37).jpg,595.28,34.53,42.34,1.77,good,Image quality is good. Proceed with assessment.,0
valid,Other,Other valid (370).jpg,valid\Other\Other valid (370).jpg,667.28,52.44,49.48,1.94,good,Image quality is good. Proceed with assessment.,0
valid,Other,Other valid (371).jpg,valid\Other\Other valid (371).jpg,654.94,51.28,48.22,1.93,good,Image quality is good. Proceed with assessment.,0
valid,Other,Other valid (372).jpg,valid\Other\Other valid (372).jpg,652.1,51.49,48.71,1.91,good,Image quality is good. Proceed with assessment.,0
valid,Other,Other valid (373).jpg,valid\Other\Other valid (373).jpg,661.98,52.15,48.6,1.91,good,Image quality is good. Proceed with assessment.,0
valid,Other,Other valid (374).jpg,valid\Other\Other valid (374).jpg,671.2,53.26,48.11,1.91,good,Image quality is good. Proceed with assessment.,0
valid,Other,Other valid (375).jpg,valid\Other\Other valid (375).jpg,682.54,55.9,48.57,1.89,good,Image quality is good. Proceed with assessment.,0
valid,Other,Other valid (376).jpg,valid\Other\Other valid (376).jpg,686.01,57.1,49.43,1.89,good,Image quality is good. Proceed with assessment.,0
valid,Other,Other valid (377).jpg,valid\Other\Other valid (377).jpg,652.19,60.57,51.56,1.82,good,Image quality is good. Proceed with assessment.,0
valid,Other,Other valid (378).jpg,valid\Other\Other valid (378).jpg,648.81,61.69,52.38,1.81,good,Image quality is good. Proceed with assessment.,0
valid,Other,Other valid (379).jpg,valid\Other\Other valid (379).jpg,650.91,62.28,53.15,1.83,good,Image quality is good. Proceed with assessment.,0
valid,Other,Other valid (38).jpg,valid\Other\Other valid (38).jpg,594.99,34.46,42.37,1.77,good,Image quality is good. Proceed with assessment.,0
valid,Other,Other valid (380).jpg,valid\Other\Other valid (380).jpg,653.19,62.4,53.33,1.84,good,Image quality is good. Proceed with assessment.,0
valid,Other,Other valid (381).jpg,valid\Other\Other valid (381).jpg,652.71,62.46,54.1,1.85,good,Image quality is good. Proceed with assessment.,0
valid,Other,Other valid (382).jpg,valid\Other\Other valid (382).jpg,650.43,62.85,55.35,1.86,good,Image quality is good. Proceed with assessment.,0
valid,Other,Other valid (383).jpg,valid\Other\Other valid (383).jpg,655.34,62.43,54.97,1.89,good,Image quality is good. Proceed with assessment.,0
valid,Other,Other valid (384).jpg,valid\Other\Other valid (384).jpg,655.0,62.6,55.02,1.89,good,Image quality is good. Proceed with assessment.,0
valid,Other,Other valid (385).jpg,valid\Other\Other valid (385).jpg,665.12,60.27,53.16,1.91,good,Image quality is good. Proceed with assessment.,0
valid,Other,Other valid (386).jpg,valid\Other\Other valid (386).jpg,664.93,60.08,52.95,1.91,good,Image quality is good. Proceed with assessment.,0
valid,Other,Other valid (387).jpg,valid\Other\Other valid (387).jpg,665.59,59.9,52.54,1.91,good,Image quality is good. Proceed with assessment.,0
valid,Other,Other valid (388).jpg,valid\Other\Other valid (388).jpg,664.79,60.05,52.16,1.91,good,Image quality is good. Proceed with assessment.,0
valid,Other,Other valid (389).jpg,valid\Other\Other valid (389).jpg,664.92,59.46,51.48,1.91,good,Image quality is good. Proceed with assessment.,0
valid,Other,Other valid (39).jpg,valid\Other\Other valid (39).jpg,594.76,34.57,42.58,1.77,good,Image quality is good. Proceed with assessment.,0
valid,Other,Other valid (390).jpg,valid\Other\Other valid (390).jpg,661.18,58.08,51.49,1.91,good,Image quality is good. Proceed with assessment.,0
valid,Other,Other valid (391).jpg,valid\Other\Other valid (391).jpg,655.78,57.45,51.4,1.9,good,Image quality is good. Proceed with assessment.,0
valid,Other,Other valid (392).jpg,valid\Other\Other valid (392).jpg,659.55,57.22,51.63,1.91,good,Image quality is good. Proceed with assessment.,0
valid,Other,Other valid (393).jpg,valid\Other\Other valid (393).jpg,659.25,56.77,52.38,1.92,good,Image quality is good. Proceed with assessment.,0
valid,Other,Other valid (394).jpg,valid\Other\Other valid (394).jpg,652.36,56.18,52.23,1.91,good,Image quality is good. Proceed with assessment.,0
valid,Other,Other valid (395).jpg,valid\Other\Other valid (395).jpg,650.89,56.17,52.24,1.91,good,Image quality is good. Proceed with assessment.,0
valid,Other,Other valid (396).jpg,valid\Other\Other valid (396).jpg,649.65,56.07,52.14,1.91,good,Image quality is good. Proceed with assessment.,0
valid,Other,Other valid (397).jpg,valid\Other\Other valid (397).jpg,649.28,56.14,52.29,1.92,good,Image quality is good. Proceed with assessment.,0
valid,Other,Other valid (398).jpg,valid\Other\Other valid (398).jpg,647.68,56.08,52.22,1.92,good,Image quality is good. Proceed with assessment.,0
valid,Other,Other valid (399).jpg,valid\Other\Other valid (399).jpg,647.16,56.11,52.26,1.92,good,Image quality is good. Proceed with assessment.,0
valid,Other,Other valid (4).jpg,valid\Other\Other valid (4).jpg,640.62,50.33,41.9,2.03,good,Image quality is good. Proceed with assessment.,0
valid,Other,Other valid (40).jpg,valid\Other\Other valid (40).jpg,596.99,34.02,43.15,1.78,good,Image quality is good. Proceed with assessment.,0
valid,Other,Other valid (400).jpg,valid\Other\Other valid (400).jpg,646.94,56.24,52.6,1.92,good,Image quality is good. Proceed with assessment.,0
valid,Other,Other valid (401).jpg,valid\Other\Other valid (401).jpg,648.32,56.26,52.68,1.92,good,Image quality is good. Proceed with assessment.,0
valid,Other,Other valid (402).jpg,valid\Other\Other valid (402).jpg,649.1,56.24,52.73,1.92,good,Image quality is good. Proceed with assessment.,0
valid,Other,Other valid (403).jpg,valid\Other\Other valid (403).jpg,653.45,56.47,53.03,1.92,good,Image quality is good. Proceed with assessment.,0
valid,Other,Other valid (404).jpg,valid\Other\Other valid (404).jpg,647.87,56.54,53.17,1.91,good,Image quality is good. Proceed with assessment.,0
valid,Other,Other valid (405).jpg,valid\Other\Other valid (405).jpg,652.04,63.21,54.23,1.93,good,Image quality is good. Proceed with assessment.,0
valid,Other,Other valid (406).jpg,valid\Other\Other valid (406).jpg,656.52,62.77,54.27,1.94,good,Image quality is good. Proceed with assessment.,0
valid,Other,Other valid (407).jpg,valid\Other\Other valid (407).jpg,657.41,62.36,54.0,1.94,good,Image quality is good. Proceed with assessment.,0
valid,Other,Other valid (408).jpg,valid\Other\Other valid (408).jpg,656.98,61.68,53.58,1.94,good,Image quality is good. Proceed with assessment.,0
valid,Other,Other valid (409).jpg,valid\Other\Other valid (409).jpg,655.9,59.72,52.84,1.96,good,Image quality is good. Proceed with assessment.,0
valid,Other,Other valid (41).jpg,valid\Other\Other valid (41).jpg,597.53,34.06,43.21,1.77,good,Image quality is good. Proceed with assessment.,0
valid,Other,Other valid (410).jpg,valid\Other\Other valid (410).jpg,656.07,59.42,52.93,1.96,good,Image quality is good. Proceed with assessment.,0
valid,Other,Other valid (411).jpg,valid\Other\Other valid (411).jpg,655.64,59.18,52.92,1.96,good,Image quality is good. Proceed with assessment.,0
valid,Other,Other valid (412).jpg,valid\Other\Other valid (412).jpg,654.57,59.03,52.94,1.96,good,Image quality is good. Proceed with assessment.,0
valid,Other,Other valid (413).jpg,valid\Other\Other valid (413).jpg,654.6,58.92,52.97,1.96,good,Image quality is good. Proceed with assessment.,0
valid,Other,Other valid (414).jpg,valid\Other\Other valid (414).jpg,656.1,57.86,52.66,1.95,good,Image quality is good. Proceed with assessment.,0
valid,Other,Other valid (415).jpg,valid\Other\Other valid (415).jpg,572.54,55.64,57.75,1.99,good,Image quality is good. Proceed with assessment.,0
valid,Other,Other valid (416).jpg,valid\Other\Other valid (416).jpg,574.02,55.35,57.55,1.99,good,Image quality is good. Proceed with assessment.,0
valid,Other,Other valid (417).jpg,valid\Other\Other valid (417).jpg,573.66,55.17,57.22,1.98,good,Image quality is good. Proceed with assessment.,0
valid,Other,Other valid (418).jpg,valid\Other\Other valid (418).jpg,574.11,55.64,57.01,1.98,good,Image quality is good. Proceed with assessment.,0
valid,Other,Other valid (419).jpg,valid\Other\Other valid (419).jpg,575.26,56.04,56.26,1.95,good,Image quality is good. Proceed with assessment.,0
valid,Other,Other valid (42).jpg,valid\Other\Other valid (42).jpg,597.91,33.8,43.14,1.76,good,Image quality is good. Proceed with assessment.,0
valid,Other,Other valid (420).jpg,valid\Other\Other valid (420).jpg,412.41,40.57,41.93,1.41,good,Image quality is good. Proceed with assessment.,0
valid,Other,Other valid (421).jpg,valid\Other\Other valid (421).jpg,411.95,40.78,42.14,1.41,good,Image quality is good. Proceed with assessment.,0
valid,Other,Other valid (422).jpg,valid\Other\Other valid (422).jpg,418.54,40.89,42.58,1.44,good,Image quality is good. Proceed with assessment.,0
valid,Other,Other valid (423).jpg,valid\Other\Other valid (423).jpg,422.81,40.9,42.82,1.46,good,Image quality is good. Proceed with assessment.,0
valid,Other,Other valid (424).jpg,valid\Other\Other valid (424).jpg,416.46,42.31,42.23,1.45,good,Image quality is good. Proceed with assessment.,0
valid,Other,Other valid (425).jpg,valid\Other\Other valid (425).jpg,415.17,42.06,42.17,1.47,good,Image quality is good. Proceed with assessment.,0
valid,Other,Other valid (426).jpg,valid\Other\Other valid (426).jpg,408.77,42.16,41.96,1.45,good,Image quality is good. Proceed with assessment.,0
valid,Other,Other valid (427).jpg,valid\Other\Other valid (427).jpg,413.9,42.42,42.71,1.49,good,Image quality is good. Proceed with assessment.,0
valid,Other,Other valid (428).jpg,valid\Other\Other valid (428).jpg,431.44,42.38,43.99,1.49,good,Image quality is good. Proceed with assessment.,0
valid,Other,Other valid (429).jpg,valid\Other\Other valid (429).jpg,432.57,42.36,43.93,1.48,good,Image quality is good. Proceed with assessment.,0
valid,Other,Other valid (43).jpg,valid\Other\Other valid (43).jpg,598.2,33.81,43.18,1.76,good,Image quality is good. Proceed with assessment.,0
valid,Other,Other valid (430).jpg,valid\Other\Other valid (430).jpg,425.24,41.86,43.5,1.44,good,Image quality is good. Proceed with assessment.,0
valid,Other,Other valid (431).jpg,valid\Other\Other valid (431).jpg,595.14,54.2,50.19,1.86,good,Image quality is good. Proceed with assessment.,0
valid,Other,Other valid (432).jpg,valid\Other\Other valid (432).jpg,592.44,54.46,50.84,1.87,good,Image quality is good. Proceed with assessment.,0
valid,Other,Other valid (433).jpg,valid\Other\Other valid (433).jpg,599.61,54.25,45.92,1.9,good,Image quality is good. Proceed with assessment.,0
valid,Other,Other valid (434).jpg,valid\Other\Other valid (434).jpg,599.94,54.36,46.03,1.9,good,Image quality is good. Proceed with assessment.,0
valid,Other,Other valid (435).jpg,valid\Other\Other valid (435).jpg,613.08,55.35,54.03,1.82,good,Image quality is good. Proceed with assessment.,0
valid,Other,Other valid (436).jpg,valid\Other\Other valid (436).jpg,626.27,53.65,51.35,1.76,good,Image quality is good. Proceed with assessment.,0
valid,Other,Other valid (437).jpg,valid\Other\Other valid (437).jpg,623.43,52.91,53.45,1.79,good,Image quality is good. Proceed with assessment.,0
valid,Other,Other valid (438).jpg,valid\Other\Other valid (438).jpg,616.48,52.98,53.61,1.78,good,Image quality is good. Proceed with assessment.,0
valid,Other,Other valid (439).jpg,valid\Other\Other valid (439).jpg,622.87,53.26,53.74,1.79,good,Image quality is good. Proceed with assessment.,0
valid,Other,Other valid (44).jpg,valid\Other\Other valid (44).jpg,598.68,33.53,43.18,1.77,good,Image quality is good. Proceed with assessment.,0
valid,Other,Other valid (440).jpg,valid\Other\Other valid (440).jpg,624.43,56.33,55.24,1.8,good,Image quality is good. Proceed with assessment.,0
valid,Other,Other valid (441).jpg,valid\Other\Other valid (441).jpg,623.1,56.79,55.32,1.81,good,Image quality is good. Proceed with assessment.,0
valid,Other,Other valid (442).jpg,valid\Other\Other valid (442).jpg,621.84,56.77,55.43,1.81,good,Image quality is good. Proceed with assessment.,0
valid,Other,Other valid (443).jpg,valid\Other\Other valid (443).jpg,619.69,58.03,56.57,1.83,good,Image quality is good. Proceed with assessment.,0
valid,Other,Other valid (444).jpg,valid\Other\Other valid (444).jpg,620.84,57.87,56.57,1.83,good,Image quality is good. Proceed with assessment.,0
valid,Other,Other valid (445).jpg,valid\Other\Other valid (445).jpg,621.82,56.98,56.39,1.84,good,Image quality is good. Proceed with assessment.,0
valid,Other,Other valid (446).jpg,valid\Other\Other valid (446).jpg,603.4,48.18,49.88,1.76,good,Image quality is good. Proceed with assessment.,0
valid,Other,Other valid (447).jpg,valid\Other\Other valid (447).jpg,608.17,48.25,49.92,1.77,good,Image quality is good. Proceed with assessment.,0
valid,Other,Other valid (448).jpg,valid\Other\Other valid (448).jpg,608.32,48.41,50.01,1.77,good,Image quality is good. Proceed with assessment.,0
valid,Other,Other valid (449).jpg,valid\Other\Other valid (449).jpg,616.94,48.64,50.17,1.79,good,Image quality is good. Proceed with assessment.,0
valid,Other,Other valid (45).jpg,valid\Other\Other valid (45).jpg,599.35,33.13,42.73,1.77,good,Image quality is good. Proceed with assessment.,0
valid,Other,Other valid (450).jpg,valid\Other\Other valid (450).jpg,625.34,48.8,50.3,1.8,good,Image quality is good. Proceed with assessment.,0
valid,Other,Other valid (451).jpg,valid\Other\Other valid (451).jpg,628.36,48.93,50.44,1.8,good,Image quality is good. Proceed with assessment.,0
valid,Other,Other valid (452).jpg,valid\Other\Other valid (452).jpg,627.97,48.98,50.51,1.8,good,Image quality is good. Proceed with assessment.,0
valid,Other,Other valid (453).jpg,valid\Other\Other valid (453).jpg,626.85,48.99,50.65,1.79,good,Image quality is good. Proceed with assessment.,0
valid,Other,Other valid (454).jpg,valid\Other\Other valid (454).jpg,626.53,49.51,51.48,1.8,good,Image quality is good. Proceed with assessment.,0
valid,Other,Other valid (455).jpg,valid\Other\Other valid (455).jpg,626.0,50.04,52.11,1.8,good,Image quality is good. Proceed with assessment.,0
valid,Other,Other valid (456).jpg,valid\Other\Other valid (456).jpg,628.14,50.71,53.58,1.81,good,Image quality is good. Proceed with assessment.,0
valid,Other,Other valid (457).jpg,valid\Other\Other valid (457).jpg,644.35,49.49,55.33,1.85,good,Image quality is good. Proceed with assessment.,0
valid,Other,Other valid (458).jpg,valid\Other\Other valid (458).jpg,645.09,49.49,55.49,1.86,good,Image quality is good. Proceed with assessment.,0
valid,Other,Other valid (459).jpg,valid\Other\Other valid (459).jpg,645.73,49.45,55.57,1.86,good,Image quality is good. Proceed with assessment.,0
valid,Other,Other valid (46).jpg,valid\Other\Other valid (46).jpg,594.91,33.1,42.74,1.76,good,Image quality is good. Proceed with assessment.,0
valid,Other,Other valid (460).jpg,valid\Other\Other valid (460).jpg,646.7,49.61,55.62,1.85,good,Image quality is good. Proceed with assessment.,0
valid,Other,Other valid (461).jpg,valid\Other\Other valid (461).jpg,647.13,50.18,55.67,1.85,good,Image quality is good. Proceed with assessment.,0
valid,Other,Other valid (462).jpg,valid\Other\Other valid (462).jpg,639.34,51.09,54.6,1.82,good,Image quality is good. Proceed with assessment.,0
valid,Other,Other valid (463).jpg,valid\Other\Other valid (463).jpg,637.17,51.46,54.51,1.82,good,Image quality is good. Proceed with assessment.,0
valid,Other,Other valid (464).jpg,valid\Other\Other valid (464).jpg,639.05,51.56,55.71,1.86,good,Image quality is good. Proceed with assessment.,0
valid,Other,Other valid (465).jpg,valid\Other\Other valid (465).jpg,641.41,51.77,56.28,1.87,good,Image quality is good. Proceed with assessment.,0
valid,Other,Other valid (466).jpg,valid\Other\Other valid (466).jpg,641.83,51.16,55.89,1.87,good,Image quality is good. Proceed with assessment.,0
valid,Other,Other valid (467).jpg,valid\Other\Other valid (467).jpg,642.38,51.18,55.95,1.87,good,Image quality is good. Proceed with assessment.,0
valid,Other,Other valid (468).jpg,valid\Other\Other valid (468).jpg,642.36,51.22,56.23,1.87,good,Image quality is good. Proceed with assessment.,0
valid,Other,Other valid (469).jpg,valid\Other\Other valid (469).jpg,636.69,51.41,56.38,1.86,good,Image quality is good. Proceed with assessment.,0
valid,Other,Other valid (47).jpg,valid\Other\Other valid (47).jpg,597.99,32.97,42.59,1.78,good,Image quality is good. Proceed with assessment.,0
valid,Other,Other valid (470).jpg,valid\Other\Other valid (470).jpg,639.72,52.17,56.08,1.86,good,Image quality is good. Proceed with assessment.,0
valid,Other,Other valid (471).jpg,valid\Other\Other valid (471).jpg,637.38,52.45,55.99,1.85,good,Image quality is good. Proceed with assessment.,0
valid,Other,Other valid (472).jpg,valid\Other\Other valid (472).jpg,637.49,53.61,56.16,1.85,good,Image quality is good. Proceed with assessment.,0
valid,Other,Other valid (473).jpg,valid\Other\Other valid (473).jpg,638.67,53.45,56.21,1.85,good,Image quality is good. Proceed with assessment.,0
valid,Other,Other valid (474).jpg,valid\Other\Other valid (474).jpg,639.04,53.41,56.21,1.85,good,Image quality is good. Proceed with assessment.,0
valid,Other,Other valid (475).jpg,valid\Other\Other valid (475).jpg,641.91,53.97,56.5,1.86,good,Image quality is good. Proceed with assessment.,0
valid,Other,Other valid (476).jpg,valid\Other\Other valid (476).jpg,635.49,53.95,56.52,1.85,good,Image quality is good. Proceed with assessment.,0
valid,Other,Other valid (477).jpg,valid\Other\Other valid (477).jpg,639.82,53.78,56.53,1.86,good,Image quality is good. Proceed with assessment.,0
valid,Other,Other valid (478).jpg,valid\Other\Other valid (478).jpg,641.8,53.75,56.79,1.87,good,Image quality is good. Proceed with assessment.,0
valid,Other,Other valid (479).jpg,valid\Other\Other valid (479).jpg,642.0,53.38,56.78,1.88,good,Image quality is good. Proceed with assessment.,0
valid,Other,Other valid (48).jpg,valid\Other\Other valid (48).jpg,597.82,32.93,42.58,1.78,good,Image quality is good. Proceed with assessment.,0
valid,Other,Other valid (480).jpg,valid\Other\Other valid (480).jpg,642.04,53.26,56.81,1.88,good,Image quality is good. Proceed with assessment.,0
valid,Other,Other valid (481).jpg,valid\Other\Other valid (481).jpg,642.29,53.18,56.83,1.88,good,Image quality is good. Proceed with assessment.,0
valid,Other,Other valid (482).jpg,valid\Other\Other valid (482).jpg,642.23,53.29,56.93,1.88,good,Image quality is good. Proceed with assessment.,0
valid,Other,Other valid (483).jpg,valid\Other\Other valid (483).jpg,643.36,53.76,57.41,1.88,good,Image quality is good. Proceed with assessment.,0
valid,Other,Other valid (484).jpg,valid\Other\Other valid (484).jpg,643.59,53.42,57.29,1.88,good,Image quality is good. Proceed with assessment.,0
valid,Other,Other valid (485).jpg,valid\Other\Other valid (485).jpg,644.48,53.43,57.39,1.89,good,Image quality is good. Proceed with assessment.,0
valid,Other,Other valid (486).jpg,valid\Other\Other valid (486).jpg,644.2,53.43,57.4,1.89,good,Image quality is good. Proceed with assessment.,0
valid,Other,Other valid (487).jpg,valid\Other\Other valid (487).jpg,643.3,52.93,57.5,1.88,good,Image quality is good. Proceed with assessment.,0
valid,Other,Other valid (488).jpg,valid\Other\Other valid (488).jpg,562.68,65.34,47.34,1.84,good,Image quality is good. Proceed with assessment.,0
valid,Other,Other valid (489).jpg,valid\Other\Other valid (489).jpg,566.12,64.66,46.96,1.84,good,Image quality is good. Proceed with assessment.,0
valid,Other,Other valid (49).jpg,valid\Other\Other valid (49).jpg,598.23,32.74,42.53,1.78,good,Image quality is good. Proceed with assessment.,0
valid,Other,Other valid (490).jpg,valid\Other\Other valid (490).jpg,566.86,64.64,46.79,1.85,good,Image quality is good. Proceed with assessment.,0
valid,Other,Other valid (491).jpg,valid\Other\Other valid (491).jpg,568.03,62.72,46.86,1.87,good,Image quality is good. Proceed with assessment.,0
valid,Other,Other valid (492).jpg,valid\Other\Other valid (492).jpg,569.3,61.48,46.33,1.9,good,Image quality is good. Proceed with assessment.,0
valid,Other,Other valid (493).jpg,valid\Other\Other valid (493).jpg,568.22,61.73,46.63,1.92,good,Image quality is good. Proceed with assessment.,0
valid,Other,Other valid (494).jpg,valid\Other\Other valid (494).jpg,566.28,62.55,47.28,1.9,good,Image quality is good. Proceed with assessment.,0
valid,Other,Other valid (495).jpg,valid\Other\Other valid (495).jpg,567.34,62.94,47.4,1.9,good,Image quality is good. Proceed with assessment.,0
valid,Other,Other valid (496).jpg,valid\Other\Other valid (496).jpg,572.05,62.65,47.1,1.93,good,Image quality is good. Proceed with assessment.,0
valid,Other,Other valid (497).jpg,valid\Other\Other valid (497).jpg,573.22,62.76,47.15,1.93,good,Image quality is good. Proceed with assessment.,0
valid,Other,Other valid (498).jpg,valid\Other\Other valid (498).jpg,573.51,62.94,47.23,1.94,good,Image quality is good. Proceed with assessment.,0
valid,Other,Other valid (499).jpg,valid\Other\Other valid (499).jpg,572.39,62.86,47.25,1.93,good,Image quality is good. Proceed with assessment.,0
valid,Other,Other valid (5).jpg,valid\Other\Other valid (5).jpg,641.85,50.76,42.03,2.07,good,Image quality is good. Proceed with assessment.,0
valid,Other,Other valid (50).jpg,valid\Other\Other valid (50).jpg,598.9,32.68,42.51,1.78,good,Image quality is good. Proceed with assessment.,0
valid,Other,Other valid (500).jpg,valid\Other\Other valid (500).jpg,571.96,62.78,47.19,1.96,good,Image quality is good. Proceed with assessment.,0
valid,Other,Other valid (501).jpg,valid\Other\Other valid (501).jpg,570.28,62.8,47.2,1.95,good,Image quality is good. Proceed with assessment.,0
valid,Other,Other valid (502).jpg,valid\Other\Other valid (502).jpg,569.63,62.99,47.43,1.95,good,Image quality is good. Proceed with assessment.,0
valid,Other,Other valid (503).jpg,valid\Other\Other valid (503).jpg,569.34,62.88,47.59,1.96,good,Image quality is good. Proceed with assessment.,0
valid,Other,Other valid (504).jpg,valid\Other\Other valid (504).jpg,569.75,62.79,47.61,1.96,good,Image quality is good. Proceed with assessment.,0
valid,Other,Other valid (505).jpg,valid\Other\Other valid (505).jpg,569.29,62.75,47.64,1.95,good,Image quality is good. Proceed with assessment.,0
valid,Other,Other valid (506).jpg,valid\Other\Other valid (506).jpg,567.32,62.49,47.48,1.93,good,Image quality is good. Proceed with assessment.,0
valid,Other,Other valid (507).jpg,valid\Other\Other valid (507).jpg,567.19,62.55,47.58,1.93,good,Image quality is good. Proceed with assessment.,0
valid,Other,Other valid (508).jpg,valid\Other\Other valid (508).jpg,566.99,62.53,47.55,1.93,good,Image quality is good. Proceed with assessment.,0
valid,Other,Other valid (509).jpg,valid\Other\Other valid (509).jpg,566.2,62.57,47.5,1.92,good,Image quality is good. Proceed with assessment.,0
valid,Other,Other valid (51).jpg,valid\Other\Other valid (51).jpg,598.82,32.53,42.53,1.8,good,Image quality is good. Proceed with assessment.,0
valid,Other,Other valid (510).jpg,valid\Other\Other valid (510).jpg,566.33,62.67,47.59,1.92,good,Image quality is good. Proceed with assessment.,0
valid,Other,Other valid (511).jpg,valid\Other\Other valid (511).jpg,564.9,62.72,47.88,1.91,good,Image quality is good. Proceed with assessment.,0
valid,Other,Other valid (512).jpg,valid\Other\Other valid (512).jpg,563.64,62.72,47.92,1.92,good,Image quality is good. Proceed with assessment.,0
valid,Other,Other valid (513).jpg,valid\Other\Other valid (513).jpg,563.86,62.78,47.91,1.92,good,Image quality is good. Proceed with assessment.,0
valid,Other,Other valid (514).jpg,valid\Other\Other valid (514).jpg,563.93,62.9,47.98,1.92,good,Image quality is good. Proceed with assessment.,0
valid,Other,Other valid (515).jpg,valid\Other\Other valid (515).jpg,561.83,63.22,48.27,1.93,good,Image quality is good. Proceed with assessment.,0
valid,Other,Other valid (516).jpg,valid\Other\Other valid (516).jpg,560.39,63.33,47.92,1.92,good,Image quality is good. Proceed with assessment.,0
valid,Other,Other valid (517).jpg,valid\Other\Other valid (517).jpg,558.98,63.63,47.64,1.91,good,Image quality is good. Proceed with assessment.,0
valid,Other,Other valid (518).jpg,valid\Other\Other valid (518).jpg,557.24,63.79,47.77,1.92,good,Image quality is good. Proceed with assessment.,0
valid,Other,Other valid (519).jpg,valid\Other\Other valid (519).jpg,551.63,63.81,47.21,1.88,good,Image quality is good. Proceed with assessment.,0
valid,Other,Other valid (52).jpg,valid\Other\Other valid (52).jpg,598.69,32.39,42.42,1.8,good,Image quality is good. Proceed with assessment.,0
valid,Other,Other valid (520).jpg,valid\Other\Other valid (520).jpg,551.14,63.76,47.13,1.88,good,Image quality is good. Proceed with assessment.,0
valid,Other,Other valid (521).jpg,valid\Other\Other valid (521).jpg,550.05,63.43,46.82,1.9,good,Image quality is good. Proceed with assessment.,0
valid,Other,Other valid (522).jpg,valid\Other\Other valid (522).jpg,548.81,62.93,46.59,1.9,good,Image quality is good. Proceed with assessment.,0
valid,Other,Other valid (523).jpg,valid\Other\Other valid (523).jpg,546.96,61.55,45.74,1.87,good,Image quality is good. Proceed with assessment.,0
valid,Other,Other valid (524).jpg,valid\Other\Other valid (524).jpg,546.54,61.22,45.56,1.86,good,Image quality is good. Proceed with assessment.,0
valid,Other,Other valid (525).jpg,valid\Other\Other valid (525).jpg,549.32,61.12,45.66,1.88,good,Image quality is good. Proceed with assessment.,0
valid,Other,Other valid (526).jpg,valid\Other\Other valid (526).jpg,548.96,61.22,45.8,1.89,good,Image quality is good. Proceed with assessment.,0
valid,Other,Other valid (527).jpg,valid\Other\Other valid (527).jpg,549.17,61.16,45.89,1.9,good,Image quality is good. Proceed with assessment.,0
valid,Other,Other valid (528).jpg,valid\Other\Other valid (528).jpg,551.87,61.91,47.19,1.93,good,Image quality is good. Proceed with assessment.,0
valid,Other,Other valid (529).jpg,valid\Other\Other valid (529).jpg,725.87,85.43,55.34,2.29,good,Image quality is good. Proceed with assessment.,0
valid,Other,Other valid (53).jpg,valid\Other\Other valid (53).jpg,599.22,32.19,42.41,1.8,good,Image quality is good. Proceed with assessment.,0
valid,Other,Other valid (530).jpg,valid\Other\Other valid (530).jpg,725.01,85.45,55.35,2.29,good,Image quality is good. Proceed with assessment.,0
valid,Other,Other valid (531).jpg,valid\Other\Other valid (531).jpg,727.4,85.29,55.26,2.27,good,Image quality is good. Proceed with assessment.,0
valid,Other,Other valid (532).jpg,valid\Other\Other valid (532).jpg,732.75,83.54,54.31,2.2,good,Image quality is good. Proceed with assessment.,0
valid,Other,Other valid (533).jpg,valid\Other\Other valid (533).jpg,727.81,83.52,54.01,2.19,good,Image quality is good. Proceed with assessment.,0
valid,Other,Other valid (534).jpg,valid\Other\Other valid (534).jpg,724.34,83.44,53.92,2.17,good,Image quality is good. Proceed with assessment.,0
valid,Other,Other valid (535).jpg,valid\Other\Other valid (535).jpg,730.32,83.48,53.89,2.16,good,Image quality is good. Proceed with assessment.,0
valid,Other,Other valid (536).jpg,valid\Other\Other valid (536).jpg,734.05,83.5,54.13,2.16,good,Image quality is good. Proceed with assessment.,0
valid,Other,Other valid (537).jpg,valid\Other\Other valid (537).jpg,735.49,83.81,53.79,2.15,good,Image quality is good. Proceed with assessment.,0
valid,Other,Other valid (538).jpg,valid\Other\Other valid (538).jpg,732.4,83.58,53.83,2.14,good,Image quality is good. Proceed with assessment.,0
valid,Other,Other valid (539).jpg,valid\Other\Other valid (539).jpg,731.8,83.26,54.09,2.14,good,Image quality is good. Proceed with assessment.,0
valid,Other,Other valid (54).jpg,valid\Other\Other valid (54).jpg,598.86,31.97,42.33,1.8,good,Image quality is good. Proceed with assessment.,0
valid,Other,Other valid (540).jpg,valid\Other\Other valid (540).jpg,732.63,83.12,54.28,2.15,good,Image quality is good. Proceed with assessment.,0
valid,Other,Other valid (541).jpg,valid\Other\Other valid (541).jpg,733.65,82.84,54.4,2.14,good,Image quality is good. Proceed with assessment.,0
valid,Other,Other valid (542).jpg,valid\Other\Other valid (542).jpg,717.78,80.67,53.84,2.12,good,Image quality is good. Proceed with assessment.,0
valid,Other,Other valid (543).jpg,valid\Other\Other valid (543).jpg,712.92,80.38,54.08,2.13,good,Image quality is good. Proceed with assessment.,0
valid,Other,Other valid (544).jpg,valid\Other\Other valid (544).jpg,695.85,79.11,53.01,2.1,good,Image quality is good. Proceed with assessment.,0
valid,Other,Other valid (545).jpg,valid\Other\Other valid (545).jpg,695.25,79.13,53.24,2.12,good,Image quality is good. Proceed with assessment.,0
valid,Other,Other valid (546).jpg,valid\Other\Other valid (546).jpg,693.49,79.06,53.15,2.12,good,Image quality is good. Proceed with assessment.,0
valid,Other,Other valid (547).jpg,valid\Other\Other valid (547).jpg,691.47,79.0,53.26,2.13,good,Image quality is good. Proceed with assessment.,0
valid,Other,Other valid (548).jpg,valid\Other\Other valid (548).jpg,687.19,78.64,52.95,2.12,good,Image quality is good. Proceed with assessment.,0
valid,Other,Other valid (549).jpg,valid\Other\Other valid (549).jpg,681.09,77.69,51.83,2.11,good,Image quality is good. Proceed with assessment.,0
valid,Other,Other valid (55).jpg,valid\Other\Other valid (55).jpg,598.35,31.74,42.14,1.79,good,Image quality is good. Proceed with assessment.,0
valid,Other,Other valid (550).jpg,valid\Other\Other valid (550).jpg,685.78,78.23,51.71,2.08,good,Image quality is good. Proceed with assessment.,0
valid,Other,Other valid (551).jpg,valid\Other\Other valid (551).jpg,688.57,78.55,51.76,2.08,good,Image quality is good. Proceed with assessment.,0
valid,Other,Other valid (552).jpg,valid\Other\Other valid (552).jpg,714.21,79.83,52.07,2.09,good,Image quality is good. Proceed with assessment.,0
valid,Other,Other valid (553).jpg,valid\Other\Other valid (553).jpg,730.22,82.93,54.52,2.12,good,Image quality is good. Proceed with assessment.,0
valid,Other,Other valid (554).jpg,valid\Other\Other valid (554).jpg,735.68,83.1,54.52,2.13,good,Image quality is good. Proceed with assessment.,0
valid,Other,Other valid (555).jpg,valid\Other\Other valid (555).jpg,475.44,47.58,59.71,1.7,good,Image quality is good. Proceed with assessment.,0
valid,Other,Other valid (556).jpg,valid\Other\Other valid (556).jpg,478.68,47.31,59.41,1.69,good,Image quality is good. Proceed with assessment.,0
valid,Other,Other valid (557).jpg,valid\Other\Other valid (557).jpg,488.91,44.93,57.39,1.67,good,Image quality is good. Proceed with assessment.,0
valid,Other,Other valid (558).jpg,valid\Other\Other valid (558).jpg,488.14,44.67,57.13,1.67,good,Image quality is good. Proceed with assessment.,0
valid,Other,Other valid (559).jpg,valid\Other\Other valid (559).jpg,482.56,43.95,55.95,1.69,good,Image quality is good. Proceed with assessment.,0
valid,Other,Other valid (56).jpg,valid\Other\Other valid (56).jpg,597.62,31.05,41.58,1.77,good,Image quality is good. Proceed with assessment.,0
valid,Other,Other valid (560).jpg,valid\Other\Other valid (560).jpg,481.86,43.89,55.78,1.7,good,Image quality is good. Proceed with assessment.,0
valid,Other,Other valid (561).jpg,valid\Other\Other valid (561).jpg,479.02,43.89,55.36,1.7,good,Image quality is good. Proceed with assessment.,0
valid,Other,Other valid (562).jpg,valid\Other\Other valid (562).jpg,475.5,44.02,55.35,1.7,good,Image quality is good. Proceed with assessment.,0
valid,Other,Other valid (563).jpg,valid\Other\Other valid (563).jpg,475.14,43.96,55.28,1.7,good,Image quality is good. Proceed with assessment.,0
valid,Other,Other valid (564).jpg,valid\Other\Other valid (564).jpg,471.79,43.79,55.03,1.7,good,Image quality is good. Proceed with assessment.,0
valid,Other,Other valid (565).jpg,valid\Other\Other valid (565).jpg,466.45,43.53,54.57,1.68,good,Image quality is good. Proceed with assessment.,0
valid,Other,Other valid (566).jpg,valid\Other\Other valid (566).jpg,464.27,43.29,54.36,1.62,good,Image quality is good. Proceed with assessment.,0
valid,Other,Other valid (567).jpg,valid\Other\Other valid (567).jpg,579.52,54.67,36.93,2.05,good,Image quality is good. Proceed with assessment.,0
valid,Other,Other valid (568).jpg,valid\Other\Other valid (568).jpg,575.24,54.45,36.98,2.05,good,Image quality is good. Proceed with assessment.,0
valid,Other,Other valid (569).jpg,valid\Other\Other valid (569).jpg,569.72,54.57,37.95,2.03,good,Image quality is good. Proceed with assessment.,0
valid,Other,Other valid (57).jpg,valid\Other\Other valid (57).jpg,592.3,80.41,61.24,1.73,good,Image quality is good. Proceed with assessment.,0
valid,Other,Other valid (570).jpg,valid\Other\Other valid (570).jpg,561.6,53.13,38.3,2.05,good,Image quality is good. Proceed with assessment.,0
valid,Other,Other valid (571).jpg,valid\Other\Other valid (571).jpg,557.55,52.45,37.02,1.97,good,Image quality is good. Proceed with assessment.,0
valid,Other,Other valid (572).jpg,valid\Other\Other valid (572).jpg,559.68,51.85,35.55,1.95,good,Image quality is good. Proceed with assessment.,0
valid,Other,Other valid (573).jpg,valid\Other\Other valid (573).jpg,558.22,51.89,35.66,1.96,good,Image quality is good. Proceed with assessment.,0
valid,Other,Other valid (574).jpg,valid\Other\Other valid (574).jpg,557.63,53.04,37.13,1.98,good,Image quality is good. Proceed with assessment.,0
valid,Other,Other valid (575).jpg,valid\Other\Other valid (575).jpg,559.82,53.21,37.25,1.98,good,Image quality is good. Proceed with assessment.,0
valid,Other,Other valid (576).jpg,valid\Other\Other valid (576).jpg,560.15,52.72,37.33,1.98,good,Image quality is good. Proceed with assessment.,0
valid,Other,Other valid (577).jpg,valid\Other\Other valid (577).jpg,567.37,52.84,37.17,2.01,good,Image quality is good. Proceed with assessment.,0
valid,Other,Other valid (578).jpg,valid\Other\Other valid (578).jpg,568.74,53.34,37.42,2.01,good,Image quality is good. Proceed with assessment.,0
valid,Other,Other valid (579).jpg,valid\Other\Other valid (579).jpg,573.49,55.95,38.97,2.04,good,Image quality is good. Proceed with assessment.,0
valid,Other,Other valid (58).jpg,valid\Other\Other valid (58).jpg,591.89,80.35,61.05,1.73,good,Image quality is good. Proceed with assessment.,0
valid,Other,Other valid (580).jpg,valid\Other\Other valid (580).jpg,573.11,56.13,38.89,2.06,good,Image quality is good. Proceed with assessment.,0
valid,Other,Other valid (581).jpg,valid\Other\Other valid (581).jpg,573.42,55.75,38.56,2.06,good,Image quality is good. Proceed with assessment.,0
valid,Other,Other valid (582).jpg,valid\Other\Other valid (582).jpg,570.16,52.96,37.15,2.04,good,Image quality is good. Proceed with assessment.,0
valid,Other,Other valid (583).jpg,valid\Other\Other valid (583).jpg,568.43,51.62,35.71,2.04,good,Image quality is good. Proceed with assessment.,0
valid,Other,Other valid (584).jpg,valid\Other\Other valid (584).jpg,561.56,50.91,36.41,2.01,good,Image quality is good. Proceed with assessment.,0
valid,Other,Other valid (585).jpg,valid\Other\Other valid (585).jpg,561.37,50.96,36.64,2.02,good,Image quality is good. Proceed with assessment.,0
valid,Other,Other valid (586).jpg,valid\Other\Other valid (586).jpg,558.51,51.95,38.49,2.03,good,Image quality is good. Proceed with assessment.,0
valid,Other,Other valid (587).jpg,valid\Other\Other valid (587).jpg,487.59,54.94,60.94,1.59,good,Image quality is good. Proceed with assessment.,0
valid,Other,Other valid (588).jpg,valid\Other\Other valid (588).jpg,506.3,53.28,58.68,1.54,good,Image quality is good. Proceed with assessment.,0
valid,Other,Other valid (589).jpg,valid\Other\Other valid (589).jpg,530.19,53.66,59.35,1.56,good,Image quality is good. Proceed with assessment.,0
valid,Other,Other valid (59).jpg,valid\Other\Other valid (59).jpg,559.08,82.54,53.28,1.72,good,Image quality is good. Proceed with assessment.,0
valid,Other,Other valid (590).jpg,valid\Other\Other valid (590).jpg,543.52,54.16,59.66,1.58,good,Image quality is good. Proceed with assessment.,0
valid,Other,Other valid (591).jpg,valid\Other\Other valid (591).jpg,567.83,54.27,60.86,1.63,good,Image quality is good. Proceed with assessment.,0
valid,Other,Other valid (592).jpg,valid\Other\Other valid (592).jpg,664.28,59.12,63.82,2.07,good,Image quality is good. Proceed with assessment.,0
valid,Other,Other valid (593).jpg,valid\Other\Other valid (593).jpg,686.22,58.1,62.67,2.07,good,Image quality is good. Proceed with assessment.,0
valid,Other,Other valid (594).jpg,valid\Other\Other valid (594).jpg,688.34,58.36,62.8,2.08,good,Image quality is good. Proceed with assessment.,0
valid,Other,Other valid (595).jpg,valid\Other\Other valid (595).jpg,698.67,59.21,63.27,2.09,good,Image quality is good. Proceed with assessment.,0
valid,Other,Other valid (596).jpg,valid\Other\Other valid (596).jpg,699.4,59.88,63.84,2.09,good,Image quality is good. Proceed with assessment.,0
valid,Other,Other valid (597).jpg,valid\Other\Other valid (597).jpg,697.91,59.69,63.65,2.08,good,Image quality is good. Proceed with assessment.,0
valid,Other,Other valid (598).jpg,valid\Other\Other valid (598).jpg,704.61,57.49,61.7,2.05,good,Image quality is good. Proceed with assessment.,0
valid,Other,Other valid (599).jpg,valid\Other\Other valid (599).jpg,712.12,57.65,62.91,2.08,good,Image quality is good. Proceed with assessment.,0
valid,Other,Other valid (6).jpg,valid\Other\Other valid (6).jpg,641.52,51.37,41.48,2.06,good,Image quality is good. Proceed with assessment.,0
valid,Other,Other valid (60).jpg,valid\Other\Other valid (60).jpg,569.73,81.81,52.8,1.73,good,Image quality is good. Proceed with assessment.,0
valid,Other,Other valid (600).jpg,valid\Other\Other valid (600).jpg,713.8,57.99,63.53,2.08,good,Image quality is good. Proceed with assessment.,0
valid,Other,Other valid (601).jpg,valid\Other\Other valid (601).jpg,716.59,58.44,63.9,2.06,good,Image quality is good. Proceed with assessment.,0
valid,Other,Other valid (602).jpg,valid\Other\Other valid (602).jpg,719.79,58.62,63.97,2.06,good,Image quality is good. Proceed with assessment.,0
valid,Other,Other valid (603).jpg,valid\Other\Other valid (603).jpg,731.83,59.56,65.25,2.06,good,Image quality is good. Proceed with assessment.,0
valid,Other,Other valid (604).jpg,valid\Other\Other valid (604).jpg,733.08,59.69,65.54,2.06,good,Image quality is good. Proceed with assessment.,0
valid,Other,Other valid (605).jpg,valid\Other\Other valid (605).jpg,734.8,59.79,65.77,2.05,good,Image quality is good. Proceed with assessment.,0
valid,Other,Other valid (606).jpg,valid\Other\Other valid (606).jpg,730.1,59.84,66.33,2.06,good,Image quality is good. Proceed with assessment.,0
valid,Other,Other valid (607).jpg,valid\Other\Other valid (607).jpg,718.59,60.13,67.61,2.07,good,Image quality is good. Proceed with assessment.,0
valid,Other,Other valid (608).jpg,valid\Other\Other valid (608).jpg,714.05,60.33,68.33,2.07,good,Image quality is good. Proceed with assessment.,0
valid,Other,Other valid (609).jpg,valid\Other\Other valid (609).jpg,718.83,59.89,65.61,2.04,good,Image quality is good. Proceed with assessment.,0
valid,Other,Other valid (61).jpg,valid\Other\Other valid (61).jpg,624.96,79.25,51.89,1.82,good,Image quality is good. Proceed with assessment.,0
valid,Other,Other valid (610).jpg,valid\Other\Other valid (610).jpg,712.76,60.43,64.9,2.04,good,Image quality is good. Proceed with assessment.,0
valid,Other,Other valid (611).jpg,valid\Other\Other valid (611).jpg,676.02,59.6,63.21,2.01,good,Image quality is good. Proceed with assessment.,0
valid,Other,Other valid (612).jpg,valid\Other\Other valid (612).jpg,670.41,59.05,62.85,2.01,good,Image quality is good. Proceed with assessment.,0
valid,Other,Other valid (613).jpg,valid\Other\Other valid (613).jpg,668.81,57.64,61.85,2.03,good,Image quality is good. Proceed with assessment.,0
valid,Other,Other valid (614).jpg,valid\Other\Other valid (614).jpg,496.06,37.35,55.31,1.56,good,Image quality is good. Proceed with assessment.,0
valid,Other,Other valid (615).jpg,valid\Other\Other valid (615).jpg,497.23,37.65,55.76,1.58,good,Image quality is good. Proceed with assessment.,0
valid,Other,Other valid (616).jpg,valid\Other\Other valid (616).jpg,498.77,37.32,55.35,1.58,good,Image quality is good. Proceed with assessment.,0
valid,Other,Other valid (617).jpg,valid\Other\Other valid (617).jpg,500.74,37.28,55.16,1.6,good,Image quality is good. Proceed with assessment.,0
valid,Other,Other valid (618).jpg,valid\Other\Other valid (618).jpg,496.77,37.55,54.74,1.61,good,Image quality is good. Proceed with assessment.,0
valid,Other,Other valid (619).jpg,valid\Other\Other valid (619).jpg,496.65,37.5,54.64,1.61,good,Image quality is good. Proceed with assessment.,0
valid,Other,Other valid (62).jpg,valid\Other\Other valid (62).jpg,623.82,79.39,52.89,1.83,good,Image quality is good. Proceed with assessment.,0
valid,Other,Other valid (620).jpg,valid\Other\Other valid (620).jpg,497.67,37.64,54.68,1.61,good,Image quality is good. Proceed with assessment.,0
valid,Other,Other valid (621).jpg,valid\Other\Other valid (621).jpg,496.91,37.59,54.6,1.61,good,Image quality is good. Proceed with assessment.,0
valid,Other,Other valid (622).jpg,valid\Other\Other valid (622).jpg,490.8,37.57,54.56,1.6,good,Image quality is good. Proceed with assessment.,0
valid,Other,Other valid (623).jpg,valid\Other\Other valid (623).jpg,493.7,37.52,54.5,1.6,good,Image quality is good. Proceed with assessment.,0
valid,Other,Other valid (624).jpg,valid\Other\Other valid (624).jpg,555.83,59.88,60.13,1.87,good,Image quality is good. Proceed with assessment.,0
valid,Other,Other valid (625).jpg,valid\Other\Other valid (625).jpg,556.53,59.95,60.14,1.88,good,Image quality is good. Proceed with assessment.,0
valid,Other,Other valid (626).jpg,valid\Other\Other valid (626).jpg,556.89,59.85,60.09,1.88,good,Image quality is good. Proceed with assessment.,0
valid,Other,Other valid (627).jpg,valid\Other\Other valid (627).jpg,560.02,59.38,59.65,1.9,good,Image quality is good. Proceed with assessment.,0
valid,Other,Other valid (628).jpg,valid\Other\Other valid (628).jpg,562.83,59.19,59.67,1.91,good,Image quality is good. Proceed with assessment.,0
valid,Other,Other valid (63).jpg,valid\Other\Other valid (63).jpg,624.09,79.55,53.4,1.83,good,Image quality is good. Proceed with assessment.,0
valid,Other,Other valid (64).jpg,valid\Other\Other valid (64).jpg,624.3,80.1,54.9,1.83,good,Image quality is good. Proceed with assessment.,0
valid,Other,Other valid (65).jpg,valid\Other\Other valid (65).jpg,624.1,80.58,55.74,1.83,good,Image quality is good. Proceed with assessment.,0
valid,Other,Other valid (66).jpg,valid\Other\Other valid (66).jpg,626.25,81.08,55.63,1.83,good,Image quality is good. Proceed with assessment.,0
valid,Other,Other valid (67).jpg,valid\Other\Other valid (67).jpg,617.98,81.4,55.79,1.81,good,Image quality is good. Proceed with assessment.,0
valid,Other,Other valid (68).jpg,valid\Other\Other valid (68).jpg,613.74,81.76,55.85,1.8,good,Image quality is good. Proceed with assessment.,0
valid,Other,Other valid (69).jpg,valid\Other\Other valid (69).jpg,611.76,81.75,55.93,1.8,good,Image quality is good. Proceed with assessment.,0
valid,Other,Other valid (7).jpg,valid\Other\Other valid (7).jpg,640.17,51.62,41.14,2.06,good,Image quality is good. Proceed with assessment.,0
valid,Other,Other valid (70).jpg,valid\Other\Other valid (70).jpg,611.5,81.93,56.15,1.8,good,Image quality is good. Proceed with assessment.,0
valid,Other,Other valid (71).jpg,valid\Other\Other valid (71).jpg,609.94,82.25,56.29,1.81,good,Image quality is good. Proceed with assessment.,0
valid,Other,Other valid (72).jpg,valid\Other\Other valid (72).jpg,574.02,84.27,59.35,1.72,good,Image quality is good. Proceed with assessment.,0
valid,Other,Other valid (73).jpg,valid\Other\Other valid (73).jpg,574.82,82.06,59.28,1.71,good,Image quality is good. Proceed with assessment.,0
valid,Other,Other valid (74).jpg,valid\Other\Other valid (74).jpg,581.83,80.97,59.47,1.75,good,Image quality is good. Proceed with assessment.,0
valid,Other,Other valid (75).jpg,valid\Other\Other valid (75).jpg,589.25,81.12,59.97,1.77,good,Image quality is good. Proceed with assessment.,0
valid,Other,Other valid (76).jpg,valid\Other\Other valid (76).jpg,580.32,76.7,58.28,1.75,good,Image quality is good. Proceed with assessment.,0
valid,Other,Other valid (77).jpg,valid\Other\Other valid (77).jpg,573.4,76.67,57.82,1.71,good,Image quality is good. Proceed with assessment.,0
valid,Other,Other valid (78).jpg,valid\Other\Other valid (78).jpg,588.64,80.29,60.41,1.75,good,Image quality is good. Proceed with assessment.,0
valid,Other,Other valid (79).jpg,valid\Other\Other valid (79).jpg,585.74,81.57,60.81,1.75,good,Image quality is good. Proceed with assessment.,0
valid,Other,Other valid (8).jpg,valid\Other\Other valid (8).jpg,637.19,51.82,40.86,2.07,good,Image quality is good. Proceed with assessment.,0
valid,Other,Other valid (80).jpg,valid\Other\Other valid (80).jpg,585.55,82.26,61.32,1.75,good,Image quality is good. Proceed with assessment.,0
valid,Other,Other valid (81).jpg,valid\Other\Other valid (81).jpg,566.63,82.24,61.52,1.73,good,Image quality is good. Proceed with assessment.,0
valid,Other,Other valid (82).jpg,valid\Other\Other valid (82).jpg,570.74,83.89,59.57,1.74,good,Image quality is good. Proceed with assessment.,0
valid,Other,Other valid (83).jpg,valid\Other\Other valid (83).jpg,569.94,84.42,59.74,1.73,good,Image quality is good. Proceed with assessment.,0
valid,Other,Other valid (84).jpg,valid\Other\Other valid (84).jpg,559.48,84.58,60.13,1.73,good,Image quality is good. Proceed with assessment.,0
valid,Other,Other valid (85).jpg,valid\Other\Other valid (85).jpg,562.49,84.01,60.1,1.75,good,Image quality is good. Proceed with assessment.,0
valid,Other,Other valid (86).jpg,valid\Other\Other valid (86).jpg,536.93,72.74,57.88,1.72,good,Image quality is good. Proceed with assessment.,0
valid,Other,Other valid (87).jpg,valid\Other\Other valid (87).jpg,529.19,81.8,60.31,1.7,good,Image quality is good. Proceed with assessment.,0
valid,Other,Other valid (88).jpg,valid\Other\Other valid (88).jpg,518.86,76.07,58.36,1.68,good,Image quality is good. Proceed with assessment.,0
valid,Other,Other valid (89).jpg,valid\Other\Other valid (89).jpg,514.01,72.69,57.65,1.68,good,Image quality is good. Proceed with assessment.,0
valid,Other,Other valid (9).jpg,valid\Other\Other valid (9).jpg,626.35,51.68,40.7,2.03,good,Image quality is good. Proceed with assessment.,0
valid,Other,Other valid (90).jpg,valid\Other\Other valid (90).jpg,512.94,72.19,57.52,1.68,good,Image quality is good. Proceed with assessment.,0
valid,Other,Other valid (91).jpg,valid\Other\Other valid (91).jpg,511.65,71.49,57.09,1.67,good,Image quality is good. Proceed with assessment.,0
valid,Other,Other valid (92).jpg,valid\Other\Other valid (92).jpg,503.03,63.96,54.13,1.63,good,Image quality is good. Proceed with assessment.,0
valid,Other,Other valid (93).jpg,valid\Other\Other valid (93).jpg,503.25,64.42,54.17,1.63,good,Image quality is good. Proceed with assessment.,0
valid,Other,Other valid (94).jpg,valid\Other\Other valid (94).jpg,502.11,62.82,52.82,1.61,good,Image quality is good. Proceed with assessment.,0
valid,Other,Other valid (95).jpg,valid\Other\Other valid (95).jpg,501.02,60.45,50.51,1.6,good,Image quality is good. Proceed with assessment.,0
valid,Other,Other valid (96).jpg,valid\Other\Other valid (96).jpg,503.39,58.72,48.11,1.6,good,Image quality is good. Proceed with assessment.,0
valid,Other,Other valid (97).jpg,valid\Other\Other valid (97).jpg,497.91,58.0,46.74,1.61,good,Image quality is good. Proceed with assessment.,0
valid,Other,Other valid (98).jpg,valid\Other\Other valid (98).jpg,497.36,57.88,46.4,1.61,good,Image quality is good. Proceed with assessment.,0
valid,Other,Other valid (99).jpg,valid\Other\Other valid (99).jpg,490.68,57.71,45.18,1.61,good,Image quality is good. Proceed with assessment.,0
valid,V sign,V sign valid (1).jpg,valid\V sign\V sign valid (1).jpg,460.28,73.64,43.87,1.72,good,Image quality is good. Proceed with assessment.,0
valid,V sign,V sign valid (10).jpg,valid\V sign\V sign valid (10).jpg,617.33,54.67,45.18,2.11,good,Image quality is good. Proceed with assessment.,0
valid,V sign,V sign valid (100).jpg,valid\V sign\V sign valid (100).jpg,387.7,37.17,43.8,1.3,good,Image quality is good. Proceed with assessment.,0
valid,V sign,V sign valid (101).jpg,valid\V sign\V sign valid (101).jpg,384.9,36.68,42.35,1.27,good,Image quality is good. Proceed with assessment.,0
valid,V sign,V sign valid (102).jpg,valid\V sign\V sign valid (102).jpg,383.52,36.93,42.53,1.27,good,Image quality is good. Proceed with assessment.,0
valid,V sign,V sign valid (103).jpg,valid\V sign\V sign valid (103).jpg,382.39,41.56,42.21,1.31,good,Image quality is good. Proceed with assessment.,0
valid,V sign,V sign valid (104).jpg,valid\V sign\V sign valid (104).jpg,610.52,68.86,55.29,1.92,good,Image quality is good. Proceed with assessment.,0
valid,V sign,V sign valid (105).jpg,valid\V sign\V sign valid (105).jpg,610.43,68.98,55.46,1.92,good,Image quality is good. Proceed with assessment.,0
valid,V sign,V sign valid (106).jpg,valid\V sign\V sign valid (106).jpg,611.38,69.04,55.61,1.92,good,Image quality is good. Proceed with assessment.,0
valid,V sign,V sign valid (107).jpg,valid\V sign\V sign valid (107).jpg,610.47,69.01,55.73,1.93,good,Image quality is good. Proceed with assessment.,0
valid,V sign,V sign valid (108).jpg,valid\V sign\V sign valid (108).jpg,610.85,68.93,55.79,1.93,good,Image quality is good. Proceed with assessment.,0
valid,V sign,V sign valid (109).jpg,valid\V sign\V sign valid (109).jpg,612.08,68.87,55.84,1.93,good,Image quality is good. Proceed with assessment.,0
valid,V sign,V sign valid (11).jpg,valid\V sign\V sign valid (11).jpg,621.29,53.4,45.91,2.07,good,Image quality is good. Proceed with assessment.,0
valid,V sign,V sign valid (110).jpg,valid\V sign\V sign valid (110).jpg,611.87,68.73,55.72,1.93,good,Image quality is good. Proceed with assessment.,0
valid,V sign,V sign valid (111).jpg,valid\V sign\V sign valid (111).jpg,612.81,68.56,55.59,1.93,good,Image quality is good. Proceed with assessment.,0
valid,V sign,V sign valid (112).jpg,valid\V sign\V sign valid (112).jpg,612.97,68.31,55.47,1.93,good,Image quality is good. Proceed with assessment.,0
valid,V sign,V sign valid (113).jpg,valid\V sign\V sign valid (113).jpg,624.6,65.61,55.52,1.96,good,Image quality is good. Proceed with assessment.,0
valid,V sign,V sign valid (114).jpg,valid\V sign\V sign valid (114).jpg,624.9,65.59,55.62,1.96,good,Image quality is good. Proceed with assessment.,0
valid,V sign,V sign valid (115).jpg,valid\V sign\V sign valid (115).jpg,626.33,65.53,55.71,1.97,good,Image quality is good. Proceed with assessment.,0
valid,V sign,V sign valid (116).jpg,valid\V sign\V sign valid (116).jpg,657.87,64.16,56.87,1.92,good,Image quality is good. Proceed with assessment.,0
valid,V sign,V sign valid (117).jpg,valid\V sign\V sign valid (117).jpg,662.22,64.39,56.85,1.95,good,Image quality is good. Proceed with assessment.,0
valid,V sign,V sign valid (118).jpg,valid\V sign\V sign valid (118).jpg,663.11,64.45,56.91,1.95,good,Image quality is good. Proceed with assessment.,0
valid,V sign,V sign valid (119).jpg,valid\V sign\V sign valid (119).jpg,663.44,64.42,56.9,1.95,good,Image quality is good. Proceed with assessment.,0
valid,V sign,V sign valid (12).jpg,valid\V sign\V sign valid (12).jpg,623.71,53.02,45.82,2.07,good,Image quality is good. Proceed with assessment.,0
valid,V sign,V sign valid (120).jpg,valid\V sign\V sign valid (120).jpg,663.49,64.29,56.7,1.95,good,Image quality is good. Proceed with assessment.,0
valid,V sign,V sign valid (121).jpg,valid\V sign\V sign valid (121).jpg,664.75,64.18,56.24,1.95,good,Image quality is good. Proceed with assessment.,0
valid,V sign,V sign valid (122).jpg,valid\V sign\V sign valid (122).jpg,664.92,64.3,56.33,1.95,good,Image quality is good. Proceed with assessment.,0
valid,V sign,V sign valid (123).jpg,valid\V sign\V sign valid (123).jpg,658.36,64.3,56.38,1.94,good,Image quality is good. Proceed with assessment.,0
valid,V sign,V sign valid (124).jpg,valid\V sign\V sign valid (124).jpg,660.71,64.36,56.42,1.94,good,Image quality is good. Proceed with assessment.,0
valid,V sign,V sign valid (125).jpg,valid\V sign\V sign valid (125).jpg,662.06,64.38,56.42,1.95,good,Image quality is good. Proceed with assessment.,0
valid,V sign,V sign valid (126).jpg,valid\V sign\V sign valid (126).jpg,395.61,35.54,41.98,1.32,good,Image quality is good. Proceed with assessment.,0
valid,V sign,V sign valid (127).jpg,valid\V sign\V sign valid (127).jpg,394.85,35.0,41.26,1.31,good,Image quality is good. Proceed with assessment.,0
valid,V sign,V sign valid (128).jpg,valid\V sign\V sign valid (128).jpg,373.26,33.77,40.64,1.25,good,Image quality is good. Proceed with assessment.,0
valid,V sign,V sign valid (129).jpg,valid\V sign\V sign valid (129).jpg,369.1,33.44,40.01,1.24,good,Image quality is good. Proceed with assessment.,0
valid,V sign,V sign valid (13).jpg,valid\V sign\V sign valid (13).jpg,625.14,52.71,45.55,2.07,good,Image quality is good. Proceed with assessment.,0
valid,V sign,V sign valid (130).jpg,valid\V sign\V sign valid (130).jpg,368.93,33.46,40.59,1.26,good,Image quality is good. Proceed with assessment.,0
valid,V sign,V sign valid (131).jpg,valid\V sign\V sign valid (131).jpg,387.45,34.3,40.93,1.28,good,Image quality is good. Proceed with assessment.,0
valid,V sign,V sign valid (132).jpg,valid\V sign\V sign valid (132).jpg,608.38,39.64,50.06,1.75,good,Image quality is good. Proceed with assessment.,0
valid,V sign,V sign valid (133).jpg,valid\V sign\V sign valid (133).jpg,608.67,39.58,50.05,1.75,good,Image quality is good. Proceed with assessment.,0
valid,V sign,V sign valid (134).jpg,valid\V sign\V sign valid (134).jpg,608.92,39.16,49.62,1.76,good,Image quality is good. Proceed with assessment.,0
valid,V sign,V sign valid (135).jpg,valid\V sign\V sign valid (135).jpg,611.43,39.15,50.43,1.75,good,Image quality is good. Proceed with assessment.,0
valid,V sign,V sign valid (136).jpg,valid\V sign\V sign valid (136).jpg,611.37,39.29,50.73,1.75,good,Image quality is good. Proceed with assessment.,0
valid,V sign,V sign valid (137).jpg,valid\V sign\V sign valid (137).jpg,611.66,39.31,50.9,1.76,good,Image quality is good. Proceed with assessment.,0
valid,V sign,V sign valid (138).jpg,valid\V sign\V sign valid (138).jpg,611.33,39.32,51.02,1.76,good,Image quality is good. Proceed with assessment.,0
valid,V sign,V sign valid (139).jpg,valid\V sign\V sign valid (139).jpg,612.4,38.43,50.61,1.76,good,Image quality is good. Proceed with assessment.,0
valid,V sign,V sign valid (14).jpg,valid\V sign\V sign valid (14).jpg,672.85,56.97,57.08,1.94,good,Image quality is good. Proceed with assessment.,0
valid,V sign,V sign valid (140).jpg,valid\V sign\V sign valid (140).jpg,612.25,38.45,50.74,1.76,good,Image quality is good. Proceed with assessment.,0
valid,V sign,V sign valid (141).jpg,valid\V sign\V sign valid (141).jpg,605.7,39.33,47.6,1.77,good,Image quality is good. Proceed with assessment.,0
valid,V sign,V sign valid (142).jpg,valid\V sign\V sign valid (142).jpg,605.34,39.28,47.71,1.77,good,Image quality is good. Proceed with assessment.,0
valid,V sign,V sign valid (143).jpg,valid\V sign\V sign valid (143).jpg,605.59,38.95,47.47,1.77,good,Image quality is good. Proceed with assessment.,0
valid,V sign,V sign valid (144).jpg,valid\V sign\V sign valid (144).jpg,607.29,37.91,47.55,1.77,good,Image quality is good. Proceed with assessment.,0
valid,V sign,V sign valid (145).jpg,valid\V sign\V sign valid (145).jpg,606.93,38.04,47.74,1.77,good,Image quality is good. Proceed with assessment.,0
valid,V sign,V sign valid (146).jpg,valid\V sign\V sign valid (146).jpg,606.98,38.09,47.8,1.77,good,Image quality is good. Proceed with assessment.,0
valid,V sign,V sign valid (147).jpg,valid\V sign\V sign valid (147).jpg,594.74,46.35,51.65,1.85,good,Image quality is good. Proceed with assessment.,0
valid,V sign,V sign valid (148).jpg,valid\V sign\V sign valid (148).jpg,595.91,46.41,51.8,1.85,good,Image quality is good. Proceed with assessment.,0
valid,V sign,V sign valid (149).jpg,valid\V sign\V sign valid (149).jpg,596.5,46.44,51.89,1.84,good,Image quality is good. Proceed with assessment.,0
valid,V sign,V sign valid (15).jpg,valid\V sign\V sign valid (15).jpg,567.41,80.38,58.74,1.75,good,Image quality is good. Proceed with assessment.,0
valid,V sign,V sign valid (150).jpg,valid\V sign\V sign valid (150).jpg,597.79,46.41,51.99,1.84,good,Image quality is good. Proceed with assessment.,0
valid,V sign,V sign valid (151).jpg,valid\V sign\V sign valid (151).jpg,597.77,46.22,51.83,1.85,good,Image quality is good. Proceed with assessment.,0
valid,V sign,V sign valid (152).jpg,valid\V sign\V sign valid (152).jpg,597.36,46.05,51.67,1.85,good,Image quality is good. Proceed with assessment.,0
valid,V sign,V sign valid (153).jpg,valid\V sign\V sign valid (153).jpg,440.75,51.91,60.73,1.47,good,Image quality is good. Proceed with assessment.,0
valid,V sign,V sign valid (154).jpg,valid\V sign\V sign valid (154).jpg,441.29,51.87,60.81,1.47,good,Image quality is good. Proceed with assessment.,0
valid,V sign,V sign valid (155).jpg,valid\V sign\V sign valid (155).jpg,442.77,51.69,60.52,1.48,good,Image quality is good. Proceed with assessment.,0
valid,V sign,V sign valid (156).jpg,valid\V sign\V sign valid (156).jpg,439.09,51.81,60.39,1.45,good,Image quality is good. Proceed with assessment.,0
valid,V sign,V sign valid (157).jpg,valid\V sign\V sign valid (157).jpg,433.41,51.26,59.95,1.41,good,Image quality is good. Proceed with assessment.,0
valid,V sign,V sign valid (158).jpg,valid\V sign\V sign valid (158).jpg,619.55,42.15,61.8,1.78,good,Image quality is good. Proceed with assessment.,0
valid,V sign,V sign valid (159).jpg,valid\V sign\V sign valid (159).jpg,618.47,42.05,61.8,1.79,good,Image quality is good. Proceed with assessment.,0
valid,V sign,V sign valid (16).jpg,valid\V sign\V sign valid (16).jpg,579.61,86.12,58.79,1.79,good,Image quality is good. Proceed with assessment.,0
valid,V sign,V sign valid (160).jpg,valid\V sign\V sign valid (160).jpg,618.93,42.0,61.76,1.79,good,Image quality is good. Proceed with assessment.,0
valid,V sign,V sign valid (161).jpg,valid\V sign\V sign valid (161).jpg,618.31,41.86,61.55,1.79,good,Image quality is good. Proceed with assessment.,0
valid,V sign,V sign valid (162).jpg,valid\V sign\V sign valid (162).jpg,617.54,41.68,61.28,1.79,good,Image quality is good. Proceed with assessment.,0
valid,V sign,V sign valid (163).jpg,valid\V sign\V sign valid (163).jpg,615.3,40.77,60.45,1.77,good,Image quality is good. Proceed with assessment.,0
valid,V sign,V sign valid (164).jpg,valid\V sign\V sign valid (164).jpg,615.61,40.87,60.55,1.77,good,Image quality is good. Proceed with assessment.,0
valid,V sign,V sign valid (165).jpg,valid\V sign\V sign valid (165).jpg,620.85,67.52,61.57,1.91,good,Image quality is good. Proceed with assessment.,0
valid,V sign,V sign valid (166).jpg,valid\V sign\V sign valid (166).jpg,621.66,67.41,61.74,1.91,good,Image quality is good. Proceed with assessment.,0
valid,V sign,V sign valid (167).jpg,valid\V sign\V sign valid (167).jpg,621.89,67.37,61.95,1.91,good,Image quality is good. Proceed with assessment.,0
valid,V sign,V sign valid (168).jpg,valid\V sign\V sign valid (168).jpg,622.74,67.22,62.08,1.92,good,Image quality is good. Proceed with assessment.,0
valid,V sign,V sign valid (169).jpg,valid\V sign\V sign valid (169).jpg,624.47,67.1,62.23,1.92,good,Image quality is good. Proceed with assessment.,0
valid,V sign,V sign valid (17).jpg,valid\V sign\V sign valid (17).jpg,577.48,86.18,58.87,1.79,good,Image quality is good. Proceed with assessment.,0
valid,V sign,V sign valid (170).jpg,valid\V sign\V sign valid (170).jpg,624.75,67.08,62.37,1.93,good,Image quality is good. Proceed with assessment.,0
valid,V sign,V sign valid (171).jpg,valid\V sign\V sign valid (171).jpg,557.84,71.59,59.46,1.91,good,Image quality is good. Proceed with assessment.,0
valid,V sign,V sign valid (172).jpg,valid\V sign\V sign valid (172).jpg,558.23,71.7,59.49,1.91,good,Image quality is good. Proceed with assessment.,0
valid,V sign,V sign valid (173).jpg,valid\V sign\V sign valid (173).jpg,559.13,71.71,59.48,1.92,good,Image quality is good. Proceed with assessment.,0
valid,V sign,V sign valid (174).jpg,valid\V sign\V sign valid (174).jpg,558.41,71.57,59.29,1.92,good,Image quality is good. Proceed with assessment.,0
valid,V sign,V sign valid (175).jpg,valid\V sign\V sign valid (175).jpg,561.1,70.49,58.41,1.95,good,Image quality is good. Proceed with assessment.,0
valid,V sign,V sign valid (176).jpg,valid\V sign\V sign valid (176).jpg,562.5,70.45,58.4,1.95,good,Image quality is good. Proceed with assessment.,0
valid,V sign,V sign valid (177).jpg,valid\V sign\V sign valid (177).jpg,557.11,70.3,58.33,1.93,good,Image quality is good. Proceed with assessment.,0
valid,V sign,V sign valid (178).jpg,valid\V sign\V sign valid (178).jpg,580.82,67.41,58.15,1.93,good,Image quality is good. Proceed with assessment.,0
valid,V sign,V sign valid (179).jpg,valid\V sign\V sign valid (179).jpg,579.37,67.17,57.98,1.92,good,Image quality is good. Proceed with assessment.,0
valid,V sign,V sign valid (18).jpg,valid\V sign\V sign valid (18).jpg,578.28,86.32,58.95,1.79,good,Image quality is good. Proceed with assessment.,0
valid,V sign,V sign valid (180).jpg,valid\V sign\V sign valid (180).jpg,575.46,66.92,57.85,1.91,good,Image quality is good. Proceed with assessment.,0
valid,V sign,V sign valid (181).jpg,valid\V sign\V sign valid (181).jpg,574.26,66.44,57.69,1.91,good,Image quality is good. Proceed with assessment.,0
valid,V sign,V sign valid (182).jpg,valid\V sign\V sign valid (182).jpg,567.59,65.86,57.68,1.9,good,Image quality is good. Proceed with assessment.,0
valid,V sign,V sign valid (183).jpg,valid\V sign\V sign valid (183).jpg,568.24,65.79,57.46,1.9,good,Image quality is good. Proceed with assessment.,0
valid,V sign,V sign valid (184).jpg,valid\V sign\V sign valid (184).jpg,461.57,45.93,58.27,1.52,good,Image quality is good. Proceed with assessment.,0
valid,V sign,V sign valid (185).jpg,valid\V sign\V sign valid (185).jpg,457.04,45.91,58.33,1.51,good,Image quality is good. Proceed with assessment.,0
valid,V sign,V sign valid (186).jpg,valid\V sign\V sign valid (186).jpg,462.7,45.87,58.37,1.53,good,Image quality is good. Proceed with assessment.,0
valid,V sign,V sign valid (187).jpg,valid\V sign\V sign valid (187).jpg,465.81,45.71,58.21,1.54,good,Image quality is good. Proceed with assessment.,0
valid,V sign,V sign valid (188).jpg,valid\V sign\V sign valid (188).jpg,469.14,45.75,58.81,1.58,good,Image quality is good. Proceed with assessment.,0
valid,V sign,V sign valid (189).jpg,valid\V sign\V sign valid (189).jpg,470.37,45.93,59.08,1.59,good,Image quality is good. Proceed with assessment.,0
valid,V sign,V sign valid (19).jpg,valid\V sign\V sign valid (19).jpg,578.3,86.41,59.03,1.79,good,Image quality is good. Proceed with assessment.,0
valid,V sign,V sign valid (190).jpg,valid\V sign\V sign valid (190).jpg,471.24,46.04,59.19,1.6,good,Image quality is good. Proceed with assessment.,0
valid,V sign,V sign valid (191).jpg,valid\V sign\V sign valid (191).jpg,471.3,45.95,59.1,1.59,good,Image quality is good. Proceed with assessment.,0
valid,V sign,V sign valid (192).jpg,valid\V sign\V sign valid (192).jpg,542.89,50.12,49.96,1.64,good,Image quality is good. Proceed with assessment.,0
valid,V sign,V sign valid (193).jpg,valid\V sign\V sign valid (193).jpg,542.89,50.0,49.7,1.64,good,Image quality is good. Proceed with assessment.,0
valid,V sign,V sign valid (194).jpg,valid\V sign\V sign valid (194).jpg,536.31,49.94,49.56,1.63,good,Image quality is good. Proceed with assessment.,0
valid,V sign,V sign valid (195).jpg,valid\V sign\V sign valid (195).jpg,542.04,49.8,49.41,1.64,good,Image quality is good. Proceed with assessment.,0
valid,V sign,V sign valid (196).jpg,valid\V sign\V sign valid (196).jpg,550.2,50.5,49.96,1.66,good,Image quality is good. Proceed with assessment.,0
valid,V sign,V sign valid (197).jpg,valid\V sign\V sign valid (197).jpg,550.84,50.48,49.99,1.66,good,Image quality is good. Proceed with assessment.,0
valid,V sign,V sign valid (198).jpg,valid\V sign\V sign valid (198).jpg,551.14,50.15,49.73,1.66,good,Image quality is good. Proceed with assessment.,0
valid,V sign,V sign valid (199).jpg,valid\V sign\V sign valid (199).jpg,550.66,49.99,49.53,1.66,good,Image quality is good. Proceed with assessment.,0
valid,V sign,V sign valid (2).jpg,valid\V sign\V sign valid (2).jpg,460.54,73.83,44.02,1.72,good,Image quality is good. Proceed with assessment.,0
valid,V sign,V sign valid (20).jpg,valid\V sign\V sign valid (20).jpg,580.34,86.34,59.03,1.79,good,Image quality is good. Proceed with assessment.,0
valid,V sign,V sign valid (200).jpg,valid\V sign\V sign valid (200).jpg,555.51,49.95,49.39,1.66,good,Image quality is good. Proceed with assessment.,0
valid,V sign,V sign valid (201).jpg,valid\V sign\V sign valid (201).jpg,557.12,49.93,49.52,1.66,good,Image quality is good. Proceed with assessment.,0
valid,V sign,V sign valid (202).jpg,valid\V sign\V sign valid (202).jpg,557.95,49.92,49.67,1.66,good,Image quality is good. Proceed with assessment.,0
valid,V sign,V sign valid (203).jpg,valid\V sign\V sign valid (203).jpg,535.54,49.78,47.46,2.09,good,Image quality is good. Proceed with assessment.,0
valid,V sign,V sign valid (204).jpg,valid\V sign\V sign valid (204).jpg,535.09,49.48,46.92,2.1,good,Image quality is good. Proceed with assessment.,0
valid,V sign,V sign valid (205).jpg,valid\V sign\V sign valid (205).jpg,534.96,49.19,46.4,2.1,good,Image quality is good. Proceed with assessment.,0
valid,V sign,V sign valid (206).jpg,valid\V sign\V sign valid (206).jpg,405.84,45.44,57.36,1.32,good,Image quality is good. Proceed with assessment.,0
valid,V sign,V sign valid (207).jpg,valid\V sign\V sign valid (207).jpg,403.81,45.46,57.48,1.31,good,Image quality is good. Proceed with assessment.,0
valid,V sign,V sign valid (208).jpg,valid\V sign\V sign valid (208).jpg,404.33,45.26,57.2,1.3,good,Image quality is good. Proceed with assessment.,0
valid,V sign,V sign valid (209).jpg,valid\V sign\V sign valid (209).jpg,404.28,44.98,56.42,1.29,good,Image quality is good. Proceed with assessment.,0
valid,V sign,V sign valid (21).jpg,valid\V sign\V sign valid (21).jpg,532.4,73.12,56.68,1.73,good,Image quality is good. Proceed with assessment.,0
valid,V sign,V sign valid (210).jpg,valid\V sign\V sign valid (210).jpg,419.61,46.37,58.12,1.36,good,Image quality is good. Proceed with assessment.,0
valid,V sign,V sign valid (211).jpg,valid\V sign\V sign valid (211).jpg,421.1,46.52,58.31,1.37,good,Image quality is good. Proceed with assessment.,0
valid,V sign,V sign valid (212).jpg,valid\V sign\V sign valid (212).jpg,422.91,46.61,58.39,1.37,good,Image quality is good. Proceed with assessment.,0
valid,V sign,V sign valid (213).jpg,valid\V sign\V sign valid (213).jpg,423.76,46.72,58.35,1.37,good,Image quality is good. Proceed with assessment.,0
valid,V sign,V sign valid (214).jpg,valid\V sign\V sign valid (214).jpg,421.98,46.76,58.01,1.37,good,Image quality is good. Proceed with assessment.,0
valid,V sign,V sign valid (215).jpg,valid\V sign\V sign valid (215).jpg,419.94,47.55,58.43,1.36,good,Image quality is good. Proceed with assessment.,0
valid,V sign,V sign valid (216).jpg,valid\V sign\V sign valid (216).jpg,418.2,47.71,58.71,1.37,good,Image quality is good. Proceed with assessment.,0
valid,V sign,V sign valid (217).jpg,valid\V sign\V sign valid (217).jpg,419.35,47.84,58.87,1.37,good,Image quality is good. Proceed with assessment.,0
valid,V sign,V sign valid (218).jpg,valid\V sign\V sign valid (218).jpg,420.6,47.89,58.88,1.36,good,Image quality is good. Proceed with assessment.,0
valid,V sign,V sign valid (219).jpg,valid\V sign\V sign valid (219).jpg,419.54,47.76,58.53,1.36,good,Image quality is good. Proceed with assessment.,0
valid,V sign,V sign valid (22).jpg,valid\V sign\V sign valid (22).jpg,534.12,73.57,56.97,1.73,good,Image quality is good. Proceed with assessment.,0
valid,V sign,V sign valid (220).jpg,valid\V sign\V sign valid (220).jpg,418.51,47.62,58.19,1.35,good,Image quality is good. Proceed with assessment.,0
valid,V sign,V sign valid (221).jpg,valid\V sign\V sign valid (221).jpg,422.34,36.95,52.91,1.31,good,Image quality is good. Proceed with assessment.,0
valid,V sign,V sign valid (222).jpg,valid\V sign\V sign valid (222).jpg,423.87,36.66,52.43,1.32,good,Image quality is good. Proceed with assessment.,0
valid,V sign,V sign valid (223).jpg,valid\V sign\V sign valid (223).jpg,483.69,49.64,50.97,1.7,good,Image quality is good. Proceed with assessment.,0
valid,V sign,V sign valid (224).jpg,valid\V sign\V sign valid (224).jpg,482.85,49.04,51.26,1.7,good,Image quality is good. Proceed with assessment.,0
valid,V sign,V sign valid (225).jpg,valid\V sign\V sign valid (225).jpg,483.5,48.73,50.99,1.7,good,Image quality is good. Proceed with assessment.,0
valid,V sign,V sign valid (226).jpg,valid\V sign\V sign valid (226).jpg,486.86,48.23,51.02,1.66,good,Image quality is good. Proceed with assessment.,0
valid,V sign,V sign valid (227).jpg,valid\V sign\V sign valid (227).jpg,486.33,48.32,51.01,1.66,good,Image quality is good. Proceed with assessment.,0
valid,V sign,V sign valid (228).jpg,valid\V sign\V sign valid (228).jpg,485.74,48.33,50.95,1.66,good,Image quality is good. Proceed with assessment.,0
valid,V sign,V sign valid (229).jpg,valid\V sign\V sign valid (229).jpg,488.03,48.39,51.32,1.66,good,Image quality is good. Proceed with assessment.,0
valid,V sign,V sign valid (23).jpg,valid\V sign\V sign valid (23).jpg,534.37,74.02,57.37,1.74,good,Image quality is good. Proceed with assessment.,0
valid,V sign,V sign valid (230).jpg,valid\V sign\V sign valid (230).jpg,486.78,48.12,50.93,1.65,good,Image quality is good. Proceed with assessment.,0
valid,V sign,V sign valid (231).jpg,valid\V sign\V sign valid (231).jpg,516.79,52.39,53.59,1.7,good,Image quality is good. Proceed with assessment.,0
valid,V sign,V sign valid (232).jpg,valid\V sign\V sign valid (232).jpg,516.81,52.22,53.3,1.71,good,Image quality is good. Proceed with assessment.,0
valid,V sign,V sign valid (233).jpg,valid\V sign\V sign valid (233).jpg,516.83,51.9,52.89,1.72,good,Image quality is good. Proceed with assessment.,0
valid,V sign,V sign valid (234).jpg,valid\V sign\V sign valid (234).jpg,516.92,51.7,52.58,1.72,good,Image quality is good. Proceed with assessment.,0
valid,V sign,V sign valid (235).jpg,valid\V sign\V sign valid (235).jpg,510.98,52.04,53.82,1.74,good,Image quality is good. Proceed with assessment.,0
valid,V sign,V sign valid (236).jpg,valid\V sign\V sign valid (236).jpg,511.66,51.9,53.48,1.74,good,Image quality is good. Proceed with assessment.,0
valid,V sign,V sign valid (237).jpg,valid\V sign\V sign valid (237).jpg,510.93,51.43,52.82,1.73,good,Image quality is good. Proceed with assessment.,0
valid,V sign,V sign valid (238).jpg,valid\V sign\V sign valid (238).jpg,509.05,51.88,53.1,1.7,good,Image quality is good. Proceed with assessment.,0
valid,V sign,V sign valid (239).jpg,valid\V sign\V sign valid (239).jpg,509.05,51.95,52.95,1.7,good,Image quality is good. Proceed with assessment.,0
valid,V sign,V sign valid (24).jpg,valid\V sign\V sign valid (24).jpg,534.94,74.5,57.76,1.74,good,Image quality is good. Proceed with assessment.,0
valid,V sign,V sign valid (240).jpg,valid\V sign\V sign valid (240).jpg,512.17,51.79,52.4,1.7,good,Image quality is good. Proceed with assessment.,0
valid,V sign,V sign valid (241).jpg,valid\V sign\V sign valid (241).jpg,513.04,51.64,51.95,1.7,good,Image quality is good. Proceed with assessment.,0
valid,V sign,V sign valid (242).jpg,valid\V sign\V sign valid (242).jpg,513.63,52.99,52.95,1.73,good,Image quality is good. Proceed with assessment.,0
valid,V sign,V sign valid (243).jpg,valid\V sign\V sign valid (243).jpg,511.71,52.68,52.52,1.73,good,Image quality is good. Proceed with assessment.,0
valid,V sign,V sign valid (244).jpg,valid\V sign\V sign valid (244).jpg,524.65,66.37,74.08,1.54,good,Image quality is good. Proceed with assessment.,0
valid,V sign,V sign valid (245).jpg,valid\V sign\V sign valid (245).jpg,524.37,66.2,73.95,1.53,good,Image quality is good. Proceed with assessment.,0
valid,V sign,V sign valid (246).jpg,valid\V sign\V sign valid (246).jpg,523.47,66.05,73.84,1.53,good,Image quality is good. Proceed with assessment.,0
valid,V sign,V sign valid (247).jpg,valid\V sign\V sign valid (247).jpg,378.73,43.66,53.9,1.29,good,Image quality is good. Proceed with assessment.,0
valid,V sign,V sign valid (248).jpg,valid\V sign\V sign valid (248).jpg,378.87,43.55,53.71,1.29,good,Image quality is good. Proceed with assessment.,0
valid,V sign,V sign valid (249).jpg,valid\V sign\V sign valid (249).jpg,377.7,43.26,53.23,1.29,good,Image quality is good. Proceed with assessment.,0
valid,V sign,V sign valid (25).jpg,valid\V sign\V sign valid (25).jpg,535.72,74.89,58.08,1.74,good,Image quality is good. Proceed with assessment.,0
valid,V sign,V sign valid (250).jpg,valid\V sign\V sign valid (250).jpg,383.08,41.84,52.51,1.28,good,Image quality is good. Proceed with assessment.,0
valid,V sign,V sign valid (251).jpg,valid\V sign\V sign valid (251).jpg,384.6,41.93,52.77,1.28,good,Image quality is good. Proceed with assessment.,0
valid,V sign,V sign valid (252).jpg,valid\V sign\V sign valid (252).jpg,385.98,41.98,52.97,1.28,good,Image quality is good. Proceed with assessment.,0
valid,V sign,V sign valid (253).jpg,valid\V sign\V sign valid (253).jpg,386.78,41.97,53.02,1.29,good,Image quality is good. Proceed with assessment.,0
valid,V sign,V sign valid (254).jpg,valid\V sign\V sign valid (254).jpg,386.72,41.76,52.57,1.29,good,Image quality is good. Proceed with assessment.,0
valid,V sign,V sign valid (255).jpg,valid\V sign\V sign valid (255).jpg,385.64,41.18,52.27,1.28,good,Image quality is good. Proceed with assessment.,0
valid,V sign,V sign valid (256).jpg,valid\V sign\V sign valid (256).jpg,385.24,41.37,52.6,1.28,good,Image quality is good. Proceed with assessment.,0
valid,V sign,V sign valid (257).jpg,valid\V sign\V sign valid (257).jpg,385.88,41.52,52.85,1.28,good,Image quality is good. Proceed with assessment.,0
valid,V sign,V sign valid (258).jpg,valid\V sign\V sign valid (258).jpg,385.71,41.57,52.89,1.28,good,Image quality is good. Proceed with assessment.,0
valid,V sign,V sign valid (259).jpg,valid\V sign\V sign valid (259).jpg,385.68,41.42,52.48,1.28,good,Image quality is good. Proceed with assessment.,0
valid,V sign,V sign valid (26).jpg,valid\V sign\V sign valid (26).jpg,537.09,75.04,58.24,1.74,good,Image quality is good. Proceed with assessment.,0
valid,V sign,V sign valid (260).jpg,valid\V sign\V sign valid (260).jpg,386.43,41.24,52.11,1.28,good,Image quality is good. Proceed with assessment.,0
valid,V sign,V sign valid (261).jpg,valid\V sign\V sign valid (261).jpg,593.47,50.61,57.18,1.95,good,Image quality is good. Proceed with assessment.,0
valid,V sign,V sign valid (262).jpg,valid\V sign\V sign valid (262).jpg,593.23,50.31,57.53,1.95,good,Image quality is good. Proceed with assessment.,0
valid,V sign,V sign valid (263).jpg,valid\V sign\V sign valid (263).jpg,593.19,50.24,57.6,1.95,good,Image quality is good. Proceed with assessment.,0
valid,V sign,V sign valid (264).jpg,valid\V sign\V sign valid (264).jpg,593.03,50.08,57.47,1.94,good,Image quality is good. Proceed with assessment.,0
valid,V sign,V sign valid (265).jpg,valid\V sign\V sign valid (265).jpg,593.07,49.68,57.23,1.92,good,Image quality is good. Proceed with assessment.,0
valid,V sign,V sign valid (266).jpg,valid\V sign\V sign valid (266).jpg,592.93,49.42,57.64,1.94,good,Image quality is good. Proceed with assessment.,0
valid,V sign,V sign valid (267).jpg,valid\V sign\V sign valid (267).jpg,592.97,49.36,57.51,1.95,good,Image quality is good. Proceed with assessment.,0
valid,V sign,V sign valid (268).jpg,valid\V sign\V sign valid (268).jpg,417.37,42.95,44.07,1.52,good,Image quality is good. Proceed with assessment.,0
valid,V sign,V sign valid (269).jpg,valid\V sign\V sign valid (269).jpg,417.98,42.89,43.87,1.53,good,Image quality is good. Proceed with assessment.,0
valid,V sign,V sign valid (27).jpg,valid\V sign\V sign valid (27).jpg,539.19,75.14,58.15,1.74,good,Image quality is good. Proceed with assessment.,0
valid,V sign,V sign valid (270).jpg,valid\V sign\V sign valid (270).jpg,419.56,42.9,43.67,1.51,good,Image quality is good. Proceed with assessment.,0
valid,V sign,V sign valid (271).jpg,valid\V sign\V sign valid (271).jpg,409.64,38.13,51.95,1.35,good,Image quality is good. Proceed with assessment.,0
valid,V sign,V sign valid (272).jpg,valid\V sign\V sign valid (272).jpg,409.37,38.1,51.91,1.35,good,Image quality is good. Proceed with assessment.,0
valid,V sign,V sign valid (273).jpg,valid\V sign\V sign valid (273).jpg,409.6,37.95,51.74,1.35,good,Image quality is good. Proceed with assessment.,0
valid,V sign,V sign valid (274).jpg,valid\V sign\V sign valid (274).jpg,553.81,68.77,57.26,1.89,good,Image quality is good. Proceed with assessment.,0
valid,V sign,V sign valid (275).jpg,valid\V sign\V sign valid (275).jpg,552.34,68.97,57.46,1.89,good,Image quality is good. Proceed with assessment.,0
valid,V sign,V sign valid (276).jpg,valid\V sign\V sign valid (276).jpg,552.24,69.12,57.61,1.89,good,Image quality is good. Proceed with assessment.,0
valid,V sign,V sign valid (277).jpg,valid\V sign\V sign valid (277).jpg,552.57,69.17,57.68,1.89,good,Image quality is good. Proceed with assessment.,0
valid,V sign,V sign valid (278).jpg,valid\V sign\V sign valid (278).jpg,552.45,69.26,57.75,1.89,good,Image quality is good. Proceed with assessment.,0
valid,V sign,V sign valid (279).jpg,valid\V sign\V sign valid (279).jpg,544.3,63.47,54.17,2.0,good,Image quality is good. Proceed with assessment.,0
valid,V sign,V sign valid (28).jpg,valid\V sign\V sign valid (28).jpg,535.01,75.34,57.99,1.73,good,Image quality is good. Proceed with assessment.,0
valid,V sign,V sign valid (280).jpg,valid\V sign\V sign valid (280).jpg,544.35,63.3,54.18,1.99,good,Image quality is good. Proceed with assessment.,0
valid,V sign,V sign valid (281).jpg,valid\V sign\V sign valid (281).jpg,544.15,63.34,54.32,1.99,good,Image quality is good. Proceed with assessment.,0
valid,V sign,V sign valid (282).jpg,valid\V sign\V sign valid (282).jpg,543.54,63.31,54.31,1.98,good,Image quality is good. Proceed with assessment.,0
valid,V sign,V sign valid (283).jpg,valid\V sign\V sign valid (283).jpg,372.03,22.4,44.63,1.24,good,Image quality is good. Proceed with assessment.,0
valid,V sign,V sign valid (284).jpg,valid\V sign\V sign valid (284).jpg,372.27,22.41,44.75,1.24,good,Image quality is good. Proceed with assessment.,0
valid,V sign,V sign valid (285).jpg,valid\V sign\V sign valid (285).jpg,371.44,22.38,44.67,1.23,good,Image quality is good. Proceed with assessment.,0
valid,V sign,V sign valid (286).jpg,valid\V sign\V sign valid (286).jpg,371.29,22.31,44.55,1.23,good,Image quality is good. Proceed with assessment.,0
valid,V sign,V sign valid (287).jpg,valid\V sign\V sign valid (287).jpg,573.47,57.09,52.53,1.9,good,Image quality is good. Proceed with assessment.,0
valid,V sign,V sign valid (288).jpg,valid\V sign\V sign valid (288).jpg,573.31,57.28,52.6,1.9,good,Image quality is good. Proceed with assessment.,0
valid,V sign,V sign valid (289).jpg,valid\V sign\V sign valid (289).jpg,573.04,57.05,52.12,1.9,good,Image quality is good. Proceed with assessment.,0
valid,V sign,V sign valid (29).jpg,valid\V sign\V sign valid (29).jpg,526.44,62.2,53.78,1.72,good,Image quality is good. Proceed with assessment.,0
valid,V sign,V sign valid (290).jpg,valid\V sign\V sign valid (290).jpg,573.48,56.91,51.73,1.91,good,Image quality is good. Proceed with assessment.,0
valid,V sign,V sign valid (291).jpg,valid\V sign\V sign valid (291).jpg,573.9,56.17,51.47,1.9,good,Image quality is good. Proceed with assessment.,0
valid,V sign,V sign valid (292).jpg,valid\V sign\V sign valid (292).jpg,574.19,56.16,51.34,1.9,good,Image quality is good. Proceed with assessment.,0
valid,V sign,V sign valid (293).jpg,valid\V sign\V sign valid (293).jpg,616.27,55.87,57.12,1.87,good,Image quality is good. Proceed with assessment.,0
valid,V sign,V sign valid (294).jpg,valid\V sign\V sign valid (294).jpg,615.32,55.77,57.08,1.87,good,Image quality is good. Proceed with assessment.,0
valid,V sign,V sign valid (295).jpg,valid\V sign\V sign valid (295).jpg,614.69,55.63,56.96,1.87,good,Image quality is good. Proceed with assessment.,0
valid,V sign,V sign valid (296).jpg,valid\V sign\V sign valid (296).jpg,614.51,55.49,56.83,1.86,good,Image quality is good. Proceed with assessment.,0
valid,V sign,V sign valid (297).jpg,valid\V sign\V sign valid (297).jpg,614.49,55.39,56.76,1.87,good,Image quality is good. Proceed with assessment.,0
valid,V sign,V sign valid (298).jpg,valid\V sign\V sign valid (298).jpg,614.98,55.23,56.59,1.86,good,Image quality is good. Proceed with assessment.,0
valid,V sign,V sign valid (299).jpg,valid\V sign\V sign valid (299).jpg,614.19,54.98,56.34,1.86,good,Image quality is good. Proceed with assessment.,0
valid,V sign,V sign valid (3).jpg,valid\V sign\V sign valid (3).jpg,458.85,73.9,44.09,1.72,good,Image quality is good. Proceed with assessment.,0
valid,V sign,V sign valid (30).jpg,valid\V sign\V sign valid (30).jpg,529.83,61.77,53.35,1.72,good,Image quality is good. Proceed with assessment.,0
valid,V sign,V sign valid (300).jpg,valid\V sign\V sign valid (300).jpg,630.72,51.73,56.17,1.89,good,Image quality is good. Proceed with assessment.,0
valid,V sign,V sign valid (301).jpg,valid\V sign\V sign valid (301).jpg,631.32,52.04,56.55,1.89,good,Image quality is good. Proceed with assessment.,0
valid,V sign,V sign valid (302).jpg,valid\V sign\V sign valid (302).jpg,630.82,52.11,56.64,1.89,good,Image quality is good. Proceed with assessment.,0
valid,V sign,V sign valid (303).jpg,valid\V sign\V sign valid (303).jpg,630.73,52.14,56.67,1.89,good,Image quality is good. Proceed with assessment.,0
valid,V sign,V sign valid (304).jpg,valid\V sign\V sign valid (304).jpg,631.06,52.11,56.64,1.89,good,Image quality is good. Proceed with assessment.,0
valid,V sign,V sign valid (305).jpg,valid\V sign\V sign valid (305).jpg,631.12,52.02,56.51,1.89,good,Image quality is good. Proceed with assessment.,0
valid,V sign,V sign valid (306).jpg,valid\V sign\V sign valid (306).jpg,704.55,78.21,55.47,2.2,good,Image quality is good. Proceed with assessment.,0
valid,V sign,V sign valid (307).jpg,valid\V sign\V sign valid (307).jpg,706.28,78.02,55.55,2.2,good,Image quality is good. Proceed with assessment.,0
valid,V sign,V sign valid (308).jpg,valid\V sign\V sign valid (308).jpg,710.15,77.0,56.66,2.21,good,Image quality is good. Proceed with assessment.,0
valid,V sign,V sign valid (309).jpg,valid\V sign\V sign valid (309).jpg,708.7,76.92,56.74,2.21,good,Image quality is good. Proceed with assessment.,0
valid,V sign,V sign valid (31).jpg,valid\V sign\V sign valid (31).jpg,537.4,61.48,52.83,1.73,good,Image quality is good. Proceed with assessment.,0
valid,V sign,V sign valid (310).jpg,valid\V sign\V sign valid (310).jpg,413.03,33.54,50.25,1.35,good,Image quality is good. Proceed with assessment.,0
valid,V sign,V sign valid (311).jpg,valid\V sign\V sign valid (311).jpg,413.45,33.71,50.31,1.36,good,Image quality is good. Proceed with assessment.,0
valid,V sign,V sign valid (312).jpg,valid\V sign\V sign valid (312).jpg,413.68,33.92,50.33,1.36,good,Image quality is good. Proceed with assessment.,0
valid,V sign,V sign valid (313).jpg,valid\V sign\V sign valid (313).jpg,414.52,33.98,50.36,1.36,good,Image quality is good. Proceed with assessment.,0
valid,V sign,V sign valid (314).jpg,valid\V sign\V sign valid (314).jpg,414.78,33.96,50.36,1.37,good,Image quality is good. Proceed with assessment.,0
valid,V sign,V sign valid (315).jpg,valid\V sign\V sign valid (315).jpg,412.19,35.47,51.87,1.37,good,Image quality is good. Proceed with assessment.,0
valid,V sign,V sign valid (316).jpg,valid\V sign\V sign valid (316).jpg,411.87,35.56,52.02,1.37,good,Image quality is good. Proceed with assessment.,0
valid,V sign,V sign valid (317).jpg,valid\V sign\V sign valid (317).jpg,412.25,35.67,52.13,1.37,good,Image quality is good. Proceed with assessment.,0
valid,V sign,V sign valid (318).jpg,valid\V sign\V sign valid (318).jpg,412.3,35.74,52.17,1.38,good,Image quality is good. Proceed with assessment.,0
valid,V sign,V sign valid (319).jpg,valid\V sign\V sign valid (319).jpg,412.22,35.67,52.11,1.38,good,Image quality is good. Proceed with assessment.,0
valid,V sign,V sign valid (32).jpg,valid\V sign\V sign valid (32).jpg,538.27,61.8,53.29,1.73,good,Image quality is good. Proceed with assessment.,0
valid,V sign,V sign valid (320).jpg,valid\V sign\V sign valid (320).jpg,546.04,53.32,39.9,2.05,good,Image quality is good. Proceed with assessment.,0
valid,V sign,V sign valid (321).jpg,valid\V sign\V sign valid (321).jpg,546.54,53.52,40.2,2.05,good,Image quality is good. Proceed with assessment.,0
valid,V sign,V sign valid (322).jpg,valid\V sign\V sign valid (322).jpg,546.78,53.57,40.44,2.06,good,Image quality is good. Proceed with assessment.,0
valid,V sign,V sign valid (323).jpg,valid\V sign\V sign valid (323).jpg,546.81,53.61,40.57,2.06,good,Image quality is good. Proceed with assessment.,0
valid,V sign,V sign valid (324).jpg,valid\V sign\V sign valid (324).jpg,547.09,53.54,40.36,2.06,good,Image quality is good. Proceed with assessment.,0
valid,V sign,V sign valid (325).jpg,valid\V sign\V sign valid (325).jpg,540.19,53.36,40.19,2.04,good,Image quality is good. Proceed with assessment.,0
valid,V sign,V sign valid (326).jpg,valid\V sign\V sign valid (326).jpg,567.31,57.88,63.78,1.66,good,Image quality is good. Proceed with assessment.,0
valid,V sign,V sign valid (327).jpg,valid\V sign\V sign valid (327).jpg,565.52,57.84,63.73,1.65,good,Image quality is good. Proceed with assessment.,0
valid,V sign,V sign valid (328).jpg,valid\V sign\V sign valid (328).jpg,692.96,61.54,63.52,2.09,good,Image quality is good. Proceed with assessment.,0
valid,V sign,V sign valid (329).jpg,valid\V sign\V sign valid (329).jpg,693.38,61.58,63.52,2.1,good,Image quality is good. Proceed with assessment.,0
valid,V sign,V sign valid (33).jpg,valid\V sign\V sign valid (33).jpg,541.43,61.87,53.66,1.73,good,Image quality is good. Proceed with assessment.,0
valid,V sign,V sign valid (330).jpg,valid\V sign\V sign valid (330).jpg,693.58,61.63,63.51,2.1,good,Image quality is good. Proceed with assessment.,0
valid,V sign,V sign valid (331).jpg,valid\V sign\V sign valid (331).jpg,693.63,61.59,63.41,2.1,good,Image quality is good. Proceed with assessment.,0
valid,V sign,V sign valid (332).jpg,valid\V sign\V sign valid (332).jpg,694.48,61.62,63.44,2.1,good,Image quality is good. Proceed with assessment.,0
valid,V sign,V sign valid (333).jpg,valid\V sign\V sign valid (333).jpg,545.2,38.42,51.2,1.6,good,Image quality is good. Proceed with assessment.,0
valid,V sign,V sign valid (334).jpg,valid\V sign\V sign valid (334).jpg,543.87,38.42,51.29,1.59,good,Image quality is good. Proceed with assessment.,0
valid,V sign,V sign valid (335).jpg,valid\V sign\V sign valid (335).jpg,541.84,38.39,51.29,1.59,good,Image quality is good. Proceed with assessment.,0
valid,V sign,V sign valid (336).jpg,valid\V sign\V sign valid (336).jpg,541.79,38.42,51.35,1.6,good,Image quality is good. Proceed with assessment.,0
valid,V sign,V sign valid (337).jpg,valid\V sign\V sign valid (337).jpg,562.84,53.79,56.86,1.86,good,Image quality is good. Proceed with assessment.,0
valid,V sign,V sign valid (338).jpg,valid\V sign\V sign valid (338).jpg,563.18,53.9,56.82,1.86,good,Image quality is good. Proceed with assessment.,0
valid,V sign,V sign valid (339).jpg,valid\V sign\V sign valid (339).jpg,563.06,54.05,56.85,1.86,good,Image quality is good. Proceed with assessment.,0
valid,V sign,V sign valid (34).jpg,valid\V sign\V sign valid (34).jpg,543.14,62.01,53.88,1.74,good,Image quality is good. Proceed with assessment.,0
valid,V sign,V sign valid (340).jpg,valid\V sign\V sign valid (340).jpg,563.23,54.23,56.9,1.86,good,Image quality is good. Proceed with assessment.,0
valid,V sign,V sign valid (341).jpg,valid\V sign\V sign valid (341).jpg,563.41,54.26,56.89,1.86,good,Image quality is good. Proceed with assessment.,0
valid,V sign,V sign valid (342).jpg,valid\V sign\V sign valid (342).jpg,563.56,54.29,56.91,1.87,good,Image quality is good. Proceed with assessment.,0
valid,V sign,V sign valid (343).jpg,valid\V sign\V sign valid (343).jpg,479.15,54.1,53.82,1.64,good,Image quality is good. Proceed with assessment.,0
valid,V sign,V sign valid (344).jpg,valid\V sign\V sign valid (344).jpg,479.88,54.16,54.0,1.64,good,Image quality is good. Proceed with assessment.,0
valid,V sign,V sign valid (345).jpg,valid\V sign\V sign valid (345).jpg,481.43,54.23,54.13,1.65,good,Image quality is good. Proceed with assessment.,0
valid,V sign,V sign valid (346).jpg,valid\V sign\V sign valid (346).jpg,549.29,59.58,57.16,1.89,good,Image quality is good. Proceed with assessment.,0
valid,V sign,V sign valid (347).jpg,valid\V sign\V sign valid (347).jpg,549.26,59.71,57.26,1.9,good,Image quality is good. Proceed with assessment.,0
valid,V sign,V sign valid (348).jpg,valid\V sign\V sign valid (348).jpg,549.3,59.66,57.24,1.9,good,Image quality is good. Proceed with assessment.,0
valid,V sign,V sign valid (349).jpg,valid\V sign\V sign valid (349).jpg,549.74,59.84,57.31,1.9,good,Image quality is good. Proceed with assessment.,0
valid,V sign,V sign valid (35).jpg,valid\V sign\V sign valid (35).jpg,545.78,62.0,53.86,1.74,good,Image quality is good. Proceed with assessment.,0
valid,V sign,V sign valid (350).jpg,valid\V sign\V sign valid (350).jpg,549.47,59.97,57.46,1.91,good,Image quality is good. Proceed with assessment.,0
valid,V sign,V sign valid (351).jpg,valid\V sign\V sign valid (351).jpg,549.73,59.82,57.47,1.9,good,Image quality is good. Proceed with assessment.,0
valid,V sign,V sign valid (352).jpg,valid\V sign\V sign valid (352).jpg,550.38,59.75,57.39,1.9,good,Image quality is good. Proceed with assessment.,0
valid,V sign,V sign valid (353).jpg,valid\V sign\V sign valid (353).jpg,549.82,59.66,57.32,1.91,good,Image quality is good. Proceed with assessment.,0
valid,V sign,V sign valid (354).jpg,valid\V sign\V sign valid (354).jpg,549.04,59.47,57.2,1.9,good,Image quality is good. Proceed with assessment.,0
valid,V sign,V sign valid (355).jpg,valid\V sign\V sign valid (355).jpg,549.85,59.35,57.11,1.9,good,Image quality is good. Proceed with assessment.,0
valid,V sign,V sign valid (356).jpg,valid\V sign\V sign valid (356).jpg,549.22,59.29,57.07,1.9,good,Image quality is good. Proceed with assessment.,0
valid,V sign,V sign valid (357).jpg,valid\V sign\V sign valid (357).jpg,550.21,57.27,54.83,1.68,good,Image quality is good. Proceed with assessment.,0
valid,V sign,V sign valid (358).jpg,valid\V sign\V sign valid (358).jpg,551.23,57.04,54.98,1.68,good,Image quality is good. Proceed with assessment.,0
valid,V sign,V sign valid (359).jpg,valid\V sign\V sign valid (359).jpg,550.85,56.75,54.9,1.69,good,Image quality is good. Proceed with assessment.,0
valid,V sign,V sign valid (36).jpg,valid\V sign\V sign valid (36).jpg,547.04,61.68,53.34,1.75,good,Image quality is good. Proceed with assessment.,0
valid,V sign,V sign valid (360).jpg,valid\V sign\V sign valid (360).jpg,548.64,55.32,54.68,1.67,good,Image quality is good. Proceed with assessment.,0
valid,V sign,V sign valid (361).jpg,valid\V sign\V sign valid (361).jpg,548.6,55.52,55.0,1.68,good,Image quality is good. Proceed with assessment.,0
valid,V sign,V sign valid (362).jpg,valid\V sign\V sign valid (362).jpg,548.15,55.48,55.15,1.68,good,Image quality is good. Proceed with assessment.,0
valid,V sign,V sign valid (37).jpg,valid\V sign\V sign valid (37).jpg,547.87,61.37,52.76,1.75,good,Image quality is good. Proceed with assessment.,0
valid,V sign,V sign valid (38).jpg,valid\V sign\V sign valid (38).jpg,548.25,61.1,52.32,1.75,good,Image quality is good. Proceed with assessment.,0
valid,V sign,V sign valid (39).jpg,valid\V sign\V sign valid (39).jpg,549.1,60.81,51.9,1.75,good,Image quality is good. Proceed with assessment.,0
valid,V sign,V sign valid (4).jpg,valid\V sign\V sign valid (4).jpg,457.87,73.71,44.11,1.71,good,Image quality is good. Proceed with assessment.,0
valid,V sign,V sign valid (40).jpg,valid\V sign\V sign valid (40).jpg,549.42,60.65,51.69,1.75,good,Image quality is good. Proceed with assessment.,0
valid,V sign,V sign valid (41).jpg,valid\V sign\V sign valid (41).jpg,447.5,56.01,62.38,1.39,good,Image quality is good. Proceed with assessment.,0
valid,V sign,V sign valid (42).jpg,valid\V sign\V sign valid (42).jpg,432.24,56.07,62.48,1.38,good,Image quality is good. Proceed with assessment.,0
valid,V sign,V sign valid (43).jpg,valid\V sign\V sign valid (43).jpg,435.0,55.81,62.16,1.38,good,Image quality is good. Proceed with assessment.,0
valid,V sign,V sign valid (44).jpg,valid\V sign\V sign valid (44).jpg,436.4,55.85,62.25,1.38,good,Image quality is good. Proceed with assessment.,0
valid,V sign,V sign valid (45).jpg,valid\V sign\V sign valid (45).jpg,436.95,56.02,62.5,1.38,good,Image quality is good. Proceed with assessment.,0
valid,V sign,V sign valid (46).jpg,valid\V sign\V sign valid (46).jpg,437.43,56.05,62.62,1.39,good,Image quality is good. Proceed with assessment.,0
valid,V sign,V sign valid (47).jpg,valid\V sign\V sign valid (47).jpg,438.84,55.91,62.46,1.39,good,Image quality is good. Proceed with assessment.,0
valid,V sign,V sign valid (48).jpg,valid\V sign\V sign valid (48).jpg,440.07,55.7,62.13,1.39,good,Image quality is good. Proceed with assessment.,0
valid,V sign,V sign valid (49).jpg,valid\V sign\V sign valid (49).jpg,449.13,53.42,60.75,1.39,good,Image quality is good. Proceed with assessment.,0
valid,V sign,V sign valid (5).jpg,valid\V sign\V sign valid (5).jpg,456.89,73.55,44.0,1.71,good,Image quality is good. Proceed with assessment.,0
valid,V sign,V sign valid (50).jpg,valid\V sign\V sign valid (50).jpg,447.88,53.44,60.87,1.39,good,Image quality is good. Proceed with assessment.,0
valid,V sign,V sign valid (51).jpg,valid\V sign\V sign valid (51).jpg,450.18,53.56,60.95,1.39,good,Image quality is good. Proceed with assessment.,0
valid,V sign,V sign valid (52).jpg,valid\V sign\V sign valid (52).jpg,449.83,53.73,61.18,1.4,good,Image quality is good. Proceed with assessment.,0
valid,V sign,V sign valid (53).jpg,valid\V sign\V sign valid (53).jpg,451.12,53.59,61.1,1.4,good,Image quality is good. Proceed with assessment.,0
valid,V sign,V sign valid (54).jpg,valid\V sign\V sign valid (54).jpg,450.86,53.12,60.64,1.39,good,Image quality is good. Proceed with assessment.,0
valid,V sign,V sign valid (55).jpg,valid\V sign\V sign valid (55).jpg,470.37,30.65,47.47,1.55,good,Image quality is good. Proceed with assessment.,0
valid,V sign,V sign valid (56).jpg,valid\V sign\V sign valid (56).jpg,470.93,30.45,47.24,1.55,good,Image quality is good. Proceed with assessment.,0
valid,V sign,V sign valid (57).jpg,valid\V sign\V sign valid (57).jpg,473.36,30.18,47.46,1.57,good,Image quality is good. Proceed with assessment.,0
valid,V sign,V sign valid (58).jpg,valid\V sign\V sign valid (58).jpg,473.64,30.16,47.4,1.58,good,Image quality is good. Proceed with assessment.,0
valid,V sign,V sign valid (59).jpg,valid\V sign\V sign valid (59).jpg,473.59,30.11,47.23,1.57,good,Image quality is good. Proceed with assessment.,0
valid,V sign,V sign valid (6).jpg,valid\V sign\V sign valid (6).jpg,450.79,72.25,44.07,1.7,good,Image quality is good. Proceed with assessment.,0
valid,V sign,V sign valid (60).jpg,valid\V sign\V sign valid (60).jpg,472.44,30.02,47.08,1.57,good,Image quality is good. Proceed with assessment.,0
valid,V sign,V sign valid (61).jpg,valid\V sign\V sign valid (61).jpg,400.65,49.49,50.78,1.35,good,Image quality is good. Proceed with assessment.,0
valid,V sign,V sign valid (62).jpg,valid\V sign\V sign valid (62).jpg,395.61,49.66,50.21,1.33,good,Image quality is good. Proceed with assessment.,0
valid,V sign,V sign valid (63).jpg,valid\V sign\V sign valid (63).jpg,402.63,50.24,50.91,1.35,good,Image quality is good. Proceed with assessment.,0
valid,V sign,V sign valid (64).jpg,valid\V sign\V sign valid (64).jpg,404.28,50.07,50.53,1.35,good,Image quality is good. Proceed with assessment.,0
valid,V sign,V sign valid (65).jpg,valid\V sign\V sign valid (65).jpg,408.29,50.18,50.82,1.36,good,Image quality is good. Proceed with assessment.,0
valid,V sign,V sign valid (66).jpg,valid\V sign\V sign valid (66).jpg,584.6,45.1,49.32,1.85,good,Image quality is good. Proceed with assessment.,0
valid,V sign,V sign valid (67).jpg,valid\V sign\V sign valid (67).jpg,586.31,45.03,49.17,1.85,good,Image quality is good. Proceed with assessment.,0
valid,V sign,V sign valid (68).jpg,valid\V sign\V sign valid (68).jpg,588.2,44.89,48.96,1.85,good,Image quality is good. Proceed with assessment.,0
valid,V sign,V sign valid (69).jpg,valid\V sign\V sign valid (69).jpg,589.09,44.56,48.45,1.84,good,Image quality is good. Proceed with assessment.,0
valid,V sign,V sign valid (7).jpg,valid\V sign\V sign valid (7).jpg,450.5,72.43,44.23,1.7,good,Image quality is good. Proceed with assessment.,0
valid,V sign,V sign valid (70).jpg,valid\V sign\V sign valid (70).jpg,590.05,44.07,47.89,1.84,good,Image quality is good. Proceed with assessment.,0
valid,V sign,V sign valid (71).jpg,valid\V sign\V sign valid (71).jpg,590.25,47.95,51.92,1.93,good,Image quality is good. Proceed with assessment.,0
valid,V sign,V sign valid (72).jpg,valid\V sign\V sign valid (72).jpg,590.74,48.1,52.12,1.93,good,Image quality is good. Proceed with assessment.,0
valid,V sign,V sign valid (73).jpg,valid\V sign\V sign valid (73).jpg,590.66,48.22,52.3,1.93,good,Image quality is good. Proceed with assessment.,0
valid,V sign,V sign valid (74).jpg,valid\V sign\V sign valid (74).jpg,590.52,48.24,52.37,1.93,good,Image quality is good. Proceed with assessment.,0
valid,V sign,V sign valid (75).jpg,valid\V sign\V sign valid (75).jpg,587.1,48.11,52.27,1.92,good,Image quality is good. Proceed with assessment.,0
valid,V sign,V sign valid (76).jpg,valid\V sign\V sign valid (76).jpg,588.43,48.01,52.13,1.92,good,Image quality is good. Proceed with assessment.,0
valid,V sign,V sign valid (77).jpg,valid\V sign\V sign valid (77).jpg,605.81,48.77,54.29,1.9,good,Image quality is good. Proceed with assessment.,0
valid,V sign,V sign valid (78).jpg,valid\V sign\V sign valid (78).jpg,606.39,48.83,54.49,1.91,good,Image quality is good. Proceed with assessment.,0
valid,V sign,V sign valid (79).jpg,valid\V sign\V sign valid (79).jpg,606.28,48.79,54.57,1.91,good,Image quality is good. Proceed with assessment.,0
valid,V sign,V sign valid (8).jpg,valid\V sign\V sign valid (8).jpg,451.12,72.59,44.42,1.7,good,Image quality is good. Proceed with assessment.,0
valid,V sign,V sign valid (80).jpg,valid\V sign\V sign valid (80).jpg,606.18,48.63,54.46,1.91,good,Image quality is good. Proceed with assessment.,0
valid,V sign,V sign valid (81).jpg,valid\V sign\V sign valid (81).jpg,607.38,48.55,54.69,1.9,good,Image quality is good. Proceed with assessment.,0
valid,V sign,V sign valid (82).jpg,valid\V sign\V sign valid (82).jpg,607.81,48.71,54.86,1.91,good,Image quality is good. Proceed with assessment.,0
valid,V sign,V sign valid (83).jpg,valid\V sign\V sign valid (83).jpg,607.74,48.81,54.99,1.91,good,Image quality is good. Proceed with assessment.,0
valid,V sign,V sign valid (84).jpg,valid\V sign\V sign valid (84).jpg,509.44,47.38,42.79,1.75,good,Image quality is good. Proceed with assessment.,0
valid,V sign,V sign valid (85).jpg,valid\V sign\V sign valid (85).jpg,510.57,47.5,43.02,1.76,good,Image quality is good. Proceed with assessment.,0
valid,V sign,V sign valid (86).jpg,valid\V sign\V sign valid (86).jpg,510.37,47.57,43.21,1.76,good,Image quality is good. Proceed with assessment.,0
valid,V sign,V sign valid (87).jpg,valid\V sign\V sign valid (87).jpg,510.67,47.45,43.3,1.77,good,Image quality is good. Proceed with assessment.,0
valid,V sign,V sign valid (88).jpg,valid\V sign\V sign valid (88).jpg,511.6,47.39,43.22,1.77,good,Image quality is good. Proceed with assessment.,0
valid,V sign,V sign valid (89).jpg,valid\V sign\V sign valid (89).jpg,512.12,47.29,43.05,1.77,good,Image quality is good. Proceed with assessment.,0
valid,V sign,V sign valid (9).jpg,valid\V sign\V sign valid (9).jpg,617.13,54.94,45.32,2.11,good,Image quality is good. Proceed with assessment.,0
valid,V sign,V sign valid (90).jpg,valid\V sign\V sign valid (90).jpg,511.58,47.08,42.84,1.77,good,Image quality is good. Proceed with assessment.,0
valid,V sign,V sign valid (91).jpg,valid\V sign\V sign valid (91).jpg,380.32,37.12,43.43,1.26,good,Image quality is good. Proceed with assessment.,0
valid,V sign,V sign valid (92).jpg,valid\V sign\V sign valid (92).jpg,379.13,36.87,43.02,1.27,good,Image quality is good. Proceed with assessment.,0
valid,V sign,V sign valid (93).jpg,valid\V sign\V sign valid (93).jpg,379.53,36.73,42.76,1.27,good,Image quality is good. Proceed with assessment.,0
valid,V sign,V sign valid (94).jpg,valid\V sign\V sign valid (94).jpg,380.51,37.32,43.82,1.28,good,Image quality is good. Proceed with assessment.,0
valid,V sign,V sign valid (95).jpg,valid\V sign\V sign valid (95).jpg,379.88,37.56,44.18,1.28,good,Image quality is good. Proceed with assessment.,0
valid,V sign,V sign valid (96).jpg,valid\V sign\V sign valid (96).jpg,380.2,37.67,44.3,1.29,good,Image quality is good. Proceed with assessment.,0
valid,V sign,V sign valid (97).jpg,valid\V sign\V sign valid (97).jpg,379.87,37.45,43.71,1.28,good,Image quality is good. Proceed with assessment.,0
valid,V sign,V sign valid (98).jpg,valid\V sign\V sign valid (98).jpg,379.97,37.37,43.26,1.28,good,Image quality is good. Proceed with assessment.,0
valid,V sign,V sign valid (99).jpg,valid\V sign\V sign valid (99).jpg,379.48,37.22,42.88,1.28,good,Image quality is good. Proceed with assessment.,0
valid,X sign,X sign valid (1).jpg,valid\X sign\X sign valid (1).jpg,491.83,69.08,44.64,1.72,good,Image quality is good. Proceed with assessment.,0
valid,X sign,X sign valid (10).jpg,valid\X sign\X sign valid (10).jpg,607.15,43.16,47.04,1.88,good,Image quality is good. Proceed with assessment.,0
valid,X sign,X sign valid (11).jpg,valid\X sign\X sign valid (11).jpg,606.93,43.1,47.03,1.89,good,Image quality is good. Proceed with assessment.,0
valid,X sign,X sign valid (12).jpg,valid\X sign\X sign valid (12).jpg,608.1,42.75,46.74,1.89,good,Image quality is good. Proceed with assessment.,0
valid,X sign,X sign valid (13).jpg,valid\X sign\X sign valid (13).jpg,599.89,43.7,48.53,1.88,good,Image quality is good. Proceed with assessment.,0
valid,X sign,X sign valid (14).jpg,valid\X sign\X sign valid (14).jpg,600.56,43.83,48.67,1.88,good,Image quality is good. Proceed with assessment.,0
valid,X sign,X sign valid (15).jpg,valid\X sign\X sign valid (15).jpg,601.25,43.96,48.76,1.88,good,Image quality is good. Proceed with assessment.,0
valid,X sign,X sign valid (16).jpg,valid\X sign\X sign valid (16).jpg,600.34,44.05,48.81,1.88,good,Image quality is good. Proceed with assessment.,0
valid,X sign,X sign valid (17).jpg,valid\X sign\X sign valid (17).jpg,599.67,44.13,48.75,1.88,good,Image quality is good. Proceed with assessment.,0
valid,X sign,X sign valid (18).jpg,valid\X sign\X sign valid (18).jpg,600.58,44.17,48.73,1.88,good,Image quality is good. Proceed with assessment.,0
valid,X sign,X sign valid (19).jpg,valid\X sign\X sign valid (19).jpg,512.19,43.43,43.89,1.7,good,Image quality is good. Proceed with assessment.,0
valid,X sign,X sign valid (2).jpg,valid\X sign\X sign valid (2).jpg,492.1,69.07,44.64,1.72,good,Image quality is good. Proceed with assessment.,0
valid,X sign,X sign valid (20).jpg,valid\X sign\X sign valid (20).jpg,512.45,43.56,44.08,1.71,good,Image quality is good. Proceed with assessment.,0
valid,X sign,X sign valid (21).jpg,valid\X sign\X sign valid (21).jpg,512.21,43.57,44.17,1.71,good,Image quality is good. Proceed with assessment.,0
valid,X sign,X sign valid (22).jpg,valid\X sign\X sign valid (22).jpg,501.33,47.91,44.41,1.77,good,Image quality is good. Proceed with assessment.,0
valid,X sign,X sign valid (23).jpg,valid\X sign\X sign valid (23).jpg,501.06,47.75,44.38,1.77,good,Image quality is good. Proceed with assessment.,0
valid,X sign,X sign valid (24).jpg,valid\X sign\X sign valid (24).jpg,501.12,47.75,44.34,1.77,good,Image quality is good. Proceed with assessment.,0
valid,X sign,X sign valid (25).jpg,valid\X sign\X sign valid (25).jpg,502.13,47.64,44.27,1.78,good,Image quality is good. Proceed with assessment.,0
valid,X sign,X sign valid (26).jpg,valid\X sign\X sign valid (26).jpg,502.17,47.48,44.1,1.78,good,Image quality is good. Proceed with assessment.,0
valid,X sign,X sign valid (27).jpg,valid\X sign\X sign valid (27).jpg,502.48,47.35,43.89,1.79,good,Image quality is good. Proceed with assessment.,0
valid,X sign,X sign valid (28).jpg,valid\X sign\X sign valid (28).jpg,502.77,47.19,43.72,1.79,good,Image quality is good. Proceed with assessment.,0
valid,X sign,X sign valid (29).jpg,valid\X sign\X sign valid (29).jpg,366.92,47.02,44.81,1.34,good,Image quality is good. Proceed with assessment.,0
valid,X sign,X sign valid (3).jpg,valid\X sign\X sign valid (3).jpg,491.17,68.86,44.4,1.72,good,Image quality is good. Proceed with assessment.,0
valid,X sign,X sign valid (30).jpg,valid\X sign\X sign valid (30).jpg,366.94,46.4,43.95,1.33,good,Image quality is good. Proceed with assessment.,0
valid,X sign,X sign valid (31).jpg,valid\X sign\X sign valid (31).jpg,367.29,45.51,43.03,1.32,good,Image quality is good. Proceed with assessment.,0
valid,X sign,X sign valid (32).jpg,valid\X sign\X sign valid (32).jpg,610.36,67.18,56.39,1.89,good,Image quality is good. Proceed with assessment.,0
valid,X sign,X sign valid (33).jpg,valid\X sign\X sign valid (33).jpg,610.36,67.12,56.38,1.9,good,Image quality is good. Proceed with assessment.,0
valid,X sign,X sign valid (34).jpg,valid\X sign\X sign valid (34).jpg,609.98,67.06,56.39,1.9,good,Image quality is good. Proceed with assessment.,0
valid,X sign,X sign valid (35).jpg,valid\X sign\X sign valid (35).jpg,608.06,41.19,45.55,1.73,good,Image quality is good. Proceed with assessment.,0
valid,X sign,X sign valid (36).jpg,valid\X sign\X sign valid (36).jpg,604.8,41.23,45.99,1.72,good,Image quality is good. Proceed with assessment.,0
valid,X sign,X sign valid (37).jpg,valid\X sign\X sign valid (37).jpg,606.12,41.24,46.22,1.73,good,Image quality is good. Proceed with assessment.,0
valid,X sign,X sign valid (38).jpg,valid\X sign\X sign valid (38).jpg,606.23,41.17,46.39,1.74,good,Image quality is good. Proceed with assessment.,0
valid,X sign,X sign valid (39).jpg,valid\X sign\X sign valid (39).jpg,417.46,51.81,58.79,1.44,good,Image quality is good. Proceed with assessment.,0
valid,X sign,X sign valid (4).jpg,valid\X sign\X sign valid (4).jpg,613.87,54.66,43.23,2.06,good,Image quality is good. Proceed with assessment.,0
valid,X sign,X sign valid (40).jpg,valid\X sign\X sign valid (40).jpg,618.6,74.31,57.04,1.98,good,Image quality is good. Proceed with assessment.,0
valid,X sign,X sign valid (41).jpg,valid\X sign\X sign valid (41).jpg,615.15,74.24,56.92,1.98,good,Image quality is good. Proceed with assessment.,0
valid,X sign,X sign valid (42).jpg,valid\X sign\X sign valid (42).jpg,401.69,48.1,56.95,1.34,good,Image quality is good. Proceed with assessment.,0
valid,X sign,X sign valid (43).jpg,valid\X sign\X sign valid (43).jpg,402.69,48.28,57.08,1.34,good,Image quality is good. Proceed with assessment.,0
valid,X sign,X sign valid (44).jpg,valid\X sign\X sign valid (44).jpg,403.69,48.34,57.12,1.34,good,Image quality is good. Proceed with assessment.,0
valid,X sign,X sign valid (45).jpg,valid\X sign\X sign valid (45).jpg,411.34,45.29,56.51,1.37,good,Image quality is good. Proceed with assessment.,0
valid,X sign,X sign valid (46).jpg,valid\X sign\X sign valid (46).jpg,410.55,45.33,56.68,1.37,good,Image quality is good. Proceed with assessment.,0
valid,X sign,X sign valid (47).jpg,valid\X sign\X sign valid (47).jpg,483.56,52.42,52.2,1.75,good,Image quality is good. Proceed with assessment.,0
valid,X sign,X sign valid (48).jpg,valid\X sign\X sign valid (48).jpg,484.29,52.02,51.89,1.74,good,Image quality is good. Proceed with assessment.,0
valid,X sign,X sign valid (49).jpg,valid\X sign\X sign valid (49).jpg,485.43,51.28,51.85,1.72,good,Image quality is good. Proceed with assessment.,0
valid,X sign,X sign valid (5).jpg,valid\X sign\X sign valid (5).jpg,615.78,54.64,43.38,2.07,good,Image quality is good. Proceed with assessment.,0
valid,X sign,X sign valid (50).jpg,valid\X sign\X sign valid (50).jpg,485.39,51.24,51.84,1.72,good,Image quality is good. Proceed with assessment.,0
valid,X sign,X sign valid (51).jpg,valid\X sign\X sign valid (51).jpg,484.33,51.04,51.65,1.71,good,Image quality is good. Proceed with assessment.,0
valid,X sign,X sign valid (52).jpg,valid\X sign\X sign valid (52).jpg,483.63,50.95,51.52,1.71,good,Image quality is good. Proceed with assessment.,0
valid,X sign,X sign valid (53).jpg,valid\X sign\X sign valid (53).jpg,482.42,50.66,51.23,1.71,good,Image quality is good. Proceed with assessment.,0
valid,X sign,X sign valid (54).jpg,valid\X sign\X sign valid (54).jpg,485.36,49.69,51.17,1.72,good,Image quality is good. Proceed with assessment.,0
valid,X sign,X sign valid (55).jpg,valid\X sign\X sign valid (55).jpg,484.94,49.7,51.24,1.71,good,Image quality is good. Proceed with assessment.,0
valid,X sign,X sign valid (56).jpg,valid\X sign\X sign valid (56).jpg,453.24,69.83,38.63,1.8,good,Image quality is good. Proceed with assessment.,0
valid,X sign,X sign valid (57).jpg,valid\X sign\X sign valid (57).jpg,456.87,69.68,38.69,1.81,good,Image quality is good. Proceed with assessment.,0
valid,X sign,X sign valid (58).jpg,valid\X sign\X sign valid (58).jpg,457.77,69.64,38.6,1.81,good,Image quality is good. Proceed with assessment.,0
valid,X sign,X sign valid (59).jpg,valid\X sign\X sign valid (59).jpg,462.14,68.98,39.53,1.81,good,Image quality is good. Proceed with assessment.,0
valid,X sign,X sign valid (6).jpg,valid\X sign\X sign valid (6).jpg,616.75,54.57,43.47,2.07,good,Image quality is good. Proceed with assessment.,0
valid,X sign,X sign valid (60).jpg,valid\X sign\X sign valid (60).jpg,462.01,68.77,39.62,1.8,good,Image quality is good. Proceed with assessment.,0
valid,X sign,X sign valid (61).jpg,valid\X sign\X sign valid (61).jpg,442.04,69.35,39.88,1.8,good,Image quality is good. Proceed with assessment.,0
valid,X sign,X sign valid (62).jpg,valid\X sign\X sign valid (62).jpg,443.12,69.12,39.56,1.8,good,Image quality is good. Proceed with assessment.,0
valid,X sign,X sign valid (63).jpg,valid\X sign\X sign valid (63).jpg,445.44,68.08,38.92,1.8,good,Image quality is good. Proceed with assessment.,0
valid,X sign,X sign valid (64).jpg,valid\X sign\X sign valid (64).jpg,445.2,67.77,38.74,1.8,good,Image quality is good. Proceed with assessment.,0
valid,X sign,X sign valid (65).jpg,valid\X sign\X sign valid (65).jpg,539.92,59.97,53.2,1.97,good,Image quality is good. Proceed with assessment.,0
valid,X sign,X sign valid (66).jpg,valid\X sign\X sign valid (66).jpg,539.64,60.0,53.16,1.97,good,Image quality is good. Proceed with assessment.,0
valid,X sign,X sign valid (67).jpg,valid\X sign\X sign valid (67).jpg,534.67,59.96,53.21,1.97,good,Image quality is good. Proceed with assessment.,0
valid,X sign,X sign valid (68).jpg,valid\X sign\X sign valid (68).jpg,536.84,59.95,53.19,1.97,good,Image quality is good. Proceed with assessment.,0
valid,X sign,X sign valid (69).jpg,valid\X sign\X sign valid (69).jpg,537.72,59.87,53.11,1.97,good,Image quality is good. Proceed with assessment.,0
valid,X sign,X sign valid (7).jpg,valid\X sign\X sign valid (7).jpg,597.13,42.21,45.83,1.85,good,Image quality is good. Proceed with assessment.,0
valid,X sign,X sign valid (70).jpg,valid\X sign\X sign valid (70).jpg,571.1,56.41,50.87,1.85,good,Image quality is good. Proceed with assessment.,0
valid,X sign,X sign valid (71).jpg,valid\X sign\X sign valid (71).jpg,578.85,56.38,50.64,1.87,good,Image quality is good. Proceed with assessment.,0
valid,X sign,X sign valid (72).jpg,valid\X sign\X sign valid (72).jpg,578.67,56.28,50.49,1.88,good,Image quality is good. Proceed with assessment.,0
valid,X sign,X sign valid (73).jpg,valid\X sign\X sign valid (73).jpg,613.03,56.45,57.23,1.87,good,Image quality is good. Proceed with assessment.,0
valid,X sign,X sign valid (74).jpg,valid\X sign\X sign valid (74).jpg,613.51,56.4,57.2,1.87,good,Image quality is good. Proceed with assessment.,0
valid,X sign,X sign valid (75).jpg,valid\X sign\X sign valid (75).jpg,612.76,56.36,57.26,1.87,good,Image quality is good. Proceed with assessment.,0
valid,X sign,X sign valid (76).jpg,valid\X sign\X sign valid (76).jpg,613.49,56.41,57.3,1.87,good,Image quality is good. Proceed with assessment.,0
valid,X sign,X sign valid (77).jpg,valid\X sign\X sign valid (77).jpg,681.22,85.32,55.06,2.17,good,Image quality is good. Proceed with assessment.,0
valid,X sign,X sign valid (78).jpg,valid\X sign\X sign valid (78).jpg,680.75,85.02,54.86,2.17,good,Image quality is good. Proceed with assessment.,0
valid,X sign,X sign valid (79).jpg,valid\X sign\X sign valid (79).jpg,679.09,84.8,54.63,2.16,good,Image quality is good. Proceed with assessment.,0
valid,X sign,X sign valid (8).jpg,valid\X sign\X sign valid (8).jpg,598.75,42.34,46.09,1.86,good,Image quality is good. Proceed with assessment.,0
valid,X sign,X sign valid (80).jpg,valid\X sign\X sign valid (80).jpg,679.69,84.52,54.42,2.16,good,Image quality is good. Proceed with assessment.,0
valid,X sign,X sign valid (81).jpg,valid\X sign\X sign valid (81).jpg,408.31,32.61,48.55,1.32,good,Image quality is good. Proceed with assessment.,0
valid,X sign,X sign valid (82).jpg,valid\X sign\X sign valid (82).jpg,408.1,32.63,48.56,1.32,good,Image quality is good. Proceed with assessment.,0
valid,X sign,X sign valid (83).jpg,valid\X sign\X sign valid (83).jpg,546.58,38.29,52.7,1.56,good,Image quality is good. Proceed with assessment.,0
valid,X sign,X sign valid (84).jpg,valid\X sign\X sign valid (84).jpg,546.77,38.28,52.7,1.56,good,Image quality is good. Proceed with assessment.,0
valid,X sign,X sign valid (85).jpg,valid\X sign\X sign valid (85).jpg,547.25,38.25,52.67,1.56,good,Image quality is good. Proceed with assessment.,0
valid,X sign,X sign valid (86).jpg,valid\X sign\X sign valid (86).jpg,557.18,53.98,58.82,1.86,good,Image quality is good. Proceed with assessment.,0
valid,X sign,X sign valid (87).jpg,valid\X sign\X sign valid (87).jpg,558.95,53.89,58.81,1.87,good,Image quality is good. Proceed with assessment.,0
valid,X sign,X sign valid (88).jpg,valid\X sign\X sign valid (88).jpg,558.6,53.81,58.77,1.87,good,Image quality is good. Proceed with assessment.,0
valid,X sign,X sign valid (89).jpg,valid\X sign\X sign valid (89).jpg,533.99,49.89,50.46,1.64,good,Image quality is good. Proceed with assessment.,0
valid,X sign,X sign valid (9).jpg,valid\X sign\X sign valid (9).jpg,600.59,42.48,46.38,1.86,good,Image quality is good. Proceed with assessment.,0
valid,X sign,X sign valid (90).jpg,valid\X sign\X sign valid (90).jpg,534.53,50.5,50.78,1.64,good,Image quality is good. Proceed with assessment.,0
valid,X sign,X sign valid (91).jpg,valid\X sign\X sign valid (91).jpg,534.78,51.42,51.27,1.65,good,Image quality is good. Proceed with assessment.,0
test,Aorta,Aorta test (1).jpg,test\Aorta\Aorta test (1).jpg,554.74,41.16,45.93,1.65,good,Image quality is good. Proceed with assessment.,0
test,Aorta,Aorta test (10).jpg,test\Aorta\Aorta test (10).jpg,637.47,64.86,52.2,1.96,good,Image quality is good. Proceed with assessment.,0
test,Aorta,Aorta test (100).jpg,test\Aorta\Aorta test (100).jpg,517.39,53.76,52.4,1.57,good,Image quality is good. Proceed with assessment.,0
test,Aorta,Aorta test (101).jpg,test\Aorta\Aorta test (101).jpg,517.26,53.96,52.39,1.57,good,Image quality is good. Proceed with assessment.,0
test,Aorta,Aorta test (102).jpg,test\Aorta\Aorta test (102).jpg,515.84,53.83,52.27,1.56,good,Image quality is good. Proceed with assessment.,0
test,Aorta,Aorta test (103).jpg,test\Aorta\Aorta test (103).jpg,504.73,51.43,51.37,1.53,good,Image quality is good. Proceed with assessment.,0
test,Aorta,Aorta test (104).jpg,test\Aorta\Aorta test (104).jpg,503.29,51.59,51.6,1.53,good,Image quality is good. Proceed with assessment.,0
test,Aorta,Aorta test (105).jpg,test\Aorta\Aorta test (105).jpg,502.86,51.45,51.67,1.53,good,Image quality is good. Proceed with assessment.,0
test,Aorta,Aorta test (106).jpg,test\Aorta\Aorta test (106).jpg,502.95,51.4,51.53,1.53,good,Image quality is good. Proceed with assessment.,0
test,Aorta,Aorta test (107).jpg,test\Aorta\Aorta test (107).jpg,503.14,51.33,51.47,1.54,good,Image quality is good. Proceed with assessment.,0
test,Aorta,Aorta test (108).jpg,test\Aorta\Aorta test (108).jpg,502.83,50.41,50.56,1.53,good,Image quality is good. Proceed with assessment.,0
test,Aorta,Aorta test (109).jpg,test\Aorta\Aorta test (109).jpg,545.61,73.56,58.09,1.73,good,Image quality is good. Proceed with assessment.,0
test,Aorta,Aorta test (11).jpg,test\Aorta\Aorta test (11).jpg,637.96,64.86,52.32,1.97,good,Image quality is good. Proceed with assessment.,0
test,Aorta,Aorta test (110).jpg,test\Aorta\Aorta test (110).jpg,546.13,73.77,58.08,1.74,good,Image quality is good. Proceed with assessment.,0
test,Aorta,Aorta test (111).jpg,test\Aorta\Aorta test (111).jpg,648.39,50.16,54.46,1.95,good,Image quality is good. Proceed with assessment.,0
test,Aorta,Aorta test (112).jpg,test\Aorta\Aorta test (112).jpg,647.82,50.12,54.18,1.95,good,Image quality is good. Proceed with assessment.,0
test,Aorta,Aorta test (113).jpg,test\Aorta\Aorta test (113).jpg,646.93,49.97,53.64,1.94,good,Image quality is good. Proceed with assessment.,0
test,Aorta,Aorta test (114).jpg,test\Aorta\Aorta test (114).jpg,587.23,57.21,54.23,1.82,good,Image quality is good. Proceed with assessment.,0
test,Aorta,Aorta test (115).jpg,test\Aorta\Aorta test (115).jpg,587.29,57.19,54.22,1.83,good,Image quality is good. Proceed with assessment.,0
test,Aorta,Aorta test (116).jpg,test\Aorta\Aorta test (116).jpg,590.88,57.23,54.29,1.84,good,Image quality is good. Proceed with assessment.,0
test,Aorta,Aorta test (117).jpg,test\Aorta\Aorta test (117).jpg,598.93,57.08,54.23,1.84,good,Image quality is good. Proceed with assessment.,0
test,Aorta,Aorta test (118).jpg,test\Aorta\Aorta test (118).jpg,607.65,56.94,54.12,1.85,good,Image quality is good. Proceed with assessment.,0
test,Aorta,Aorta test (119).jpg,test\Aorta\Aorta test (119).jpg,613.88,57.11,54.27,1.83,good,Image quality is good. Proceed with assessment.,0
test,Aorta,Aorta test (12).jpg,test\Aorta\Aorta test (12).jpg,586.19,51.92,51.88,1.91,good,Image quality is good. Proceed with assessment.,0
test,Aorta,Aorta test (120).jpg,test\Aorta\Aorta test (120).jpg,613.39,56.97,54.03,1.83,good,Image quality is good. Proceed with assessment.,0
test,Aorta,Aorta test (121).jpg,test\Aorta\Aorta test (121).jpg,612.43,59.49,63.16,1.79,good,Image quality is good. Proceed with assessment.,0
test,Aorta,Aorta test (122).jpg,test\Aorta\Aorta test (122).jpg,429.64,49.95,60.57,1.44,good,Image quality is good. Proceed with assessment.,0
test,Aorta,Aorta test (123).jpg,test\Aorta\Aorta test (123).jpg,429.4,49.9,60.48,1.43,good,Image quality is good. Proceed with assessment.,0
test,Aorta,Aorta test (124).jpg,test\Aorta\Aorta test (124).jpg,410.1,44.02,53.26,1.35,good,Image quality is good. Proceed with assessment.,0
test,Aorta,Aorta test (125).jpg,test\Aorta\Aorta test (125).jpg,409.87,43.43,52.77,1.37,good,Image quality is good. Proceed with assessment.,0
test,Aorta,Aorta test (126).jpg,test\Aorta\Aorta test (126).jpg,411.36,43.1,52.74,1.37,good,Image quality is good. Proceed with assessment.,0
test,Aorta,Aorta test (127).jpg,test\Aorta\Aorta test (127).jpg,432.21,77.98,52.62,2.02,good,Image quality is good. Proceed with assessment.,0
test,Aorta,Aorta test (128).jpg,test\Aorta\Aorta test (128).jpg,431.87,77.9,52.79,2.02,good,Image quality is good. Proceed with assessment.,0
test,Aorta,Aorta test (129).jpg,test\Aorta\Aorta test (129).jpg,433.04,77.9,52.82,2.03,good,Image quality is good. Proceed with assessment.,0
test,Aorta,Aorta test (13).jpg,test\Aorta\Aorta test (13).jpg,586.4,51.89,51.85,1.91,good,Image quality is good. Proceed with assessment.,0
test,Aorta,Aorta test (130).jpg,test\Aorta\Aorta test (130).jpg,433.02,78.04,53.03,2.04,good,Image quality is good. Proceed with assessment.,0
test,Aorta,Aorta test (131).jpg,test\Aorta\Aorta test (131).jpg,433.9,77.94,53.04,2.06,good,Image quality is good. Proceed with assessment.,0
test,Aorta,Aorta test (132).jpg,test\Aorta\Aorta test (132).jpg,435.18,77.78,52.93,2.07,good,Image quality is good. Proceed with assessment.,0
test,Aorta,Aorta test (133).jpg,test\Aorta\Aorta test (133).jpg,433.73,77.5,52.55,2.08,good,Image quality is good. Proceed with assessment.,0
test,Aorta,Aorta test (14).jpg,test\Aorta\Aorta test (14).jpg,586.72,51.89,51.8,1.91,good,Image quality is good. Proceed with assessment.,0
test,Aorta,Aorta test (15).jpg,test\Aorta\Aorta test (15).jpg,497.23,57.79,66.9,1.67,good,Image quality is good. Proceed with assessment.,0
test,Aorta,Aorta test (16).jpg,test\Aorta\Aorta test (16).jpg,502.63,57.86,67.1,1.71,good,Image quality is good. Proceed with assessment.,0
test,Aorta,Aorta test (17).jpg,test\Aorta\Aorta test (17).jpg,504.72,57.85,67.2,1.73,good,Image quality is good. Proceed with assessment.,0
test,Aorta,Aorta test (18).jpg,test\Aorta\Aorta test (18).jpg,506.04,57.79,67.14,1.74,good,Image quality is good. Proceed with assessment.,0
test,Aorta,Aorta test (19).jpg,test\Aorta\Aorta test (19).jpg,392.65,47.64,48.23,1.36,good,Image quality is good. Proceed with assessment.,0
test,Aorta,Aorta test (2).jpg,test\Aorta\Aorta test (2).jpg,555.1,41.24,46.06,1.65,good,Image quality is good. Proceed with assessment.,0
test,Aorta,Aorta test (20).jpg,test\Aorta\Aorta test (20).jpg,389.96,47.12,47.82,1.34,good,Image quality is good. Proceed with assessment.,0
test,Aorta,Aorta test (21).jpg,test\Aorta\Aorta test (21).jpg,612.41,51.31,51.26,1.84,good,Image quality is good. Proceed with assessment.,0
test,Aorta,Aorta test (22).jpg,test\Aorta\Aorta test (22).jpg,610.51,51.3,51.47,1.82,good,Image quality is good. Proceed with assessment.,0
test,Aorta,Aorta test (23).jpg,test\Aorta\Aorta test (23).jpg,613.57,51.38,51.73,1.83,good,Image quality is good. Proceed with assessment.,0
test,Aorta,Aorta test (24).jpg,test\Aorta\Aorta test (24).jpg,614.23,51.41,51.91,1.83,good,Image quality is good. Proceed with assessment.,0
test,Aorta,Aorta test (25).jpg,test\Aorta\Aorta test (25).jpg,662.47,63.23,60.38,1.95,good,Image quality is good. Proceed with assessment.,0
test,Aorta,Aorta test (26).jpg,test\Aorta\Aorta test (26).jpg,497.26,48.23,51.26,1.74,good,Image quality is good. Proceed with assessment.,0
test,Aorta,Aorta test (27).jpg,test\Aorta\Aorta test (27).jpg,497.47,48.27,51.25,1.74,good,Image quality is good. Proceed with assessment.,0
test,Aorta,Aorta test (28).jpg,test\Aorta\Aorta test (28).jpg,498.01,48.16,51.18,1.74,good,Image quality is good. Proceed with assessment.,0
test,Aorta,Aorta test (29).jpg,test\Aorta\Aorta test (29).jpg,499.02,48.05,51.04,1.74,good,Image quality is good. Proceed with assessment.,0
test,Aorta,Aorta test (3).jpg,test\Aorta\Aorta test (3).jpg,555.19,41.23,46.08,1.65,good,Image quality is good. Proceed with assessment.,0
test,Aorta,Aorta test (30).jpg,test\Aorta\Aorta test (30).jpg,499.04,47.94,50.91,1.75,good,Image quality is good. Proceed with assessment.,0
test,Aorta,Aorta test (31).jpg,test\Aorta\Aorta test (31).jpg,498.28,47.73,50.73,1.74,good,Image quality is good. Proceed with assessment.,0
test,Aorta,Aorta test (32).jpg,test\Aorta\Aorta test (32).jpg,499.59,47.35,51.18,1.73,good,Image quality is good. Proceed with assessment.,0
test,Aorta,Aorta test (33).jpg,test\Aorta\Aorta test (33).jpg,498.99,47.15,51.1,1.73,good,Image quality is good. Proceed with assessment.,0
test,Aorta,Aorta test (34).jpg,test\Aorta\Aorta test (34).jpg,498.82,47.11,51.05,1.73,good,Image quality is good. Proceed with assessment.,0
test,Aorta,Aorta test (35).jpg,test\Aorta\Aorta test (35).jpg,499.14,46.96,50.94,1.73,good,Image quality is good. Proceed with assessment.,0
test,Aorta,Aorta test (36).jpg,test\Aorta\Aorta test (36).jpg,498.52,46.43,50.59,1.72,good,Image quality is good. Proceed with assessment.,0
test,Aorta,Aorta test (37).jpg,test\Aorta\Aorta test (37).jpg,499.51,46.34,50.48,1.73,good,Image quality is good. Proceed with assessment.,0
test,Aorta,Aorta test (38).jpg,test\Aorta\Aorta test (38).jpg,562.32,30.52,42.83,1.84,good,Image quality is good. Proceed with assessment.,0
test,Aorta,Aorta test (39).jpg,test\Aorta\Aorta test (39).jpg,561.85,30.41,42.73,1.84,good,Image quality is good. Proceed with assessment.,0
test,Aorta,Aorta test (4).jpg,test\Aorta\Aorta test (4).jpg,561.79,39.98,45.02,1.63,good,Image quality is good. Proceed with assessment.,0
test,Aorta,Aorta test (40).jpg,test\Aorta\Aorta test (40).jpg,561.64,30.29,42.6,1.84,good,Image quality is good. Proceed with assessment.,0
test,Aorta,Aorta test (41).jpg,test\Aorta\Aorta test (41).jpg,560.99,30.15,42.42,1.83,good,Image quality is good. Proceed with assessment.,0
test,Aorta,Aorta test (42).jpg,test\Aorta\Aorta test (42).jpg,551.73,29.64,42.85,1.79,good,Image quality is good. Proceed with assessment.,0
test,Aorta,Aorta test (43).jpg,test\Aorta\Aorta test (43).jpg,551.69,29.56,42.77,1.8,good,Image quality is good. Proceed with assessment.,0
test,Aorta,Aorta test (44).jpg,test\Aorta\Aorta test (44).jpg,550.63,29.66,42.95,1.75,good,Image quality is good. Proceed with assessment.,0
test,Aorta,Aorta test (45).jpg,test\Aorta\Aorta test (45).jpg,550.86,29.67,43.0,1.76,good,Image quality is good. Proceed with assessment.,0
test,Aorta,Aorta test (46).jpg,test\Aorta\Aorta test (46).jpg,551.48,29.71,43.12,1.77,good,Image quality is good. Proceed with assessment.,0
test,Aorta,Aorta test (47).jpg,test\Aorta\Aorta test (47).jpg,551.18,29.68,43.14,1.78,good,Image quality is good. Proceed with assessment.,0
test,Aorta,Aorta test (48).jpg,test\Aorta\Aorta test (48).jpg,551.5,29.64,43.1,1.78,good,Image quality is good. Proceed with assessment.,0
test,Aorta,Aorta test (49).jpg,test\Aorta\Aorta test (49).jpg,551.67,29.6,43.05,1.79,good,Image quality is good. Proceed with assessment.,0
test,Aorta,Aorta test (5).jpg,test\Aorta\Aorta test (5).jpg,562.5,39.99,45.09,1.64,good,Image quality is good. Proceed with assessment.,0
test,Aorta,Aorta test (50).jpg,test\Aorta\Aorta test (50).jpg,551.83,29.57,43.03,1.79,good,Image quality is good. Proceed with assessment.,0
test,Aorta,Aorta test (51).jpg,test\Aorta\Aorta test (51).jpg,551.83,29.53,43.0,1.8,good,Image quality is good. Proceed with assessment.,0
test,Aorta,Aorta test (52).jpg,test\Aorta\Aorta test (52).jpg,551.84,29.51,42.97,1.8,good,Image quality is good. Proceed with assessment.,0
test,Aorta,Aorta test (53).jpg,test\Aorta\Aorta test (53).jpg,551.12,30.39,44.21,1.79,good,Image quality is good. Proceed with assessment.,0
test,Aorta,Aorta test (54).jpg,test\Aorta\Aorta test (54).jpg,551.75,30.32,44.17,1.8,good,Image quality is good. Proceed with assessment.,0
test,Aorta,Aorta test (55).jpg,test\Aorta\Aorta test (55).jpg,551.53,30.25,44.12,1.8,good,Image quality is good. Proceed with assessment.,0
test,Aorta,Aorta test (56).jpg,test\Aorta\Aorta test (56).jpg,551.93,30.12,43.93,1.8,good,Image quality is good. Proceed with assessment.,0
test,Aorta,Aorta test (57).jpg,test\Aorta\Aorta test (57).jpg,552.18,30.05,43.84,1.81,good,Image quality is good. Proceed with assessment.,0
test,Aorta,Aorta test (58).jpg,test\Aorta\Aorta test (58).jpg,588.74,43.7,51.07,1.78,good,Image quality is good. Proceed with assessment.,0
test,Aorta,Aorta test (59).jpg,test\Aorta\Aorta test (59).jpg,589.28,43.49,50.91,1.79,good,Image quality is good. Proceed with assessment.,0
test,Aorta,Aorta test (6).jpg,test\Aorta\Aorta test (6).jpg,563.01,39.98,45.06,1.64,good,Image quality is good. Proceed with assessment.,0
test,Aorta,Aorta test (60).jpg,test\Aorta\Aorta test (60).jpg,588.97,43.22,50.7,1.79,good,Image quality is good. Proceed with assessment.,0
test,Aorta,Aorta test (61).jpg,test\Aorta\Aorta test (61).jpg,588.21,42.53,49.7,1.78,good,Image quality is good. Proceed with assessment.,0
test,Aorta,Aorta test (62).jpg,test\Aorta\Aorta test (62).jpg,588.09,42.35,49.58,1.78,good,Image quality is good. Proceed with assessment.,0
test,Aorta,Aorta test (63).jpg,test\Aorta\Aorta test (63).jpg,587.33,42.29,49.54,1.78,good,Image quality is good. Proceed with assessment.,0
test,Aorta,Aorta test (64).jpg,test\Aorta\Aorta test (64).jpg,449.51,24.84,37.51,1.52,good,Image quality is good. Proceed with assessment.,0
test,Aorta,Aorta test (65).jpg,test\Aorta\Aorta test (65).jpg,448.78,24.25,36.94,1.51,good,Image quality is good. Proceed with assessment.,0
test,Aorta,Aorta test (66).jpg,test\Aorta\Aorta test (66).jpg,448.75,24.07,36.65,1.51,good,Image quality is good. Proceed with assessment.,0
test,Aorta,Aorta test (67).jpg,test\Aorta\Aorta test (67).jpg,448.67,23.94,36.36,1.51,good,Image quality is good. Proceed with assessment.,0
test,Aorta,Aorta test (68).jpg,test\Aorta\Aorta test (68).jpg,614.73,79.3,60.22,2.27,good,Image quality is good. Proceed with assessment.,0
test,Aorta,Aorta test (69).jpg,test\Aorta\Aorta test (69).jpg,616.84,79.83,60.2,2.3,good,Image quality is good. Proceed with assessment.,0
test,Aorta,Aorta test (7).jpg,test\Aorta\Aorta test (7).jpg,563.28,39.98,45.1,1.65,good,Image quality is good. Proceed with assessment.,0
test,Aorta,Aorta test (70).jpg,test\Aorta\Aorta test (70).jpg,638.48,84.51,64.33,2.36,good,Image quality is good. Proceed with assessment.,0
test,Aorta,Aorta test (71).jpg,test\Aorta\Aorta test (71).jpg,397.71,41.04,42.99,1.36,good,Image quality is good. Proceed with assessment.,0
test,Aorta,Aorta test (72).jpg,test\Aorta\Aorta test (72).jpg,387.56,33.63,38.17,1.28,good,Image quality is good. Proceed with assessment.,0
test,Aorta,Aorta test (73).jpg,test\Aorta\Aorta test (73).jpg,584.9,53.25,45.32,1.96,good,Image quality is good. Proceed with assessment.,0
test,Aorta,Aorta test (74).jpg,test\Aorta\Aorta test (74).jpg,630.37,52.43,53.49,1.98,good,Image quality is good. Proceed with assessment.,0
test,Aorta,Aorta test (75).jpg,test\Aorta\Aorta test (75).jpg,627.36,52.03,53.15,1.98,good,Image quality is good. Proceed with assessment.,0
test,Aorta,Aorta test (76).jpg,test\Aorta\Aorta test (76).jpg,637.24,53.88,54.68,2.0,good,Image quality is good. Proceed with assessment.,0
test,Aorta,Aorta test (77).jpg,test\Aorta\Aorta test (77).jpg,637.7,53.92,54.73,2.0,good,Image quality is good. Proceed with assessment.,0
test,Aorta,Aorta test (78).jpg,test\Aorta\Aorta test (78).jpg,598.21,45.55,44.21,2.07,good,Image quality is good. Proceed with assessment.,0
test,Aorta,Aorta test (79).jpg,test\Aorta\Aorta test (79).jpg,598.53,45.3,44.02,2.07,good,Image quality is good. Proceed with assessment.,0
test,Aorta,Aorta test (8).jpg,test\Aorta\Aorta test (8).jpg,636.52,65.03,51.99,1.96,good,Image quality is good. Proceed with assessment.,0
test,Aorta,Aorta test (80).jpg,test\Aorta\Aorta test (80).jpg,601.01,43.8,43.81,2.07,good,Image quality is good. Proceed with assessment.,0
test,Aorta,Aorta test (81).jpg,test\Aorta\Aorta test (81).jpg,600.77,43.68,43.76,2.06,good,Image quality is good. Proceed with assessment.,0
test,Aorta,Aorta test (82).jpg,test\Aorta\Aorta test (82).jpg,600.8,43.62,43.74,2.06,good,Image quality is good. Proceed with assessment.,0
test,Aorta,Aorta test (83).jpg,test\Aorta\Aorta test (83).jpg,536.71,70.88,60.18,1.66,good,Image quality is good. Proceed with assessment.,0
test,Aorta,Aorta test (84).jpg,test\Aorta\Aorta test (84).jpg,536.77,70.9,60.16,1.66,good,Image quality is good. Proceed with assessment.,0
test,Aorta,Aorta test (85).jpg,test\Aorta\Aorta test (85).jpg,539.38,70.56,60.01,1.65,good,Image quality is good. Proceed with assessment.,0
test,Aorta,Aorta test (86).jpg,test\Aorta\Aorta test (86).jpg,538.69,70.18,59.75,1.64,good,Image quality is good. Proceed with assessment.,0
test,Aorta,Aorta test (87).jpg,test\Aorta\Aorta test (87).jpg,537.87,70.1,59.73,1.63,good,Image quality is good. Proceed with assessment.,0
test,Aorta,Aorta test (88).jpg,test\Aorta\Aorta test (88).jpg,535.75,69.68,59.56,1.63,good,Image quality is good. Proceed with assessment.,0
test,Aorta,Aorta test (89).jpg,test\Aorta\Aorta test (89).jpg,538.17,70.57,60.58,1.65,good,Image quality is good. Proceed with assessment.,0
test,Aorta,Aorta test (9).jpg,test\Aorta\Aorta test (9).jpg,637.02,64.83,52.14,1.96,good,Image quality is good. Proceed with assessment.,0
test,Aorta,Aorta test (90).jpg,test\Aorta\Aorta test (90).jpg,539.36,70.64,60.54,1.65,good,Image quality is good. Proceed with assessment.,0
test,Aorta,Aorta test (91).jpg,test\Aorta\Aorta test (91).jpg,538.59,70.41,60.41,1.65,good,Image quality is good. Proceed with assessment.,0
test,Aorta,Aorta test (92).jpg,test\Aorta\Aorta test (92).jpg,539.25,70.09,60.1,1.65,good,Image quality is good. Proceed with assessment.,0
test,Aorta,Aorta test (93).jpg,test\Aorta\Aorta test (93).jpg,523.61,55.41,53.43,1.63,good,Image quality is good. Proceed with assessment.,0
test,Aorta,Aorta test (94).jpg,test\Aorta\Aorta test (94).jpg,523.58,55.06,53.23,1.63,good,Image quality is good. Proceed with assessment.,0
test,Aorta,Aorta test (95).jpg,test\Aorta\Aorta test (95).jpg,523.0,54.78,52.99,1.63,good,Image quality is good. Proceed with assessment.,0
test,Aorta,Aorta test (96).jpg,test\Aorta\Aorta test (96).jpg,522.29,54.37,52.67,1.63,good,Image quality is good. Proceed with assessment.,0
test,Aorta,Aorta test (97).jpg,test\Aorta\Aorta test (97).jpg,513.48,53.7,52.07,1.61,good,Image quality is good. Proceed with assessment.,0
test,Aorta,Aorta test (98).jpg,test\Aorta\Aorta test (98).jpg,518.4,53.31,51.75,1.61,good,Image quality is good. Proceed with assessment.,0
test,Aorta,Aorta test (99).jpg,test\Aorta\Aorta test (99).jpg,518.41,53.81,52.32,1.58,good,Image quality is good. Proceed with assessment.,0
test,Flows,Flows test (1).jpg,test\Flows\Flows test (1).jpg,559.38,41.18,46.52,1.63,good,Image quality is good. Proceed with assessment.,0
test,Flows,Flows test (10).jpg,test\Flows\Flows test (10).jpg,579.35,51.49,50.92,1.88,good,Image quality is good. Proceed with assessment.,0
test,Flows,Flows test (100).jpg,test\Flows\Flows test (100).jpg,465.87,46.7,49.75,1.47,good,Image quality is good. Proceed with assessment.,0
test,Flows,Flows test (101).jpg,test\Flows\Flows test (101).jpg,467.04,46.65,50.01,1.47,good,Image quality is good. Proceed with assessment.,0
test,Flows,Flows test (102).jpg,test\Flows\Flows test (102).jpg,467.68,46.97,49.75,1.48,good,Image quality is good. Proceed with assessment.,0
test,Flows,Flows test (103).jpg,test\Flows\Flows test (103).jpg,467.62,46.21,48.66,1.5,good,Image quality is good. Proceed with assessment.,0
test,Flows,Flows test (104).jpg,test\Flows\Flows test (104).jpg,466.52,46.44,49.36,1.5,good,Image quality is good. Proceed with assessment.,0
test,Flows,Flows test (105).jpg,test\Flows\Flows test (105).jpg,470.87,44.74,49.46,1.52,good,Image quality is good. Proceed with assessment.,0
test,Flows,Flows test (106).jpg,test\Flows\Flows test (106).jpg,473.69,45.47,50.16,1.53,good,Image quality is good. Proceed with assessment.,0
test,Flows,Flows test (107).jpg,test\Flows\Flows test (107).jpg,474.41,45.76,50.74,1.52,good,Image quality is good. Proceed with assessment.,0
test,Flows,Flows test (108).jpg,test\Flows\Flows test (108).jpg,615.52,40.03,47.02,1.84,good,Image quality is good. Proceed with assessment.,0
test,Flows,Flows test (109).jpg,test\Flows\Flows test (109).jpg,613.32,40.45,47.41,1.84,good,Image quality is good. Proceed with assessment.,0
test,Flows,Flows test (11).jpg,test\Flows\Flows test (11).jpg,584.75,51.2,50.73,1.88,good,Image quality is good. Proceed with assessment.,0
test,Flows,Flows test (110).jpg,test\Flows\Flows test (110).jpg,612.95,40.47,47.33,1.84,good,Image quality is good. Proceed with assessment.,0
test,Flows,Flows test (111).jpg,test\Flows\Flows test (111).jpg,386.27,41.7,47.05,1.46,good,Image quality is good. Proceed with assessment.,0
test,Flows,Flows test (112).jpg,test\Flows\Flows test (112).jpg,385.96,41.62,46.84,1.46,good,Image quality is good. Proceed with assessment.,0
test,Flows,Flows test (113).jpg,test\Flows\Flows test (113).jpg,386.02,41.61,46.78,1.46,good,Image quality is good. Proceed with assessment.,0
test,Flows,Flows test (114).jpg,test\Flows\Flows test (114).jpg,387.36,41.88,46.99,1.46,good,Image quality is good. Proceed with assessment.,0
test,Flows,Flows test (115).jpg,test\Flows\Flows test (115).jpg,387.55,41.87,46.9,1.46,good,Image quality is good. Proceed with assessment.,0
test,Flows,Flows test (116).jpg,test\Flows\Flows test (116).jpg,401.9,57.82,54.03,1.5,good,Image quality is good. Proceed with assessment.,0
test,Flows,Flows test (117).jpg,test\Flows\Flows test (117).jpg,402.67,57.92,54.21,1.52,good,Image quality is good. Proceed with assessment.,0
test,Flows,Flows test (118).jpg,test\Flows\Flows test (118).jpg,409.95,60.52,54.71,1.53,good,Image quality is good. Proceed with assessment.,0
test,Flows,Flows test (119).jpg,test\Flows\Flows test (119).jpg,408.12,60.6,54.69,1.51,good,Image quality is good. Proceed with assessment.,0
test,Flows,Flows test (12).jpg,test\Flows\Flows test (12).jpg,598.11,50.78,51.31,1.91,good,Image quality is good. Proceed with assessment.,0
test,Flows,Flows test (120).jpg,test\Flows\Flows test (120).jpg,407.33,60.0,54.25,1.5,good,Image quality is good. Proceed with assessment.,0
test,Flows,Flows test (121).jpg,test\Flows\Flows test (121).jpg,441.78,61.24,51.33,1.55,good,Image quality is good. Proceed with assessment.,0
test,Flows,Flows test (122).jpg,test\Flows\Flows test (122).jpg,441.04,61.38,51.53,1.55,good,Image quality is good. Proceed with assessment.,0
test,Flows,Flows test (123).jpg,test\Flows\Flows test (123).jpg,446.26,62.03,52.48,1.59,good,Image quality is good. Proceed with assessment.,0
test,Flows,Flows test (124).jpg,test\Flows\Flows test (124).jpg,446.19,62.16,52.69,1.59,good,Image quality is good. Proceed with assessment.,0
test,Flows,Flows test (125).jpg,test\Flows\Flows test (125).jpg,546.74,76.26,58.94,1.74,good,Image quality is good. Proceed with assessment.,0
test,Flows,Flows test (126).jpg,test\Flows\Flows test (126).jpg,547.02,77.15,59.1,1.74,good,Image quality is good. Proceed with assessment.,0
test,Flows,Flows test (127).jpg,test\Flows\Flows test (127).jpg,538.09,77.66,58.82,1.72,good,Image quality is good. Proceed with assessment.,0
test,Flows,Flows test (128).jpg,test\Flows\Flows test (128).jpg,543.56,77.83,58.64,1.73,good,Image quality is good. Proceed with assessment.,0
test,Flows,Flows test (129).jpg,test\Flows\Flows test (129).jpg,551.79,77.55,58.16,1.75,good,Image quality is good. Proceed with assessment.,0
test,Flows,Flows test (13).jpg,test\Flows\Flows test (13).jpg,598.07,50.87,51.42,1.91,good,Image quality is good. Proceed with assessment.,0
test,Flows,Flows test (130).jpg,test\Flows\Flows test (130).jpg,550.58,77.08,58.33,1.75,good,Image quality is good. Proceed with assessment.,0
test,Flows,Flows test (131).jpg,test\Flows\Flows test (131).jpg,550.71,77.12,58.29,1.75,good,Image quality is good. Proceed with assessment.,0
test,Flows,Flows test (132).jpg,test\Flows\Flows test (132).jpg,551.2,77.61,58.61,1.76,good,Image quality is good. Proceed with assessment.,0
test,Flows,Flows test (133).jpg,test\Flows\Flows test (133).jpg,552.23,77.74,58.74,1.76,good,Image quality is good. Proceed with assessment.,0
test,Flows,Flows test (134).jpg,test\Flows\Flows test (134).jpg,549.13,76.59,58.47,1.73,good,Image quality is good. Proceed with assessment.,0
test,Flows,Flows test (135).jpg,test\Flows\Flows test (135).jpg,549.42,77.17,58.89,1.74,good,Image quality is good. Proceed with assessment.,0
test,Flows,Flows test (136).jpg,test\Flows\Flows test (136).jpg,547.26,76.01,58.85,1.73,good,Image quality is good. Proceed with assessment.,0
test,Flows,Flows test (137).jpg,test\Flows\Flows test (137).jpg,546.89,76.09,58.85,1.72,good,Image quality is good. Proceed with assessment.,0
test,Flows,Flows test (138).jpg,test\Flows\Flows test (138).jpg,546.7,76.68,59.35,1.73,good,Image quality is good. Proceed with assessment.,0
test,Flows,Flows test (139).jpg,test\Flows\Flows test (139).jpg,546.43,76.72,59.41,1.73,good,Image quality is good. Proceed with assessment.,0
test,Flows,Flows test (14).jpg,test\Flows\Flows test (14).jpg,597.29,51.39,51.7,1.91,good,Image quality is good. Proceed with assessment.,0
test,Flows,Flows test (140).jpg,test\Flows\Flows test (140).jpg,559.48,74.55,58.82,1.79,good,Image quality is good. Proceed with assessment.,0
test,Flows,Flows test (141).jpg,test\Flows\Flows test (141).jpg,557.87,74.93,59.08,1.79,good,Image quality is good. Proceed with assessment.,0
test,Flows,Flows test (142).jpg,test\Flows\Flows test (142).jpg,557.22,74.52,59.18,1.79,good,Image quality is good. Proceed with assessment.,0
test,Flows,Flows test (143).jpg,test\Flows\Flows test (143).jpg,557.2,74.17,58.76,1.79,good,Image quality is good. Proceed with assessment.,0
test,Flows,Flows test (144).jpg,test\Flows\Flows test (144).jpg,558.0,71.9,57.3,1.78,good,Image quality is good. Proceed with assessment.,0
test,Flows,Flows test (145).jpg,test\Flows\Flows test (145).jpg,556.51,72.2,57.83,1.78,good,Image quality is good. Proceed with assessment.,0
test,Flows,Flows test (146).jpg,test\Flows\Flows test (146).jpg,556.87,72.27,57.93,1.78,good,Image quality is good. Proceed with assessment.,0
test,Flows,Flows test (147).jpg,test\Flows\Flows test (147).jpg,555.97,72.45,57.97,1.78,good,Image quality is good. Proceed with assessment.,0
test,Flows,Flows test (148).jpg,test\Flows\Flows test (148).jpg,551.47,73.2,58.28,1.77,good,Image quality is good. Proceed with assessment.,0
test,Flows,Flows test (149).jpg,test\Flows\Flows test (149).jpg,551.8,73.99,58.52,1.78,good,Image quality is good. Proceed with assessment.,0
test,Flows,Flows test (15).jpg,test\Flows\Flows test (15).jpg,597.31,51.47,51.66,1.91,good,Image quality is good. Proceed with assessment.,0
test,Flows,Flows test (150).jpg,test\Flows\Flows test (150).jpg,435.64,61.87,66.01,1.65,good,Image quality is good. Proceed with assessment.,0
test,Flows,Flows test (151).jpg,test\Flows\Flows test (151).jpg,439.7,62.0,66.3,1.65,good,Image quality is good. Proceed with assessment.,0
test,Flows,Flows test (152).jpg,test\Flows\Flows test (152).jpg,443.4,61.8,66.07,1.65,good,Image quality is good. Proceed with assessment.,0
test,Flows,Flows test (153).jpg,test\Flows\Flows test (153).jpg,432.85,59.85,62.27,1.65,good,Image quality is good. Proceed with assessment.,0
test,Flows,Flows test (154).jpg,test\Flows\Flows test (154).jpg,428.43,60.02,62.43,1.64,good,Image quality is good. Proceed with assessment.,0
test,Flows,Flows test (155).jpg,test\Flows\Flows test (155).jpg,431.64,59.78,62.15,1.64,good,Image quality is good. Proceed with assessment.,0
test,Flows,Flows test (156).jpg,test\Flows\Flows test (156).jpg,431.23,59.42,61.72,1.64,good,Image quality is good. Proceed with assessment.,0
test,Flows,Flows test (157).jpg,test\Flows\Flows test (157).jpg,454.96,56.93,53.86,1.57,good,Image quality is good. Proceed with assessment.,0
test,Flows,Flows test (158).jpg,test\Flows\Flows test (158).jpg,454.77,56.51,53.37,1.58,good,Image quality is good. Proceed with assessment.,0
test,Flows,Flows test (159).jpg,test\Flows\Flows test (159).jpg,472.84,58.13,57.95,1.64,good,Image quality is good. Proceed with assessment.,0
test,Flows,Flows test (16).jpg,test\Flows\Flows test (16).jpg,513.67,57.28,67.72,1.71,good,Image quality is good. Proceed with assessment.,0
test,Flows,Flows test (160).jpg,test\Flows\Flows test (160).jpg,472.18,57.93,57.78,1.64,good,Image quality is good. Proceed with assessment.,0
test,Flows,Flows test (161).jpg,test\Flows\Flows test (161).jpg,471.16,56.2,57.18,1.61,good,Image quality is good. Proceed with assessment.,0
test,Flows,Flows test (162).jpg,test\Flows\Flows test (162).jpg,645.19,50.46,55.16,1.96,good,Image quality is good. Proceed with assessment.,0
test,Flows,Flows test (163).jpg,test\Flows\Flows test (163).jpg,645.8,50.58,55.4,1.96,good,Image quality is good. Proceed with assessment.,0
test,Flows,Flows test (164).jpg,test\Flows\Flows test (164).jpg,609.11,57.56,54.29,1.83,good,Image quality is good. Proceed with assessment.,0
test,Flows,Flows test (165).jpg,test\Flows\Flows test (165).jpg,608.57,57.53,54.17,1.82,good,Image quality is good. Proceed with assessment.,0
test,Flows,Flows test (166).jpg,test\Flows\Flows test (166).jpg,605.21,56.09,53.88,1.8,good,Image quality is good. Proceed with assessment.,0
test,Flows,Flows test (167).jpg,test\Flows\Flows test (167).jpg,606.62,56.02,53.74,1.8,good,Image quality is good. Proceed with assessment.,0
test,Flows,Flows test (168).jpg,test\Flows\Flows test (168).jpg,614.69,57.43,54.84,1.82,good,Image quality is good. Proceed with assessment.,0
test,Flows,Flows test (169).jpg,test\Flows\Flows test (169).jpg,613.83,58.03,55.14,1.82,good,Image quality is good. Proceed with assessment.,0
test,Flows,Flows test (17).jpg,test\Flows\Flows test (17).jpg,514.33,57.35,67.73,1.69,good,Image quality is good. Proceed with assessment.,0
test,Flows,Flows test (170).jpg,test\Flows\Flows test (170).jpg,614.61,58.13,55.1,1.82,good,Image quality is good. Proceed with assessment.,0
test,Flows,Flows test (171).jpg,test\Flows\Flows test (171).jpg,494.6,47.86,60.17,1.53,good,Image quality is good. Proceed with assessment.,0
test,Flows,Flows test (172).jpg,test\Flows\Flows test (172).jpg,609.87,61.93,64.04,1.8,good,Image quality is good. Proceed with assessment.,0
test,Flows,Flows test (173).jpg,test\Flows\Flows test (173).jpg,611.53,60.65,63.76,1.8,good,Image quality is good. Proceed with assessment.,0
test,Flows,Flows test (174).jpg,test\Flows\Flows test (174).jpg,460.62,80.76,52.95,2.05,good,Image quality is good. Proceed with assessment.,0
test,Flows,Flows test (175).jpg,test\Flows\Flows test (175).jpg,459.95,80.56,52.57,2.03,good,Image quality is good. Proceed with assessment.,0
test,Flows,Flows test (176).jpg,test\Flows\Flows test (176).jpg,453.5,81.88,53.55,2.0,good,Image quality is good. Proceed with assessment.,0
test,Flows,Flows test (177).jpg,test\Flows\Flows test (177).jpg,453.44,82.68,54.35,2.0,good,Image quality is good. Proceed with assessment.,0
test,Flows,Flows test (178).jpg,test\Flows\Flows test (178).jpg,452.83,82.74,53.4,2.0,good,Image quality is good. Proceed with assessment.,0
test,Flows,Flows test (179).jpg,test\Flows\Flows test (179).jpg,452.36,82.62,52.3,2.0,good,Image quality is good. Proceed with assessment.,0
test,Flows,Flows test (18).jpg,test\Flows\Flows test (18).jpg,389.9,47.34,48.35,1.35,good,Image quality is good. Proceed with assessment.,0
test,Flows,Flows test (180).jpg,test\Flows\Flows test (180).jpg,446.29,83.27,52.43,2.01,good,Image quality is good. Proceed with assessment.,0
test,Flows,Flows test (181).jpg,test\Flows\Flows test (181).jpg,446.82,83.75,53.23,2.03,good,Image quality is good. Proceed with assessment.,0
test,Flows,Flows test (182).jpg,test\Flows\Flows test (182).jpg,447.8,83.74,53.39,2.03,good,Image quality is good. Proceed with assessment.,0
test,Flows,Flows test (183).jpg,test\Flows\Flows test (183).jpg,432.82,79.69,53.6,1.95,good,Image quality is good. Proceed with assessment.,0
test,Flows,Flows test (184).jpg,test\Flows\Flows test (184).jpg,433.32,79.28,53.59,1.97,good,Image quality is good. Proceed with assessment.,0
test,Flows,Flows test (185).jpg,test\Flows\Flows test (185).jpg,442.98,79.32,53.28,2.0,good,Image quality is good. Proceed with assessment.,0
test,Flows,Flows test (186).jpg,test\Flows\Flows test (186).jpg,441.78,79.59,53.79,1.99,good,Image quality is good. Proceed with assessment.,0
test,Flows,Flows test (187).jpg,test\Flows\Flows test (187).jpg,441.93,80.22,54.74,2.02,good,Image quality is good. Proceed with assessment.,0
test,Flows,Flows test (188).jpg,test\Flows\Flows test (188).jpg,441.97,80.42,55.33,2.02,good,Image quality is good. Proceed with assessment.,0
test,Flows,Flows test (189).jpg,test\Flows\Flows test (189).jpg,443.29,79.54,54.32,2.04,good,Image quality is good. Proceed with assessment.,0
test,Flows,Flows test (19).jpg,test\Flows\Flows test (19).jpg,389.31,47.33,48.62,1.35,good,Image quality is good. Proceed with assessment.,0
test,Flows,Flows test (190).jpg,test\Flows\Flows test (190).jpg,450.2,80.35,52.73,2.09,good,Image quality is good. Proceed with assessment.,0
test,Flows,Flows test (191).jpg,test\Flows\Flows test (191).jpg,449.07,80.14,52.7,2.09,good,Image quality is good. Proceed with assessment.,0
test,Flows,Flows test (192).jpg,test\Flows\Flows test (192).jpg,448.26,79.56,52.13,2.07,good,Image quality is good. Proceed with assessment.,0
test,Flows,Flows test (193).jpg,test\Flows\Flows test (193).jpg,446.14,79.71,52.59,2.02,good,Image quality is good. Proceed with assessment.,0
test,Flows,Flows test (194).jpg,test\Flows\Flows test (194).jpg,445.42,79.71,53.03,1.99,good,Image quality is good. Proceed with assessment.,0
test,Flows,Flows test (195).jpg,test\Flows\Flows test (195).jpg,447.66,79.31,52.93,1.98,good,Image quality is good. Proceed with assessment.,0
test,Flows,Flows test (196).jpg,test\Flows\Flows test (196).jpg,435.37,81.28,51.13,2.12,good,Image quality is good. Proceed with assessment.,0
test,Flows,Flows test (197).jpg,test\Flows\Flows test (197).jpg,435.53,81.73,51.49,2.13,good,Image quality is good. Proceed with assessment.,0
test,Flows,Flows test (198).jpg,test\Flows\Flows test (198).jpg,437.08,83.33,53.07,2.06,good,Image quality is good. Proceed with assessment.,0
test,Flows,Flows test (199).jpg,test\Flows\Flows test (199).jpg,441.48,83.41,53.35,2.07,good,Image quality is good. Proceed with assessment.,0
test,Flows,Flows test (2).jpg,test\Flows\Flows test (2).jpg,561.3,41.02,47.08,1.66,good,Image quality is good. Proceed with assessment.,0
test,Flows,Flows test (20).jpg,test\Flows\Flows test (20).jpg,614.56,52.04,52.87,1.85,good,Image quality is good. Proceed with assessment.,0
test,Flows,Flows test (200).jpg,test\Flows\Flows test (200).jpg,443.54,82.85,52.02,2.07,good,Image quality is good. Proceed with assessment.,0
test,Flows,Flows test (201).jpg,test\Flows\Flows test (201).jpg,449.16,82.17,51.6,2.11,good,Image quality is good. Proceed with assessment.,0
test,Flows,Flows test (202).jpg,test\Flows\Flows test (202).jpg,448.15,82.37,52.43,2.09,good,Image quality is good. Proceed with assessment.,0
test,Flows,Flows test (203).jpg,test\Flows\Flows test (203).jpg,446.33,81.96,52.42,2.07,good,Image quality is good. Proceed with assessment.,0
test,Flows,Flows test (204).jpg,test\Flows\Flows test (204).jpg,441.73,81.38,51.91,2.06,good,Image quality is good. Proceed with assessment.,0
test,Flows,Flows test (205).jpg,test\Flows\Flows test (205).jpg,438.09,81.63,52.59,2.06,good,Image quality is good. Proceed with assessment.,0
test,Flows,Flows test (206).jpg,test\Flows\Flows test (206).jpg,435.16,82.18,53.85,2.05,good,Image quality is good. Proceed with assessment.,0
test,Flows,Flows test (207).jpg,test\Flows\Flows test (207).jpg,436.27,82.12,54.05,2.06,good,Image quality is good. Proceed with assessment.,0
test,Flows,Flows test (208).jpg,test\Flows\Flows test (208).jpg,433.92,81.07,52.62,2.06,good,Image quality is good. Proceed with assessment.,0
test,Flows,Flows test (209).jpg,test\Flows\Flows test (209).jpg,434.02,79.42,52.5,2.0,good,Image quality is good. Proceed with assessment.,0
test,Flows,Flows test (21).jpg,test\Flows\Flows test (21).jpg,614.68,52.07,52.87,1.85,good,Image quality is good. Proceed with assessment.,0
test,Flows,Flows test (210).jpg,test\Flows\Flows test (210).jpg,422.13,79.22,52.47,1.96,good,Image quality is good. Proceed with assessment.,0
test,Flows,Flows test (211).jpg,test\Flows\Flows test (211).jpg,427.09,78.88,52.16,1.97,good,Image quality is good. Proceed with assessment.,0
test,Flows,Flows test (212).jpg,test\Flows\Flows test (212).jpg,435.76,79.06,53.13,1.96,good,Image quality is good. Proceed with assessment.,0
test,Flows,Flows test (213).jpg,test\Flows\Flows test (213).jpg,446.48,82.37,51.19,2.07,good,Image quality is good. Proceed with assessment.,0
test,Flows,Flows test (214).jpg,test\Flows\Flows test (214).jpg,574.19,53.62,49.56,1.94,good,Image quality is good. Proceed with assessment.,0
test,Flows,Flows test (215).jpg,test\Flows\Flows test (215).jpg,564.39,53.81,49.67,1.9,good,Image quality is good. Proceed with assessment.,0
test,Flows,Flows test (216).jpg,test\Flows\Flows test (216).jpg,567.58,54.59,50.14,1.91,good,Image quality is good. Proceed with assessment.,0
test,Flows,Flows test (217).jpg,test\Flows\Flows test (217).jpg,526.59,63.1,55.78,1.62,good,Image quality is good. Proceed with assessment.,0
test,Flows,Flows test (218).jpg,test\Flows\Flows test (218).jpg,526.13,62.77,55.5,1.62,good,Image quality is good. Proceed with assessment.,0
test,Flows,Flows test (219).jpg,test\Flows\Flows test (219).jpg,526.29,62.33,55.27,1.62,good,Image quality is good. Proceed with assessment.,0
test,Flows,Flows test (22).jpg,test\Flows\Flows test (22).jpg,620.95,51.56,53.61,1.87,good,Image quality is good. Proceed with assessment.,0
test,Flows,Flows test (23).jpg,test\Flows\Flows test (23).jpg,621.38,51.63,53.83,1.87,good,Image quality is good. Proceed with assessment.,0
test,Flows,Flows test (24).jpg,test\Flows\Flows test (24).jpg,504.12,55.19,60.71,1.65,good,Image quality is good. Proceed with assessment.,0
test,Flows,Flows test (25).jpg,test\Flows\Flows test (25).jpg,504.95,55.53,61.09,1.65,good,Image quality is good. Proceed with assessment.,0
test,Flows,Flows test (26).jpg,test\Flows\Flows test (26).jpg,509.35,55.17,61.28,1.65,good,Image quality is good. Proceed with assessment.,0
test,Flows,Flows test (27).jpg,test\Flows\Flows test (27).jpg,510.17,55.28,61.61,1.65,good,Image quality is good. Proceed with assessment.,0
test,Flows,Flows test (28).jpg,test\Flows\Flows test (28).jpg,497.34,49.7,45.34,1.77,good,Image quality is good. Proceed with assessment.,0
test,Flows,Flows test (29).jpg,test\Flows\Flows test (29).jpg,495.52,49.75,45.03,1.79,good,Image quality is good. Proceed with assessment.,0
test,Flows,Flows test (3).jpg,test\Flows\Flows test (3).jpg,556.45,41.59,47.31,1.65,good,Image quality is good. Proceed with assessment.,0
test,Flows,Flows test (30).jpg,test\Flows\Flows test (30).jpg,495.72,50.17,45.52,1.79,good,Image quality is good. Proceed with assessment.,0
test,Flows,Flows test (31).jpg,test\Flows\Flows test (31).jpg,496.08,50.35,45.65,1.79,good,Image quality is good. Proceed with assessment.,0
test,Flows,Flows test (32).jpg,test\Flows\Flows test (32).jpg,492.74,50.12,44.87,1.77,good,Image quality is good. Proceed with assessment.,0
test,Flows,Flows test (33).jpg,test\Flows\Flows test (33).jpg,492.4,50.2,45.11,1.77,good,Image quality is good. Proceed with assessment.,0
test,Flows,Flows test (34).jpg,test\Flows\Flows test (34).jpg,491.2,49.63,44.83,1.79,good,Image quality is good. Proceed with assessment.,0
test,Flows,Flows test (35).jpg,test\Flows\Flows test (35).jpg,491.32,49.77,44.96,1.79,good,Image quality is good. Proceed with assessment.,0
test,Flows,Flows test (36).jpg,test\Flows\Flows test (36).jpg,498.51,48.55,51.52,1.73,good,Image quality is good. Proceed with assessment.,0
test,Flows,Flows test (37).jpg,test\Flows\Flows test (37).jpg,498.36,48.61,51.69,1.73,good,Image quality is good. Proceed with assessment.,0
test,Flows,Flows test (38).jpg,test\Flows\Flows test (38).jpg,498.16,48.5,51.55,1.73,good,Image quality is good. Proceed with assessment.,0
test,Flows,Flows test (39).jpg,test\Flows\Flows test (39).jpg,499.49,48.08,51.41,1.74,good,Image quality is good. Proceed with assessment.,0
test,Flows,Flows test (4).jpg,test\Flows\Flows test (4).jpg,559.28,42.95,47.95,1.64,good,Image quality is good. Proceed with assessment.,0
test,Flows,Flows test (40).jpg,test\Flows\Flows test (40).jpg,498.92,47.97,51.64,1.74,good,Image quality is good. Proceed with assessment.,0
test,Flows,Flows test (41).jpg,test\Flows\Flows test (41).jpg,499.35,47.84,51.56,1.74,good,Image quality is good. Proceed with assessment.,0
test,Flows,Flows test (42).jpg,test\Flows\Flows test (42).jpg,564.52,30.21,42.59,1.83,good,Image quality is good. Proceed with assessment.,0
test,Flows,Flows test (43).jpg,test\Flows\Flows test (43).jpg,564.48,30.27,42.73,1.83,good,Image quality is good. Proceed with assessment.,0
test,Flows,Flows test (44).jpg,test\Flows\Flows test (44).jpg,564.73,30.27,42.72,1.83,good,Image quality is good. Proceed with assessment.,0
test,Flows,Flows test (45).jpg,test\Flows\Flows test (45).jpg,564.69,30.19,42.6,1.84,good,Image quality is good. Proceed with assessment.,0
test,Flows,Flows test (46).jpg,test\Flows\Flows test (46).jpg,557.45,28.74,42.29,1.77,good,Image quality is good. Proceed with assessment.,0
test,Flows,Flows test (47).jpg,test\Flows\Flows test (47).jpg,557.84,28.69,42.23,1.77,good,Image quality is good. Proceed with assessment.,0
test,Flows,Flows test (48).jpg,test\Flows\Flows test (48).jpg,556.76,28.84,42.12,1.77,good,Image quality is good. Proceed with assessment.,0
test,Flows,Flows test (49).jpg,test\Flows\Flows test (49).jpg,556.56,29.22,42.65,1.76,good,Image quality is good. Proceed with assessment.,0
test,Flows,Flows test (5).jpg,test\Flows\Flows test (5).jpg,393.0,41.43,56.85,1.26,good,Image quality is good. Proceed with assessment.,0
test,Flows,Flows test (50).jpg,test\Flows\Flows test (50).jpg,550.77,30.05,43.56,1.76,good,Image quality is good. Proceed with assessment.,0
test,Flows,Flows test (51).jpg,test\Flows\Flows test (51).jpg,550.77,30.02,43.4,1.76,good,Image quality is good. Proceed with assessment.,0
test,Flows,Flows test (52).jpg,test\Flows\Flows test (52).jpg,552.01,29.87,43.53,1.79,good,Image quality is good. Proceed with assessment.,0
test,Flows,Flows test (53).jpg,test\Flows\Flows test (53).jpg,550.84,29.85,43.37,1.78,good,Image quality is good. Proceed with assessment.,0
test,Flows,Flows test (54).jpg,test\Flows\Flows test (54).jpg,551.87,30.44,44.45,1.79,good,Image quality is good. Proceed with assessment.,0
test,Flows,Flows test (55).jpg,test\Flows\Flows test (55).jpg,548.37,30.41,44.34,1.78,good,Image quality is good. Proceed with assessment.,0
test,Flows,Flows test (56).jpg,test\Flows\Flows test (56).jpg,552.46,30.42,44.53,1.79,good,Image quality is good. Proceed with assessment.,0
test,Flows,Flows test (57).jpg,test\Flows\Flows test (57).jpg,552.61,30.32,44.25,1.8,good,Image quality is good. Proceed with assessment.,0
test,Flows,Flows test (58).jpg,test\Flows\Flows test (58).jpg,583.03,41.38,47.09,1.74,good,Image quality is good. Proceed with assessment.,0
test,Flows,Flows test (59).jpg,test\Flows\Flows test (59).jpg,582.68,41.38,47.16,1.75,good,Image quality is good. Proceed with assessment.,0
test,Flows,Flows test (6).jpg,test\Flows\Flows test (6).jpg,392.03,41.51,57.07,1.26,good,Image quality is good. Proceed with assessment.,0
test,Flows,Flows test (60).jpg,test\Flows\Flows test (60).jpg,583.38,41.96,47.64,1.69,good,Image quality is good. Proceed with assessment.,0
test,Flows,Flows test (61).jpg,test\Flows\Flows test (61).jpg,584.02,42.29,47.91,1.69,good,Image quality is good. Proceed with assessment.,0
test,Flows,Flows test (62).jpg,test\Flows\Flows test (62).jpg,589.22,42.99,49.95,1.78,good,Image quality is good. Proceed with assessment.,0
test,Flows,Flows test (63).jpg,test\Flows\Flows test (63).jpg,627.8,81.68,61.89,2.32,good,Image quality is good. Proceed with assessment.,0
test,Flows,Flows test (64).jpg,test\Flows\Flows test (64).jpg,631.17,81.94,62.19,2.33,good,Image quality is good. Proceed with assessment.,0
test,Flows,Flows test (65).jpg,test\Flows\Flows test (65).jpg,395.11,34.01,39.84,1.3,good,Image quality is good. Proceed with assessment.,0
test,Flows,Flows test (66).jpg,test\Flows\Flows test (66).jpg,398.63,34.11,43.58,1.31,good,Image quality is good. Proceed with assessment.,0
test,Flows,Flows test (67).jpg,test\Flows\Flows test (67).jpg,402.6,34.09,43.53,1.32,good,Image quality is good. Proceed with assessment.,0
test,Flows,Flows test (68).jpg,test\Flows\Flows test (68).jpg,402.69,34.23,43.84,1.32,good,Image quality is good. Proceed with assessment.,0
test,Flows,Flows test (69).jpg,test\Flows\Flows test (69).jpg,401.28,34.1,43.39,1.31,good,Image quality is good. Proceed with assessment.,0
test,Flows,Flows test (7).jpg,test\Flows\Flows test (7).jpg,390.6,41.12,56.6,1.27,good,Image quality is good. Proceed with assessment.,0
test,Flows,Flows test (70).jpg,test\Flows\Flows test (70).jpg,396.13,34.23,43.78,1.29,good,Image quality is good. Proceed with assessment.,0
test,Flows,Flows test (71).jpg,test\Flows\Flows test (71).jpg,395.78,34.28,43.51,1.3,good,Image quality is good. Proceed with assessment.,0
test,Flows,Flows test (72).jpg,test\Flows\Flows test (72).jpg,531.84,64.41,49.73,1.65,good,Image quality is good. Proceed with assessment.,0
test,Flows,Flows test (73).jpg,test\Flows\Flows test (73).jpg,536.84,65.25,50.56,1.66,good,Image quality is good. Proceed with assessment.,0
test,Flows,Flows test (74).jpg,test\Flows\Flows test (74).jpg,557.93,71.77,52.8,1.71,good,Image quality is good. Proceed with assessment.,0
test,Flows,Flows test (75).jpg,test\Flows\Flows test (75).jpg,558.38,71.58,52.67,1.72,good,Image quality is good. Proceed with assessment.,0
test,Flows,Flows test (76).jpg,test\Flows\Flows test (76).jpg,576.1,67.92,51.96,1.7,good,Image quality is good. Proceed with assessment.,0
test,Flows,Flows test (77).jpg,test\Flows\Flows test (77).jpg,582.73,61.61,52.14,1.83,good,Image quality is good. Proceed with assessment.,0
test,Flows,Flows test (78).jpg,test\Flows\Flows test (78).jpg,572.05,62.73,52.33,1.82,good,Image quality is good. Proceed with assessment.,0
test,Flows,Flows test (79).jpg,test\Flows\Flows test (79).jpg,569.82,62.7,52.16,1.82,good,Image quality is good. Proceed with assessment.,0
test,Flows,Flows test (8).jpg,test\Flows\Flows test (8).jpg,570.29,51.16,50.55,1.87,good,Image quality is good. Proceed with assessment.,0
test,Flows,Flows test (80).jpg,test\Flows\Flows test (80).jpg,530.39,55.13,51.11,1.61,good,Image quality is good. Proceed with assessment.,0
test,Flows,Flows test (81).jpg,test\Flows\Flows test (81).jpg,530.57,55.21,51.22,1.62,good,Image quality is good. Proceed with assessment.,0
test,Flows,Flows test (82).jpg,test\Flows\Flows test (82).jpg,530.11,54.86,50.95,1.62,good,Image quality is good. Proceed with assessment.,0
test,Flows,Flows test (83).jpg,test\Flows\Flows test (83).jpg,530.25,54.84,50.88,1.62,good,Image quality is good. Proceed with assessment.,0
test,Flows,Flows test (84).jpg,test\Flows\Flows test (84).jpg,512.37,54.59,52.41,1.6,good,Image quality is good. Proceed with assessment.,0
test,Flows,Flows test (85).jpg,test\Flows\Flows test (85).jpg,513.28,55.06,53.12,1.6,good,Image quality is good. Proceed with assessment.,0
test,Flows,Flows test (86).jpg,test\Flows\Flows test (86).jpg,600.69,34.37,42.24,1.82,good,Image quality is good. Proceed with assessment.,0
test,Flows,Flows test (87).jpg,test\Flows\Flows test (87).jpg,640.76,52.39,53.88,1.98,good,Image quality is good. Proceed with assessment.,0
test,Flows,Flows test (88).jpg,test\Flows\Flows test (88).jpg,641.4,52.31,53.57,1.98,good,Image quality is good. Proceed with assessment.,0
test,Flows,Flows test (89).jpg,test\Flows\Flows test (89).jpg,634.05,54.1,54.74,1.99,good,Image quality is good. Proceed with assessment.,0
test,Flows,Flows test (9).jpg,test\Flows\Flows test (9).jpg,569.97,51.53,50.84,1.87,good,Image quality is good. Proceed with assessment.,0
test,Flows,Flows test (90).jpg,test\Flows\Flows test (90).jpg,595.94,79.2,63.31,1.93,good,Image quality is good. Proceed with assessment.,0
test,Flows,Flows test (91).jpg,test\Flows\Flows test (91).jpg,596.47,79.39,63.47,1.94,good,Image quality is good. Proceed with assessment.,0
test,Flows,Flows test (92).jpg,test\Flows\Flows test (92).jpg,598.58,78.81,63.75,1.92,good,Image quality is good. Proceed with assessment.,0
test,Flows,Flows test (93).jpg,test\Flows\Flows test (93).jpg,599.25,78.95,63.96,1.92,good,Image quality is good. Proceed with assessment.,0
test,Flows,Flows test (94).jpg,test\Flows\Flows test (94).jpg,599.43,78.88,63.94,1.92,good,Image quality is good. Proceed with assessment.,0
test,Flows,Flows test (95).jpg,test\Flows\Flows test (95).jpg,584.05,84.67,63.46,2.03,good,Image quality is good. Proceed with assessment.,0
test,Flows,Flows test (96).jpg,test\Flows\Flows test (96).jpg,585.3,84.72,63.49,2.03,good,Image quality is good. Proceed with assessment.,0
test,Flows,Flows test (97).jpg,test\Flows\Flows test (97).jpg,476.52,44.39,47.65,1.48,good,Image quality is good. Proceed with assessment.,0
test,Flows,Flows test (98).jpg,test\Flows\Flows test (98).jpg,475.64,44.23,47.73,1.48,good,Image quality is good. Proceed with assessment.,0
test,Flows,Flows test (99).jpg,test\Flows\Flows test (99).jpg,466.18,46.05,49.07,1.47,good,Image quality is good. Proceed with assessment.,0
test,Other,Other test (1).jpg,test\Other\Other test (1).jpg,438.42,38.73,46.29,1.37,good,Image quality is good. Proceed with assessment.,0
test,Other,Other test (10).jpg,test\Other\Other test (10).jpg,445.58,38.01,45.49,1.48,good,Image quality is good. Proceed with assessment.,0
test,Other,Other test (100).jpg,test\Other\Other test (100).jpg,518.78,42.13,42.66,1.68,good,Image quality is good. Proceed with assessment.,0
test,Other,Other test (101).jpg,test\Other\Other test (101).jpg,516.4,43.35,43.03,1.68,good,Image quality is good. Proceed with assessment.,0
test,Other,Other test (102).jpg,test\Other\Other test (102).jpg,516.17,43.65,43.25,1.69,good,Image quality is good. Proceed with assessment.,0
test,Other,Other test (103).jpg,test\Other\Other test (103).jpg,514.91,44.63,44.06,1.72,good,Image quality is good. Proceed with assessment.,0
test,Other,Other test (104).jpg,test\Other\Other test (104).jpg,517.51,43.54,43.18,1.72,good,Image quality is good. Proceed with assessment.,0
test,Other,Other test (105).jpg,test\Other\Other test (105).jpg,521.23,42.97,42.87,1.73,good,Image quality is good. Proceed with assessment.,0
test,Other,Other test (106).jpg,test\Other\Other test (106).jpg,517.95,42.42,42.42,1.72,good,Image quality is good. Proceed with assessment.,0
test,Other,Other test (107).jpg,test\Other\Other test (107).jpg,514.43,41.86,41.93,1.69,good,Image quality is good. Proceed with assessment.,0
test,Other,Other test (108).jpg,test\Other\Other test (108).jpg,513.67,40.73,40.86,1.63,good,Image quality is good. Proceed with assessment.,0
test,Other,Other test (109).jpg,test\Other\Other test (109).jpg,516.05,41.44,41.38,1.65,good,Image quality is good. Proceed with assessment.,0
test,Other,Other test (11).jpg,test\Other\Other test (11).jpg,441.79,37.4,45.27,1.5,good,Image quality is good. Proceed with assessment.,0
test,Other,Other test (110).jpg,test\Other\Other test (110).jpg,524.48,42.67,42.62,1.7,good,Image quality is good. Proceed with assessment.,0
test,Other,Other test (111).jpg,test\Other\Other test (111).jpg,517.5,45.65,44.33,1.72,good,Image quality is good. Proceed with assessment.,0
test,Other,Other test (112).jpg,test\Other\Other test (112).jpg,511.09,47.96,45.37,1.71,good,Image quality is good. Proceed with assessment.,0
test,Other,Other test (113).jpg,test\Other\Other test (113).jpg,502.99,48.62,45.72,1.75,good,Image quality is good. Proceed with assessment.,0
test,Other,Other test (114).jpg,test\Other\Other test (114).jpg,496.16,48.11,44.28,1.66,good,Image quality is good. Proceed with assessment.,0
test,Other,Other test (115).jpg,test\Other\Other test (115).jpg,503.22,48.62,42.51,1.73,good,Image quality is good. Proceed with assessment.,0
test,Other,Other test (116).jpg,test\Other\Other test (116).jpg,508.55,49.48,43.72,1.74,good,Image quality is good. Proceed with assessment.,0
test,Other,Other test (117).jpg,test\Other\Other test (117).jpg,502.47,50.12,43.74,1.75,good,Image quality is good. Proceed with assessment.,0
test,Other,Other test (118).jpg,test\Other\Other test (118).jpg,499.58,49.83,43.35,1.73,good,Image quality is good. Proceed with assessment.,0
test,Other,Other test (119).jpg,test\Other\Other test (119).jpg,488.55,49.66,44.21,1.74,good,Image quality is good. Proceed with assessment.,0
test,Other,Other test (12).jpg,test\Other\Other test (12).jpg,441.12,37.33,45.26,1.5,good,Image quality is good. Proceed with assessment.,0
test,Other,Other test (120).jpg,test\Other\Other test (120).jpg,488.8,49.6,44.27,1.75,good,Image quality is good. Proceed with assessment.,0
test,Other,Other test (121).jpg,test\Other\Other test (121).jpg,489.65,49.32,44.37,1.77,good,Image quality is good. Proceed with assessment.,0
test,Other,Other test (122).jpg,test\Other\Other test (122).jpg,489.1,49.21,44.4,1.77,good,Image quality is good. Proceed with assessment.,0
test,Other,Other test (123).jpg,test\Other\Other test (123).jpg,493.12,46.06,43.17,1.74,good,Image quality is good. Proceed with assessment.,0
test,Other,Other test (124).jpg,test\Other\Other test (124).jpg,491.39,45.72,43.12,1.73,good,Image quality is good. Proceed with assessment.,0
test,Other,Other test (125).jpg,test\Other\Other test (125).jpg,495.18,46.76,43.29,1.72,good,Image quality is good. Proceed with assessment.,0
test,Other,Other test (126).jpg,test\Other\Other test (126).jpg,575.55,29.86,42.89,1.84,good,Image quality is good. Proceed with assessment.,0
test,Other,Other test (127).jpg,test\Other\Other test (127).jpg,575.21,30.08,43.39,1.86,good,Image quality is good. Proceed with assessment.,0
test,Other,Other test (128).jpg,test\Other\Other test (128).jpg,575.34,29.87,43.35,1.86,good,Image quality is good. Proceed with assessment.,0
test,Other,Other test (129).jpg,test\Other\Other test (129).jpg,575.37,29.88,43.4,1.86,good,Image quality is good. Proceed with assessment.,0
test,Other,Other test (13).jpg,test\Other\Other test (13).jpg,443.31,37.89,45.73,1.51,good,Image quality is good. Proceed with assessment.,0
test,Other,Other test (130).jpg,test\Other\Other test (130).jpg,570.78,29.9,43.56,1.85,good,Image quality is good. Proceed with assessment.,0
test,Other,Other test (131).jpg,test\Other\Other test (131).jpg,577.82,28.94,43.2,1.86,good,Image quality is good. Proceed with assessment.,0
test,Other,Other test (132).jpg,test\Other\Other test (132).jpg,578.35,28.97,43.33,1.87,good,Image quality is good. Proceed with assessment.,0
test,Other,Other test (133).jpg,test\Other\Other test (133).jpg,578.95,28.84,43.86,1.88,good,Image quality is good. Proceed with assessment.,0
test,Other,Other test (134).jpg,test\Other\Other test (134).jpg,579.01,28.75,43.84,1.88,good,Image quality is good. Proceed with assessment.,0
test,Other,Other test (135).jpg,test\Other\Other test (135).jpg,579.16,28.41,43.63,1.87,good,Image quality is good. Proceed with assessment.,0
test,Other,Other test (136).jpg,test\Other\Other test (136).jpg,580.41,28.43,43.89,1.88,good,Image quality is good. Proceed with assessment.,0
test,Other,Other test (137).jpg,test\Other\Other test (137).jpg,580.22,28.4,43.82,1.88,good,Image quality is good. Proceed with assessment.,0
test,Other,Other test (138).jpg,test\Other\Other test (138).jpg,580.15,28.29,43.68,1.88,good,Image quality is good. Proceed with assessment.,0
test,Other,Other test (139).jpg,test\Other\Other test (139).jpg,580.43,28.07,43.47,1.89,good,Image quality is good. Proceed with assessment.,0
test,Other,Other test (14).jpg,test\Other\Other test (14).jpg,403.83,41.42,56.49,1.23,good,Image quality is good. Proceed with assessment.,0
test,Other,Other test (140).jpg,test\Other\Other test (140).jpg,580.25,28.05,43.47,1.89,good,Image quality is good. Proceed with assessment.,0
test,Other,Other test (141).jpg,test\Other\Other test (141).jpg,580.16,28.03,43.45,1.88,good,Image quality is good. Proceed with assessment.,0
test,Other,Other test (142).jpg,test\Other\Other test (142).jpg,573.76,30.45,45.09,1.84,good,Image quality is good. Proceed with assessment.,0
test,Other,Other test (143).jpg,test\Other\Other test (143).jpg,573.98,30.54,45.26,1.84,good,Image quality is good. Proceed with assessment.,0
test,Other,Other test (144).jpg,test\Other\Other test (144).jpg,574.55,30.66,45.59,1.85,good,Image quality is good. Proceed with assessment.,0
test,Other,Other test (145).jpg,test\Other\Other test (145).jpg,573.89,30.69,45.67,1.86,good,Image quality is good. Proceed with assessment.,0
test,Other,Other test (146).jpg,test\Other\Other test (146).jpg,576.97,28.81,44.13,1.86,good,Image quality is good. Proceed with assessment.,0
test,Other,Other test (147).jpg,test\Other\Other test (147).jpg,579.21,28.18,44.03,1.85,good,Image quality is good. Proceed with assessment.,0
test,Other,Other test (148).jpg,test\Other\Other test (148).jpg,578.23,27.81,43.58,1.83,good,Image quality is good. Proceed with assessment.,0
test,Other,Other test (149).jpg,test\Other\Other test (149).jpg,579.46,27.77,43.54,1.84,good,Image quality is good. Proceed with assessment.,0
test,Other,Other test (15).jpg,test\Other\Other test (15).jpg,407.89,41.56,56.66,1.24,good,Image quality is good. Proceed with assessment.,0
test,Other,Other test (150).jpg,test\Other\Other test (150).jpg,580.51,27.63,43.57,1.85,good,Image quality is good. Proceed with assessment.,0
test,Other,Other test (151).jpg,test\Other\Other test (151).jpg,580.21,27.67,43.66,1.86,good,Image quality is good. Proceed with assessment.,0
test,Other,Other test (152).jpg,test\Other\Other test (152).jpg,580.71,27.65,43.68,1.87,good,Image quality is good. Proceed with assessment.,0
test,Other,Other test (153).jpg,test\Other\Other test (153).jpg,580.36,27.54,43.51,1.87,good,Image quality is good. Proceed with assessment.,0
test,Other,Other test (154).jpg,test\Other\Other test (154).jpg,577.04,38.39,45.51,1.68,good,Image quality is good. Proceed with assessment.,0
test,Other,Other test (155).jpg,test\Other\Other test (155).jpg,578.97,37.72,45.92,1.69,good,Image quality is good. Proceed with assessment.,0
test,Other,Other test (156).jpg,test\Other\Other test (156).jpg,597.35,37.52,46.24,1.68,good,Image quality is good. Proceed with assessment.,0
test,Other,Other test (157).jpg,test\Other\Other test (157).jpg,599.96,38.24,46.68,1.68,good,Image quality is good. Proceed with assessment.,0
test,Other,Other test (158).jpg,test\Other\Other test (158).jpg,603.23,39.25,47.3,1.69,good,Image quality is good. Proceed with assessment.,0
test,Other,Other test (159).jpg,test\Other\Other test (159).jpg,604.22,39.47,47.59,1.71,good,Image quality is good. Proceed with assessment.,0
test,Other,Other test (16).jpg,test\Other\Other test (16).jpg,404.07,42.28,57.59,1.25,good,Image quality is good. Proceed with assessment.,0
test,Other,Other test (160).jpg,test\Other\Other test (160).jpg,601.5,39.15,46.66,1.71,good,Image quality is good. Proceed with assessment.,0
test,Other,Other test (161).jpg,test\Other\Other test (161).jpg,599.05,38.77,45.69,1.71,good,Image quality is good. Proceed with assessment.,0
test,Other,Other test (162).jpg,test\Other\Other test (162).jpg,596.57,39.58,45.61,1.69,good,Image quality is good. Proceed with assessment.,0
test,Other,Other test (163).jpg,test\Other\Other test (163).jpg,596.05,40.99,44.39,1.72,good,Image quality is good. Proceed with assessment.,0
test,Other,Other test (164).jpg,test\Other\Other test (164).jpg,597.86,40.21,43.91,1.74,good,Image quality is good. Proceed with assessment.,0
test,Other,Other test (165).jpg,test\Other\Other test (165).jpg,598.65,39.78,43.33,1.75,good,Image quality is good. Proceed with assessment.,0
test,Other,Other test (166).jpg,test\Other\Other test (166).jpg,452.74,25.71,37.27,1.53,good,Image quality is good. Proceed with assessment.,0
test,Other,Other test (167).jpg,test\Other\Other test (167).jpg,460.48,25.41,36.81,1.51,good,Image quality is good. Proceed with assessment.,0
test,Other,Other test (168).jpg,test\Other\Other test (168).jpg,450.97,21.28,33.74,1.48,good,Image quality is good. Proceed with assessment.,0
test,Other,Other test (169).jpg,test\Other\Other test (169).jpg,447.78,16.82,30.6,1.42,too_dark,"Image is too dark. Increase the gain setting on the machine, or apply more gel and press the probe more firmly.",0
test,Other,Other test (17).jpg,test\Other\Other test (17).jpg,405.79,41.72,57.39,1.25,good,Image quality is good. Proceed with assessment.,0
test,Other,Other test (170).jpg,test\Other\Other test (170).jpg,447.36,16.5,30.47,1.41,too_dark,"Image is too dark. Increase the gain setting on the machine, or apply more gel and press the probe more firmly.",0
test,Other,Other test (171).jpg,test\Other\Other test (171).jpg,447.43,16.55,30.72,1.41,too_dark,"Image is too dark. Increase the gain setting on the machine, or apply more gel and press the probe more firmly.",0
test,Other,Other test (172).jpg,test\Other\Other test (172).jpg,447.53,17.13,31.1,1.41,too_dark,"Image is too dark. Increase the gain setting on the machine, or apply more gel and press the probe more firmly.",0
test,Other,Other test (173).jpg,test\Other\Other test (173).jpg,447.39,17.47,31.38,1.41,too_dark,"Image is too dark. Increase the gain setting on the machine, or apply more gel and press the probe more firmly.",0
test,Other,Other test (174).jpg,test\Other\Other test (174).jpg,447.84,17.79,31.66,1.42,too_dark,"Image is too dark. Increase the gain setting on the machine, or apply more gel and press the probe more firmly.",0
test,Other,Other test (175).jpg,test\Other\Other test (175).jpg,447.77,18.24,32.13,1.42,too_dark,"Image is too dark. Increase the gain setting on the machine, or apply more gel and press the probe more firmly.",0
test,Other,Other test (176).jpg,test\Other\Other test (176).jpg,449.25,18.77,32.19,1.42,too_dark,"Image is too dark. Increase the gain setting on the machine, or apply more gel and press the probe more firmly.",0
test,Other,Other test (177).jpg,test\Other\Other test (177).jpg,449.47,18.76,32.57,1.43,too_dark,"Image is too dark. Increase the gain setting on the machine, or apply more gel and press the probe more firmly.",0
test,Other,Other test (178).jpg,test\Other\Other test (178).jpg,450.27,19.4,32.86,1.44,too_dark,"Image is too dark. Increase the gain setting on the machine, or apply more gel and press the probe more firmly.",0
test,Other,Other test (179).jpg,test\Other\Other test (179).jpg,561.1,64.73,54.67,1.92,good,Image quality is good. Proceed with assessment.,0
test,Other,Other test (18).jpg,test\Other\Other test (18).jpg,404.4,41.61,57.48,1.25,good,Image quality is good. Proceed with assessment.,0
test,Other,Other test (180).jpg,test\Other\Other test (180).jpg,567.2,64.7,56.76,1.99,good,Image quality is good. Proceed with assessment.,0
test,Other,Other test (181).jpg,test\Other\Other test (181).jpg,564.18,63.45,55.26,1.99,good,Image quality is good. Proceed with assessment.,0
test,Other,Other test (182).jpg,test\Other\Other test (182).jpg,561.05,63.4,54.94,1.99,good,Image quality is good. Proceed with assessment.,0
test,Other,Other test (183).jpg,test\Other\Other test (183).jpg,565.55,62.86,55.58,2.02,good,Image quality is good. Proceed with assessment.,0
test,Other,Other test (184).jpg,test\Other\Other test (184).jpg,565.58,62.99,56.14,2.04,good,Image quality is good. Proceed with assessment.,0
test,Other,Other test (185).jpg,test\Other\Other test (185).jpg,564.84,63.0,56.23,2.05,good,Image quality is good. Proceed with assessment.,0
test,Other,Other test (186).jpg,test\Other\Other test (186).jpg,556.99,63.15,56.17,2.03,good,Image quality is good. Proceed with assessment.,0
test,Other,Other test (187).jpg,test\Other\Other test (187).jpg,557.98,62.97,56.27,2.03,good,Image quality is good. Proceed with assessment.,0
test,Other,Other test (188).jpg,test\Other\Other test (188).jpg,558.78,62.84,56.28,2.04,good,Image quality is good. Proceed with assessment.,0
test,Other,Other test (189).jpg,test\Other\Other test (189).jpg,559.81,62.76,56.19,2.04,good,Image quality is good. Proceed with assessment.,0
test,Other,Other test (19).jpg,test\Other\Other test (19).jpg,404.94,41.66,57.57,1.25,good,Image quality is good. Proceed with assessment.,0
test,Other,Other test (190).jpg,test\Other\Other test (190).jpg,574.08,85.65,55.7,2.13,good,Image quality is good. Proceed with assessment.,0
test,Other,Other test (191).jpg,test\Other\Other test (191).jpg,620.08,82.09,57.79,2.18,good,Image quality is good. Proceed with assessment.,0
test,Other,Other test (192).jpg,test\Other\Other test (192).jpg,632.89,81.69,58.69,2.16,good,Image quality is good. Proceed with assessment.,0
test,Other,Other test (193).jpg,test\Other\Other test (193).jpg,634.31,82.11,59.86,2.17,good,Image quality is good. Proceed with assessment.,0
test,Other,Other test (194).jpg,test\Other\Other test (194).jpg,638.93,82.08,59.52,2.2,good,Image quality is good. Proceed with assessment.,0
test,Other,Other test (195).jpg,test\Other\Other test (195).jpg,633.48,82.26,59.82,2.18,good,Image quality is good. Proceed with assessment.,0
test,Other,Other test (196).jpg,test\Other\Other test (196).jpg,646.88,83.1,61.41,2.24,good,Image quality is good. Proceed with assessment.,0
test,Other,Other test (197).jpg,test\Other\Other test (197).jpg,647.77,81.59,60.79,2.21,good,Image quality is good. Proceed with assessment.,0
test,Other,Other test (198).jpg,test\Other\Other test (198).jpg,657.95,81.01,60.77,2.2,good,Image quality is good. Proceed with assessment.,0
test,Other,Other test (199).jpg,test\Other\Other test (199).jpg,666.53,80.46,60.02,2.21,good,Image quality is good. Proceed with assessment.,0
test,Other,Other test (2).jpg,test\Other\Other test (2).jpg,454.97,42.05,50.56,1.44,good,Image quality is good. Proceed with assessment.,0
test,Other,Other test (20).jpg,test\Other\Other test (20).jpg,610.36,61.58,50.47,1.9,good,Image quality is good. Proceed with assessment.,0
test,Other,Other test (200).jpg,test\Other\Other test (200).jpg,655.96,81.16,58.98,2.15,good,Image quality is good. Proceed with assessment.,0
test,Other,Other test (201).jpg,test\Other\Other test (201).jpg,650.95,80.66,59.06,2.18,good,Image quality is good. Proceed with assessment.,0
test,Other,Other test (202).jpg,test\Other\Other test (202).jpg,656.5,81.26,62.32,2.19,good,Image quality is good. Proceed with assessment.,0
test,Other,Other test (203).jpg,test\Other\Other test (203).jpg,655.5,81.0,61.51,2.14,good,Image quality is good. Proceed with assessment.,0
test,Other,Other test (204).jpg,test\Other\Other test (204).jpg,649.03,81.25,61.47,2.13,good,Image quality is good. Proceed with assessment.,0
test,Other,Other test (205).jpg,test\Other\Other test (205).jpg,647.85,80.79,60.61,2.13,good,Image quality is good. Proceed with assessment.,0
test,Other,Other test (206).jpg,test\Other\Other test (206).jpg,601.55,82.24,59.66,2.18,good,Image quality is good. Proceed with assessment.,0
test,Other,Other test (207).jpg,test\Other\Other test (207).jpg,604.62,82.44,59.87,2.21,good,Image quality is good. Proceed with assessment.,0
test,Other,Other test (208).jpg,test\Other\Other test (208).jpg,622.32,79.44,60.63,2.28,good,Image quality is good. Proceed with assessment.,0
test,Other,Other test (209).jpg,test\Other\Other test (209).jpg,637.57,84.76,64.19,2.35,good,Image quality is good. Proceed with assessment.,0
test,Other,Other test (21).jpg,test\Other\Other test (21).jpg,634.94,60.11,47.76,1.94,good,Image quality is good. Proceed with assessment.,0
test,Other,Other test (210).jpg,test\Other\Other test (210).jpg,638.37,83.14,64.29,2.35,good,Image quality is good. Proceed with assessment.,0
test,Other,Other test (211).jpg,test\Other\Other test (211).jpg,655.46,81.86,64.57,2.34,good,Image quality is good. Proceed with assessment.,0
test,Other,Other test (212).jpg,test\Other\Other test (212).jpg,655.92,82.08,64.65,2.35,good,Image quality is good. Proceed with assessment.,0
test,Other,Other test (213).jpg,test\Other\Other test (213).jpg,656.99,82.05,64.76,2.35,good,Image quality is good. Proceed with assessment.,0
test,Other,Other test (214).jpg,test\Other\Other test (214).jpg,652.78,73.15,56.96,2.19,good,Image quality is good. Proceed with assessment.,0
test,Other,Other test (215).jpg,test\Other\Other test (215).jpg,652.39,73.93,57.67,2.18,good,Image quality is good. Proceed with assessment.,0
test,Other,Other test (216).jpg,test\Other\Other test (216).jpg,669.99,77.94,59.14,2.31,good,Image quality is good. Proceed with assessment.,0
test,Other,Other test (217).jpg,test\Other\Other test (217).jpg,668.27,78.78,59.15,2.27,good,Image quality is good. Proceed with assessment.,0
test,Other,Other test (218).jpg,test\Other\Other test (218).jpg,633.32,79.2,57.99,2.18,good,Image quality is good. Proceed with assessment.,0
test,Other,Other test (219).jpg,test\Other\Other test (219).jpg,657.97,48.04,44.59,2.09,good,Image quality is good. Proceed with assessment.,0
test,Other,Other test (22).jpg,test\Other\Other test (22).jpg,633.4,59.82,47.65,1.9,good,Image quality is good. Proceed with assessment.,0
test,Other,Other test (220).jpg,test\Other\Other test (220).jpg,657.32,47.83,44.7,2.08,good,Image quality is good. Proceed with assessment.,0
test,Other,Other test (221).jpg,test\Other\Other test (221).jpg,656.32,47.76,44.62,2.09,good,Image quality is good. Proceed with assessment.,0
test,Other,Other test (222).jpg,test\Other\Other test (222).jpg,646.02,47.14,44.48,2.06,good,Image quality is good. Proceed with assessment.,0
test,Other,Other test (223).jpg,test\Other\Other test (223).jpg,649.63,46.82,44.56,2.07,good,Image quality is good. Proceed with assessment.,0
test,Other,Other test (224).jpg,test\Other\Other test (224).jpg,654.78,47.0,44.7,2.07,good,Image quality is good. Proceed with assessment.,0
test,Other,Other test (225).jpg,test\Other\Other test (225).jpg,656.74,47.14,44.82,2.07,good,Image quality is good. Proceed with assessment.,0
test,Other,Other test (226).jpg,test\Other\Other test (226).jpg,655.48,47.29,44.88,2.07,good,Image quality is good. Proceed with assessment.,0
test,Other,Other test (227).jpg,test\Other\Other test (227).jpg,653.62,47.92,45.19,2.08,good,Image quality is good. Proceed with assessment.,0
test,Other,Other test (228).jpg,test\Other\Other test (228).jpg,653.34,47.9,45.22,2.09,good,Image quality is good. Proceed with assessment.,0
test,Other,Other test (229).jpg,test\Other\Other test (229).jpg,653.36,48.0,45.15,2.1,good,Image quality is good. Proceed with assessment.,0
test,Other,Other test (23).jpg,test\Other\Other test (23).jpg,636.15,60.26,47.74,1.88,good,Image quality is good. Proceed with assessment.,0
test,Other,Other test (230).jpg,test\Other\Other test (230).jpg,653.48,47.95,45.02,2.1,good,Image quality is good. Proceed with assessment.,0
test,Other,Other test (231).jpg,test\Other\Other test (231).jpg,653.0,48.27,44.75,2.07,good,Image quality is good. Proceed with assessment.,0
test,Other,Other test (232).jpg,test\Other\Other test (232).jpg,651.75,48.52,44.83,2.07,good,Image quality is good. Proceed with assessment.,0
test,Other,Other test (233).jpg,test\Other\Other test (233).jpg,650.69,48.98,44.97,2.06,good,Image quality is good. Proceed with assessment.,0
test,Other,Other test (234).jpg,test\Other\Other test (234).jpg,650.37,48.91,44.91,2.06,good,Image quality is good. Proceed with assessment.,0
test,Other,Other test (235).jpg,test\Other\Other test (235).jpg,645.51,50.12,45.38,2.04,good,Image quality is good. Proceed with assessment.,0
test,Other,Other test (236).jpg,test\Other\Other test (236).jpg,536.39,58.85,46.11,1.64,good,Image quality is good. Proceed with assessment.,0
test,Other,Other test (237).jpg,test\Other\Other test (237).jpg,536.52,59.1,46.39,1.65,good,Image quality is good. Proceed with assessment.,0
test,Other,Other test (238).jpg,test\Other\Other test (238).jpg,532.01,59.08,47.17,1.63,good,Image quality is good. Proceed with assessment.,0
test,Other,Other test (239).jpg,test\Other\Other test (239).jpg,529.82,59.91,47.6,1.62,good,Image quality is good. Proceed with assessment.,0
test,Other,Other test (24).jpg,test\Other\Other test (24).jpg,637.21,60.74,48.13,1.88,good,Image quality is good. Proceed with assessment.,0
test,Other,Other test (240).jpg,test\Other\Other test (240).jpg,528.36,60.48,47.73,1.61,good,Image quality is good. Proceed with assessment.,0
test,Other,Other test (241).jpg,test\Other\Other test (241).jpg,577.84,65.37,50.9,1.73,good,Image quality is good. Proceed with assessment.,0
test,Other,Other test (242).jpg,test\Other\Other test (242).jpg,588.63,66.4,51.55,1.75,good,Image quality is good. Proceed with assessment.,0
test,Other,Other test (243).jpg,test\Other\Other test (243).jpg,607.66,66.01,51.19,1.72,good,Image quality is good. Proceed with assessment.,0
test,Other,Other test (244).jpg,test\Other\Other test (244).jpg,609.49,65.96,50.71,1.71,good,Image quality is good. Proceed with assessment.,0
test,Other,Other test (245).jpg,test\Other\Other test (245).jpg,605.4,66.2,50.78,1.74,good,Image quality is good. Proceed with assessment.,0
test,Other,Other test (246).jpg,test\Other\Other test (246).jpg,611.98,66.5,51.36,1.75,good,Image quality is good. Proceed with assessment.,0
test,Other,Other test (247).jpg,test\Other\Other test (247).jpg,601.24,60.95,47.79,1.72,good,Image quality is good. Proceed with assessment.,0
test,Other,Other test (248).jpg,test\Other\Other test (248).jpg,592.97,59.55,47.57,1.71,good,Image quality is good. Proceed with assessment.,0
test,Other,Other test (249).jpg,test\Other\Other test (249).jpg,557.68,57.27,46.06,1.63,good,Image quality is good. Proceed with assessment.,0
test,Other,Other test (25).jpg,test\Other\Other test (25).jpg,653.43,60.18,54.45,1.94,good,Image quality is good. Proceed with assessment.,0
test,Other,Other test (250).jpg,test\Other\Other test (250).jpg,554.33,56.71,47.8,1.66,good,Image quality is good. Proceed with assessment.,0
test,Other,Other test (251).jpg,test\Other\Other test (251).jpg,486.98,54.86,62.31,1.57,good,Image quality is good. Proceed with assessment.,0
test,Other,Other test (252).jpg,test\Other\Other test (252).jpg,499.25,55.29,62.87,1.57,good,Image quality is good. Proceed with assessment.,0
test,Other,Other test (253).jpg,test\Other\Other test (253).jpg,512.6,55.46,63.27,1.59,good,Image quality is good. Proceed with assessment.,0
test,Other,Other test (254).jpg,test\Other\Other test (254).jpg,516.09,55.6,63.7,1.58,good,Image quality is good. Proceed with assessment.,0
test,Other,Other test (255).jpg,test\Other\Other test (255).jpg,517.28,55.14,63.81,1.57,good,Image quality is good. Proceed with assessment.,0
test,Other,Other test (256).jpg,test\Other\Other test (256).jpg,515.1,54.54,64.74,1.56,good,Image quality is good. Proceed with assessment.,0
test,Other,Other test (257).jpg,test\Other\Other test (257).jpg,515.74,54.79,64.97,1.57,good,Image quality is good. Proceed with assessment.,0
test,Other,Other test (258).jpg,test\Other\Other test (258).jpg,516.57,54.64,65.05,1.57,good,Image quality is good. Proceed with assessment.,0
test,Other,Other test (259).jpg,test\Other\Other test (259).jpg,516.9,54.5,65.29,1.57,good,Image quality is good. Proceed with assessment.,0
test,Other,Other test (26).jpg,test\Other\Other test (26).jpg,654.22,59.77,52.46,1.9,good,Image quality is good. Proceed with assessment.,0
test,Other,Other test (260).jpg,test\Other\Other test (260).jpg,517.41,54.37,65.4,1.58,good,Image quality is good. Proceed with assessment.,0
test,Other,Other test (261).jpg,test\Other\Other test (261).jpg,518.82,54.23,65.42,1.58,good,Image quality is good. Proceed with assessment.,0
test,Other,Other test (262).jpg,test\Other\Other test (262).jpg,589.96,58.36,51.44,1.82,good,Image quality is good. Proceed with assessment.,0
test,Other,Other test (263).jpg,test\Other\Other test (263).jpg,618.18,58.67,51.52,1.86,good,Image quality is good. Proceed with assessment.,0
test,Other,Other test (264).jpg,test\Other\Other test (264).jpg,624.68,58.72,51.3,1.86,good,Image quality is good. Proceed with assessment.,0
test,Other,Other test (265).jpg,test\Other\Other test (265).jpg,628.48,58.65,50.31,1.84,good,Image quality is good. Proceed with assessment.,0
test,Other,Other test (266).jpg,test\Other\Other test (266).jpg,628.96,58.51,49.7,1.84,good,Image quality is good. Proceed with assessment.,0
test,Other,Other test (267).jpg,test\Other\Other test (267).jpg,631.13,59.14,49.78,1.84,good,Image quality is good. Proceed with assessment.,0
test,Other,Other test (268).jpg,test\Other\Other test (268).jpg,629.45,59.35,49.61,1.84,good,Image quality is good. Proceed with assessment.,0
test,Other,Other test (269).jpg,test\Other\Other test (269).jpg,628.38,59.56,49.57,1.83,good,Image quality is good. Proceed with assessment.,0
test,Other,Other test (27).jpg,test\Other\Other test (27).jpg,641.53,61.7,51.07,1.92,good,Image quality is good. Proceed with assessment.,0
test,Other,Other test (270).jpg,test\Other\Other test (270).jpg,630.37,59.97,49.76,1.84,good,Image quality is good. Proceed with assessment.,0
test,Other,Other test (271).jpg,test\Other\Other test (271).jpg,632.6,59.89,49.75,1.85,good,Image quality is good. Proceed with assessment.,0
test,Other,Other test (272).jpg,test\Other\Other test (272).jpg,633.07,59.45,49.8,1.86,good,Image quality is good. Proceed with assessment.,0
test,Other,Other test (273).jpg,test\Other\Other test (273).jpg,628.02,59.17,50.03,1.86,good,Image quality is good. Proceed with assessment.,0
test,Other,Other test (274).jpg,test\Other\Other test (274).jpg,612.21,59.59,50.33,1.84,good,Image quality is good. Proceed with assessment.,0
test,Other,Other test (275).jpg,test\Other\Other test (275).jpg,600.07,59.6,52.18,1.85,good,Image quality is good. Proceed with assessment.,0
test,Other,Other test (276).jpg,test\Other\Other test (276).jpg,607.4,59.74,52.26,1.85,good,Image quality is good. Proceed with assessment.,0
test,Other,Other test (277).jpg,test\Other\Other test (277).jpg,604.16,59.26,51.96,1.84,good,Image quality is good. Proceed with assessment.,0
test,Other,Other test (278).jpg,test\Other\Other test (278).jpg,534.16,49.25,50.41,1.6,good,Image quality is good. Proceed with assessment.,0
test,Other,Other test (279).jpg,test\Other\Other test (279).jpg,533.89,49.2,50.39,1.61,good,Image quality is good. Proceed with assessment.,0
test,Other,Other test (28).jpg,test\Other\Other test (28).jpg,636.36,62.54,50.45,1.92,good,Image quality is good. Proceed with assessment.,0
test,Other,Other test (280).jpg,test\Other\Other test (280).jpg,535.02,49.9,50.48,1.62,good,Image quality is good. Proceed with assessment.,0
test,Other,Other test (281).jpg,test\Other\Other test (281).jpg,541.62,50.9,50.93,1.62,good,Image quality is good. Proceed with assessment.,0
test,Other,Other test (282).jpg,test\Other\Other test (282).jpg,543.39,50.82,50.74,1.63,good,Image quality is good. Proceed with assessment.,0
test,Other,Other test (283).jpg,test\Other\Other test (283).jpg,544.23,51.09,50.71,1.63,good,Image quality is good. Proceed with assessment.,0
test,Other,Other test (284).jpg,test\Other\Other test (284).jpg,541.37,50.61,50.55,1.62,good,Image quality is good. Proceed with assessment.,0
test,Other,Other test (285).jpg,test\Other\Other test (285).jpg,534.52,51.95,49.51,1.61,good,Image quality is good. Proceed with assessment.,0
test,Other,Other test (286).jpg,test\Other\Other test (286).jpg,533.58,52.48,49.66,1.61,good,Image quality is good. Proceed with assessment.,0
test,Other,Other test (287).jpg,test\Other\Other test (287).jpg,533.28,52.99,49.98,1.62,good,Image quality is good. Proceed with assessment.,0
test,Other,Other test (288).jpg,test\Other\Other test (288).jpg,536.01,52.41,49.21,1.62,good,Image quality is good. Proceed with assessment.,0
test,Other,Other test (289).jpg,test\Other\Other test (289).jpg,524.5,51.05,47.47,1.61,good,Image quality is good. Proceed with assessment.,0
test,Other,Other test (29).jpg,test\Other\Other test (29).jpg,599.52,50.29,50.07,1.9,good,Image quality is good. Proceed with assessment.,0
test,Other,Other test (290).jpg,test\Other\Other test (290).jpg,527.2,48.72,44.88,1.62,good,Image quality is good. Proceed with assessment.,0
test,Other,Other test (291).jpg,test\Other\Other test (291).jpg,525.73,48.21,43.76,1.63,good,Image quality is good. Proceed with assessment.,0
test,Other,Other test (292).jpg,test\Other\Other test (292).jpg,525.13,48.29,43.74,1.63,good,Image quality is good. Proceed with assessment.,0
test,Other,Other test (293).jpg,test\Other\Other test (293).jpg,523.98,48.46,43.73,1.62,good,Image quality is good. Proceed with assessment.,0
test,Other,Other test (294).jpg,test\Other\Other test (294).jpg,516.11,51.23,47.38,1.59,good,Image quality is good. Proceed with assessment.,0
test,Other,Other test (295).jpg,test\Other\Other test (295).jpg,515.89,51.41,47.94,1.6,good,Image quality is good. Proceed with assessment.,0
test,Other,Other test (296).jpg,test\Other\Other test (296).jpg,517.34,51.91,49.07,1.61,good,Image quality is good. Proceed with assessment.,0
test,Other,Other test (297).jpg,test\Other\Other test (297).jpg,530.63,53.18,49.96,1.6,good,Image quality is good. Proceed with assessment.,0
test,Other,Other test (298).jpg,test\Other\Other test (298).jpg,535.32,51.6,50.53,1.59,good,Image quality is good. Proceed with assessment.,0
test,Other,Other test (299).jpg,test\Other\Other test (299).jpg,533.1,51.7,50.87,1.59,good,Image quality is good. Proceed with assessment.,0
test,Other,Other test (3).jpg,test\Other\Other test (3).jpg,454.02,42.26,50.69,1.43,good,Image quality is good. Proceed with assessment.,0
test,Other,Other test (30).jpg,test\Other\Other test (30).jpg,600.71,49.8,49.43,1.91,good,Image quality is good. Proceed with assessment.,0
test,Other,Other test (300).jpg,test\Other\Other test (300).jpg,537.41,50.68,49.81,1.56,good,Image quality is good. Proceed with assessment.,0
test,Other,Other test (301).jpg,test\Other\Other test (301).jpg,536.22,50.38,49.58,1.57,good,Image quality is good. Proceed with assessment.,0
test,Other,Other test (302).jpg,test\Other\Other test (302).jpg,536.61,50.85,49.93,1.57,good,Image quality is good. Proceed with assessment.,0
test,Other,Other test (303).jpg,test\Other\Other test (303).jpg,528.01,50.15,48.5,1.62,good,Image quality is good. Proceed with assessment.,0
test,Other,Other test (304).jpg,test\Other\Other test (304).jpg,527.71,50.62,48.61,1.62,good,Image quality is good. Proceed with assessment.,0
test,Other,Other test (305).jpg,test\Other\Other test (305).jpg,531.96,52.32,49.28,1.62,good,Image quality is good. Proceed with assessment.,0
test,Other,Other test (306).jpg,test\Other\Other test (306).jpg,528.55,51.69,48.87,1.63,good,Image quality is good. Proceed with assessment.,0
test,Other,Other test (307).jpg,test\Other\Other test (307).jpg,603.38,31.49,39.06,1.76,good,Image quality is good. Proceed with assessment.,0
test,Other,Other test (308).jpg,test\Other\Other test (308).jpg,604.94,32.24,39.59,1.77,good,Image quality is good. Proceed with assessment.,0
test,Other,Other test (309).jpg,test\Other\Other test (309).jpg,605.94,32.44,39.69,1.77,good,Image quality is good. Proceed with assessment.,0
test,Other,Other test (31).jpg,test\Other\Other test (31).jpg,601.55,49.62,49.0,1.91,good,Image quality is good. Proceed with assessment.,0
test,Other,Other test (310).jpg,test\Other\Other test (310).jpg,605.54,32.79,39.72,1.75,good,Image quality is good. Proceed with assessment.,0
test,Other,Other test (311).jpg,test\Other\Other test (311).jpg,606.67,32.68,39.42,1.75,good,Image quality is good. Proceed with assessment.,0
test,Other,Other test (312).jpg,test\Other\Other test (312).jpg,606.33,32.32,38.8,1.75,good,Image quality is good. Proceed with assessment.,0
test,Other,Other test (313).jpg,test\Other\Other test (313).jpg,606.82,31.34,37.61,1.74,good,Image quality is good. Proceed with assessment.,0
test,Other,Other test (314).jpg,test\Other\Other test (314).jpg,603.75,31.88,37.08,1.73,good,Image quality is good. Proceed with assessment.,0
test,Other,Other test (315).jpg,test\Other\Other test (315).jpg,603.97,32.04,37.22,1.73,good,Image quality is good. Proceed with assessment.,0
test,Other,Other test (316).jpg,test\Other\Other test (316).jpg,603.96,32.35,37.74,1.74,good,Image quality is good. Proceed with assessment.,0
test,Other,Other test (317).jpg,test\Other\Other test (317).jpg,603.95,33.12,39.65,1.76,good,Image quality is good. Proceed with assessment.,0
test,Other,Other test (318).jpg,test\Other\Other test (318).jpg,604.09,33.56,40.79,1.77,good,Image quality is good. Proceed with assessment.,0
test,Other,Other test (319).jpg,test\Other\Other test (319).jpg,604.55,33.36,41.17,1.78,good,Image quality is good. Proceed with assessment.,0
test,Other,Other test (32).jpg,test\Other\Other test (32).jpg,598.81,48.95,48.15,1.88,good,Image quality is good. Proceed with assessment.,0
test,Other,Other test (320).jpg,test\Other\Other test (320).jpg,602.58,32.99,41.09,1.75,good,Image quality is good. Proceed with assessment.,0
test,Other,Other test (321).jpg,test\Other\Other test (321).jpg,602.62,32.08,40.4,1.72,good,Image quality is good. Proceed with assessment.,0
test,Other,Other test (322).jpg,test\Other\Other test (322).jpg,602.69,31.51,39.77,1.71,good,Image quality is good. Proceed with assessment.,0
test,Other,Other test (323).jpg,test\Other\Other test (323).jpg,603.49,30.86,39.44,1.71,good,Image quality is good. Proceed with assessment.,0
test,Other,Other test (324).jpg,test\Other\Other test (324).jpg,603.47,31.23,40.05,1.72,good,Image quality is good. Proceed with assessment.,0
test,Other,Other test (325).jpg,test\Other\Other test (325).jpg,631.7,52.76,53.75,1.98,good,Image quality is good. Proceed with assessment.,0
test,Other,Other test (326).jpg,test\Other\Other test (326).jpg,684.62,64.42,64.79,2.12,good,Image quality is good. Proceed with assessment.,0
test,Other,Other test (327).jpg,test\Other\Other test (327).jpg,646.2,48.0,53.39,1.95,good,Image quality is good. Proceed with assessment.,0
test,Other,Other test (328).jpg,test\Other\Other test (328).jpg,643.33,48.66,48.21,1.97,good,Image quality is good. Proceed with assessment.,0
test,Other,Other test (329).jpg,test\Other\Other test (329).jpg,640.41,48.83,49.74,2.0,good,Image quality is good. Proceed with assessment.,0
test,Other,Other test (33).jpg,test\Other\Other test (33).jpg,599.04,48.6,48.2,1.87,good,Image quality is good. Proceed with assessment.,0
test,Other,Other test (330).jpg,test\Other\Other test (330).jpg,647.29,49.08,49.59,1.99,good,Image quality is good. Proceed with assessment.,0
test,Other,Other test (331).jpg,test\Other\Other test (331).jpg,648.22,49.35,49.84,2.0,good,Image quality is good. Proceed with assessment.,0
test,Other,Other test (332).jpg,test\Other\Other test (332).jpg,648.86,49.28,49.9,2.0,good,Image quality is good. Proceed with assessment.,0
test,Other,Other test (333).jpg,test\Other\Other test (333).jpg,637.62,48.72,48.93,1.95,good,Image quality is good. Proceed with assessment.,0
test,Other,Other test (334).jpg,test\Other\Other test (334).jpg,637.67,48.46,48.23,1.94,good,Image quality is good. Proceed with assessment.,0
test,Other,Other test (335).jpg,test\Other\Other test (335).jpg,639.1,48.59,48.18,1.95,good,Image quality is good. Proceed with assessment.,0
test,Other,Other test (336).jpg,test\Other\Other test (336).jpg,655.99,50.85,50.41,1.96,good,Image quality is good. Proceed with assessment.,0
test,Other,Other test (337).jpg,test\Other\Other test (337).jpg,638.36,50.76,49.41,1.97,good,Image quality is good. Proceed with assessment.,0
test,Other,Other test (338).jpg,test\Other\Other test (338).jpg,653.79,50.19,49.23,2.03,good,Image quality is good. Proceed with assessment.,0
test,Other,Other test (339).jpg,test\Other\Other test (339).jpg,650.65,50.04,48.59,2.01,good,Image quality is good. Proceed with assessment.,0
test,Other,Other test (34).jpg,test\Other\Other test (34).jpg,598.72,48.56,48.4,1.86,good,Image quality is good. Proceed with assessment.,0
test,Other,Other test (340).jpg,test\Other\Other test (340).jpg,651.09,50.32,48.63,2.02,good,Image quality is good. Proceed with assessment.,0
test,Other,Other test (341).jpg,test\Other\Other test (341).jpg,649.72,50.73,49.28,1.99,good,Image quality is good. Proceed with assessment.,0
test,Other,Other test (342).jpg,test\Other\Other test (342).jpg,653.25,51.91,50.81,2.03,good,Image quality is good. Proceed with assessment.,0
test,Other,Other test (343).jpg,test\Other\Other test (343).jpg,647.2,53.15,51.64,2.03,good,Image quality is good. Proceed with assessment.,0
test,Other,Other test (344).jpg,test\Other\Other test (344).jpg,648.64,52.52,50.81,2.01,good,Image quality is good. Proceed with assessment.,0
test,Other,Other test (345).jpg,test\Other\Other test (345).jpg,649.8,50.68,48.91,1.98,good,Image quality is good. Proceed with assessment.,0
test,Other,Other test (346).jpg,test\Other\Other test (346).jpg,647.6,50.11,48.67,1.97,good,Image quality is good. Proceed with assessment.,0
test,Other,Other test (347).jpg,test\Other\Other test (347).jpg,646.73,50.25,48.98,1.96,good,Image quality is good. Proceed with assessment.,0
test,Other,Other test (348).jpg,test\Other\Other test (348).jpg,637.21,50.99,49.54,1.96,good,Image quality is good. Proceed with assessment.,0
test,Other,Other test (349).jpg,test\Other\Other test (349).jpg,652.61,48.48,52.79,2.02,good,Image quality is good. Proceed with assessment.,0
test,Other,Other test (35).jpg,test\Other\Other test (35).jpg,606.44,49.06,49.54,1.89,good,Image quality is good. Proceed with assessment.,0
test,Other,Other test (350).jpg,test\Other\Other test (350).jpg,655.12,48.07,52.7,2.03,good,Image quality is good. Proceed with assessment.,0
test,Other,Other test (351).jpg,test\Other\Other test (351).jpg,657.62,47.64,52.23,2.02,good,Image quality is good. Proceed with assessment.,0
test,Other,Other test (352).jpg,test\Other\Other test (352).jpg,647.24,47.66,52.28,2.0,good,Image quality is good. Proceed with assessment.,0
test,Other,Other test (353).jpg,test\Other\Other test (353).jpg,526.95,81.88,62.2,1.93,good,Image quality is good. Proceed with assessment.,0
test,Other,Other test (354).jpg,test\Other\Other test (354).jpg,557.86,81.65,62.53,1.97,good,Image quality is good. Proceed with assessment.,0
test,Other,Other test (355).jpg,test\Other\Other test (355).jpg,592.67,44.37,44.04,2.0,good,Image quality is good. Proceed with assessment.,0
test,Other,Other test (356).jpg,test\Other\Other test (356).jpg,598.14,43.88,43.83,2.01,good,Image quality is good. Proceed with assessment.,0
test,Other,Other test (357).jpg,test\Other\Other test (357).jpg,599.36,43.89,43.38,1.99,good,Image quality is good. Proceed with assessment.,0
test,Other,Other test (358).jpg,test\Other\Other test (358).jpg,610.13,44.4,42.17,1.94,good,Image quality is good. Proceed with assessment.,0
test,Other,Other test (359).jpg,test\Other\Other test (359).jpg,612.54,51.26,47.2,1.94,good,Image quality is good. Proceed with assessment.,0
test,Other,Other test (36).jpg,test\Other\Other test (36).jpg,610.2,49.96,50.3,1.92,good,Image quality is good. Proceed with assessment.,0
test,Other,Other test (360).jpg,test\Other\Other test (360).jpg,612.83,51.97,48.15,1.94,good,Image quality is good. Proceed with assessment.,0
test,Other,Other test (361).jpg,test\Other\Other test (361).jpg,614.47,52.14,48.68,1.98,good,Image quality is good. Proceed with assessment.,0
test,Other,Other test (362).jpg,test\Other\Other test (362).jpg,615.44,50.93,47.18,1.97,good,Image quality is good. Proceed with assessment.,0
test,Other,Other test (363).jpg,test\Other\Other test (363).jpg,609.59,50.22,45.91,1.96,good,Image quality is good. Proceed with assessment.,0
test,Other,Other test (364).jpg,test\Other\Other test (364).jpg,610.85,48.96,45.41,1.99,good,Image quality is good. Proceed with assessment.,0
test,Other,Other test (365).jpg,test\Other\Other test (365).jpg,611.48,48.68,45.72,2.01,good,Image quality is good. Proceed with assessment.,0
test,Other,Other test (366).jpg,test\Other\Other test (366).jpg,615.35,40.96,42.71,2.04,good,Image quality is good. Proceed with assessment.,0
test,Other,Other test (367).jpg,test\Other\Other test (367).jpg,614.8,40.85,42.76,2.04,good,Image quality is good. Proceed with assessment.,0
test,Other,Other test (368).jpg,test\Other\Other test (368).jpg,614.83,40.63,42.93,2.04,good,Image quality is good. Proceed with assessment.,0
test,Other,Other test (369).jpg,test\Other\Other test (369).jpg,614.94,40.6,43.09,2.04,good,Image quality is good. Proceed with assessment.,0
test,Other,Other test (37).jpg,test\Other\Other test (37).jpg,610.41,50.05,50.38,1.92,good,Image quality is good. Proceed with assessment.,0
test,Other,Other test (370).jpg,test\Other\Other test (370).jpg,615.02,40.5,43.3,2.04,good,Image quality is good. Proceed with assessment.,0
test,Other,Other test (371).jpg,test\Other\Other test (371).jpg,615.4,40.43,43.17,2.05,good,Image quality is good. Proceed with assessment.,0
test,Other,Other test (372).jpg,test\Other\Other test (372).jpg,614.63,40.34,43.3,2.04,good,Image quality is good. Proceed with assessment.,0
test,Other,Other test (373).jpg,test\Other\Other test (373).jpg,613.91,40.19,43.4,2.04,good,Image quality is good. Proceed with assessment.,0
test,Other,Other test (374).jpg,test\Other\Other test (374).jpg,614.01,40.1,43.56,2.04,good,Image quality is good. Proceed with assessment.,0
test,Other,Other test (375).jpg,test\Other\Other test (375).jpg,614.91,40.07,43.8,2.04,good,Image quality is good. Proceed with assessment.,0
test,Other,Other test (376).jpg,test\Other\Other test (376).jpg,614.89,40.14,43.96,2.04,good,Image quality is good. Proceed with assessment.,0
test,Other,Other test (377).jpg,test\Other\Other test (377).jpg,614.9,40.11,43.89,2.04,good,Image quality is good. Proceed with assessment.,0
test,Other,Other test (378).jpg,test\Other\Other test (378).jpg,614.96,40.2,43.94,2.04,good,Image quality is good. Proceed with assessment.,0
test,Other,Other test (379).jpg,test\Other\Other test (379).jpg,613.88,40.0,43.87,2.03,good,Image quality is good. Proceed with assessment.,0
test,Other,Other test (38).jpg,test\Other\Other test (38).jpg,610.83,50.12,50.46,1.93,good,Image quality is good. Proceed with assessment.,0
test,Other,Other test (380).jpg,test\Other\Other test (380).jpg,614.53,39.43,43.6,2.03,good,Image quality is good. Proceed with assessment.,0
test,Other,Other test (381).jpg,test\Other\Other test (381).jpg,614.87,39.41,43.58,2.03,good,Image quality is good. Proceed with assessment.,0
test,Other,Other test (382).jpg,test\Other\Other test (382).jpg,614.46,39.15,43.07,2.03,good,Image quality is good. Proceed with assessment.,0
test,Other,Other test (383).jpg,test\Other\Other test (383).jpg,614.33,39.08,43.02,2.03,good,Image quality is good. Proceed with assessment.,0
test,Other,Other test (384).jpg,test\Other\Other test (384).jpg,614.32,38.47,42.2,2.03,good,Image quality is good. Proceed with assessment.,0
test,Other,Other test (385).jpg,test\Other\Other test (385).jpg,614.04,38.36,41.88,2.03,good,Image quality is good. Proceed with assessment.,0
test,Other,Other test (386).jpg,test\Other\Other test (386).jpg,614.1,38.21,41.62,2.02,good,Image quality is good. Proceed with assessment.,0
test,Other,Other test (387).jpg,test\Other\Other test (387).jpg,613.46,37.96,41.29,2.01,good,Image quality is good. Proceed with assessment.,0
test,Other,Other test (388).jpg,test\Other\Other test (388).jpg,613.94,37.84,41.14,2.01,good,Image quality is good. Proceed with assessment.,0
test,Other,Other test (389).jpg,test\Other\Other test (389).jpg,613.61,37.71,40.98,2.01,good,Image quality is good. Proceed with assessment.,0
test,Other,Other test (39).jpg,test\Other\Other test (39).jpg,611.26,50.28,50.62,1.93,good,Image quality is good. Proceed with assessment.,0
test,Other,Other test (390).jpg,test\Other\Other test (390).jpg,613.21,37.6,40.91,2.0,good,Image quality is good. Proceed with assessment.,0
test,Other,Other test (391).jpg,test\Other\Other test (391).jpg,612.9,37.51,40.89,2.0,good,Image quality is good. Proceed with assessment.,0
test,Other,Other test (392).jpg,test\Other\Other test (392).jpg,613.44,37.47,40.91,2.0,good,Image quality is good. Proceed with assessment.,0
test,Other,Other test (393).jpg,test\Other\Other test (393).jpg,614.44,60.37,56.15,1.94,good,Image quality is good. Proceed with assessment.,0
test,Other,Other test (394).jpg,test\Other\Other test (394).jpg,626.46,60.26,56.0,1.95,good,Image quality is good. Proceed with assessment.,0
test,Other,Other test (395).jpg,test\Other\Other test (395).jpg,634.08,60.03,56.1,1.94,good,Image quality is good. Proceed with assessment.,0
test,Other,Other test (396).jpg,test\Other\Other test (396).jpg,634.99,60.02,56.14,1.94,good,Image quality is good. Proceed with assessment.,0
test,Other,Other test (397).jpg,test\Other\Other test (397).jpg,636.94,59.96,56.16,1.93,good,Image quality is good. Proceed with assessment.,0
test,Other,Other test (398).jpg,test\Other\Other test (398).jpg,636.55,60.03,56.39,1.93,good,Image quality is good. Proceed with assessment.,0
test,Other,Other test (399).jpg,test\Other\Other test (399).jpg,635.77,60.15,56.39,1.94,good,Image quality is good. Proceed with assessment.,0
test,Other,Other test (4).jpg,test\Other\Other test (4).jpg,460.71,42.32,50.73,1.48,good,Image quality is good. Proceed with assessment.,0
test,Other,Other test (40).jpg,test\Other\Other test (40).jpg,611.36,50.35,50.68,1.93,good,Image quality is good. Proceed with assessment.,0
test,Other,Other test (400).jpg,test\Other\Other test (400).jpg,636.38,59.89,56.2,1.93,good,Image quality is good. Proceed with assessment.,0
test,Other,Other test (401).jpg,test\Other\Other test (401).jpg,636.48,59.74,56.34,1.93,good,Image quality is good. Proceed with assessment.,0
test,Other,Other test (402).jpg,test\Other\Other test (402).jpg,628.19,39.74,46.68,1.81,good,Image quality is good. Proceed with assessment.,0
test,Other,Other test (403).jpg,test\Other\Other test (403).jpg,633.05,41.0,47.07,1.83,good,Image quality is good. Proceed with assessment.,0
test,Other,Other test (404).jpg,test\Other\Other test (404).jpg,632.91,41.55,47.26,1.83,good,Image quality is good. Proceed with assessment.,0
test,Other,Other test (405).jpg,test\Other\Other test (405).jpg,637.13,42.31,47.87,1.84,good,Image quality is good. Proceed with assessment.,0
test,Other,Other test (406).jpg,test\Other\Other test (406).jpg,641.22,42.63,47.76,1.85,good,Image quality is good. Proceed with assessment.,0
test,Other,Other test (407).jpg,test\Other\Other test (407).jpg,641.37,42.57,47.73,1.86,good,Image quality is good. Proceed with assessment.,0
test,Other,Other test (408).jpg,test\Other\Other test (408).jpg,636.31,42.68,47.77,1.85,good,Image quality is good. Proceed with assessment.,0
test,Other,Other test (409).jpg,test\Other\Other test (409).jpg,388.71,37.42,41.39,1.4,good,Image quality is good. Proceed with assessment.,0
test,Other,Other test (41).jpg,test\Other\Other test (41).jpg,611.93,50.53,50.93,1.93,good,Image quality is good. Proceed with assessment.,0
test,Other,Other test (410).jpg,test\Other\Other test (410).jpg,393.22,35.21,40.22,1.39,good,Image quality is good. Proceed with assessment.,0
test,Other,Other test (411).jpg,test\Other\Other test (411).jpg,408.64,34.22,40.37,1.44,good,Image quality is good. Proceed with assessment.,0
test,Other,Other test (412).jpg,test\Other\Other test (412).jpg,409.7,34.19,40.19,1.43,good,Image quality is good. Proceed with assessment.,0
test,Other,Other test (413).jpg,test\Other\Other test (413).jpg,407.77,33.91,39.85,1.4,good,Image quality is good. Proceed with assessment.,0
test,Other,Other test (414).jpg,test\Other\Other test (414).jpg,401.64,33.16,40.31,1.39,good,Image quality is good. Proceed with assessment.,0
test,Other,Other test (415).jpg,test\Other\Other test (415).jpg,394.32,33.89,39.61,1.4,good,Image quality is good. Proceed with assessment.,0
test,Other,Other test (416).jpg,test\Other\Other test (416).jpg,392.45,34.43,39.51,1.4,good,Image quality is good. Proceed with assessment.,0
test,Other,Other test (417).jpg,test\Other\Other test (417).jpg,391.71,34.82,39.76,1.4,good,Image quality is good. Proceed with assessment.,0
test,Other,Other test (418).jpg,test\Other\Other test (418).jpg,389.57,36.99,41.74,1.44,good,Image quality is good. Proceed with assessment.,0
test,Other,Other test (419).jpg,test\Other\Other test (419).jpg,389.02,37.22,41.99,1.44,good,Image quality is good. Proceed with assessment.,0
test,Other,Other test (42).jpg,test\Other\Other test (42).jpg,516.34,59.78,65.79,1.81,good,Image quality is good. Proceed with assessment.,0
test,Other,Other test (420).jpg,test\Other\Other test (420).jpg,390.09,38.26,43.56,1.44,good,Image quality is good. Proceed with assessment.,0
test,Other,Other test (421).jpg,test\Other\Other test (421).jpg,390.34,39.14,44.41,1.43,good,Image quality is good. Proceed with assessment.,0
test,Other,Other test (422).jpg,test\Other\Other test (422).jpg,389.21,39.58,44.79,1.42,good,Image quality is good. Proceed with assessment.,0
test,Other,Other test (423).jpg,test\Other\Other test (423).jpg,389.64,40.04,45.39,1.43,good,Image quality is good. Proceed with assessment.,0
test,Other,Other test (424).jpg,test\Other\Other test (424).jpg,389.78,40.05,45.51,1.44,good,Image quality is good. Proceed with assessment.,0
test,Other,Other test (425).jpg,test\Other\Other test (425).jpg,390.5,40.21,45.79,1.44,good,Image quality is good. Proceed with assessment.,0
test,Other,Other test (426).jpg,test\Other\Other test (426).jpg,391.57,40.39,46.12,1.45,good,Image quality is good. Proceed with assessment.,0
test,Other,Other test (427).jpg,test\Other\Other test (427).jpg,397.56,40.56,46.2,1.49,good,Image quality is good. Proceed with assessment.,0
test,Other,Other test (428).jpg,test\Other\Other test (428).jpg,399.77,40.75,46.66,1.5,good,Image quality is good. Proceed with assessment.,0
test,Other,Other test (429).jpg,test\Other\Other test (429).jpg,401.11,40.61,46.56,1.5,good,Image quality is good. Proceed with assessment.,0
test,Other,Other test (43).jpg,test\Other\Other test (43).jpg,515.86,59.79,65.76,1.8,good,Image quality is good. Proceed with assessment.,0
test,Other,Other test (430).jpg,test\Other\Other test (430).jpg,401.58,40.55,46.58,1.5,good,Image quality is good. Proceed with assessment.,0
test,Other,Other test (431).jpg,test\Other\Other test (431).jpg,401.9,40.58,46.62,1.5,good,Image quality is good. Proceed with assessment.,0
test,Other,Other test (432).jpg,test\Other\Other test (432).jpg,408.45,40.46,46.87,1.51,good,Image quality is good. Proceed with assessment.,0
test,Other,Other test (433).jpg,test\Other\Other test (433).jpg,422.18,29.51,43.88,1.42,good,Image quality is good. Proceed with assessment.,0
test,Other,Other test (434).jpg,test\Other\Other test (434).jpg,442.4,28.59,46.44,1.42,good,Image quality is good. Proceed with assessment.,0
test,Other,Other test (435).jpg,test\Other\Other test (435).jpg,442.63,28.44,46.44,1.41,good,Image quality is good. Proceed with assessment.,0
test,Other,Other test (436).jpg,test\Other\Other test (436).jpg,439.8,27.6,45.19,1.37,good,Image quality is good. Proceed with assessment.,0
test,Other,Other test (437).jpg,test\Other\Other test (437).jpg,438.82,27.06,44.6,1.36,good,Image quality is good. Proceed with assessment.,0
test,Other,Other test (438).jpg,test\Other\Other test (438).jpg,404.16,37.11,44.38,1.29,good,Image quality is good. Proceed with assessment.,0
test,Other,Other test (439).jpg,test\Other\Other test (439).jpg,418.11,37.91,45.4,1.32,good,Image quality is good. Proceed with assessment.,0
test,Other,Other test (44).jpg,test\Other\Other test (44).jpg,514.43,59.78,65.8,1.8,good,Image quality is good. Proceed with assessment.,0
test,Other,Other test (440).jpg,test\Other\Other test (440).jpg,512.44,55.91,47.58,1.86,good,Image quality is good. Proceed with assessment.,0
test,Other,Other test (441).jpg,test\Other\Other test (441).jpg,541.01,56.56,47.22,1.89,good,Image quality is good. Proceed with assessment.,0
test,Other,Other test (442).jpg,test\Other\Other test (442).jpg,542.09,56.58,47.25,1.9,good,Image quality is good. Proceed with assessment.,0
test,Other,Other test (443).jpg,test\Other\Other test (443).jpg,546.11,57.17,47.23,1.9,good,Image quality is good. Proceed with assessment.,0
test,Other,Other test (444).jpg,test\Other\Other test (444).jpg,540.81,57.64,47.86,1.92,good,Image quality is good. Proceed with assessment.,0
test,Other,Other test (445).jpg,test\Other\Other test (445).jpg,540.38,57.45,47.8,1.92,good,Image quality is good. Proceed with assessment.,0
test,Other,Other test (446).jpg,test\Other\Other test (446).jpg,528.52,58.19,48.11,1.9,good,Image quality is good. Proceed with assessment.,0
test,Other,Other test (447).jpg,test\Other\Other test (447).jpg,527.89,58.18,48.13,1.9,good,Image quality is good. Proceed with assessment.,0
test,Other,Other test (448).jpg,test\Other\Other test (448).jpg,528.59,58.0,48.08,1.91,good,Image quality is good. Proceed with assessment.,0
test,Other,Other test (449).jpg,test\Other\Other test (449).jpg,528.82,58.26,48.14,1.91,good,Image quality is good. Proceed with assessment.,0
test,Other,Other test (45).jpg,test\Other\Other test (45).jpg,508.77,59.95,65.71,1.8,good,Image quality is good. Proceed with assessment.,0
test,Other,Other test (450).jpg,test\Other\Other test (450).jpg,531.36,58.45,48.29,1.92,good,Image quality is good. Proceed with assessment.,0
test,Other,Other test (451).jpg,test\Other\Other test (451).jpg,531.79,58.41,48.29,1.93,good,Image quality is good. Proceed with assessment.,0
test,Other,Other test (452).jpg,test\Other\Other test (452).jpg,534.95,58.27,48.01,1.93,good,Image quality is good. Proceed with assessment.,0
test,Other,Other test (453).jpg,test\Other\Other test (453).jpg,534.64,58.24,48.01,1.93,good,Image quality is good. Proceed with assessment.,0
test,Other,Other test (454).jpg,test\Other\Other test (454).jpg,535.17,58.34,48.1,1.92,good,Image quality is good. Proceed with assessment.,0
test,Other,Other test (455).jpg,test\Other\Other test (455).jpg,534.19,58.25,47.73,1.9,good,Image quality is good. Proceed with assessment.,0
test,Other,Other test (456).jpg,test\Other\Other test (456).jpg,531.69,58.52,47.88,1.89,good,Image quality is good. Proceed with assessment.,0
test,Other,Other test (457).jpg,test\Other\Other test (457).jpg,533.19,59.35,48.45,1.92,good,Image quality is good. Proceed with assessment.,0
test,Other,Other test (458).jpg,test\Other\Other test (458).jpg,533.18,59.08,48.17,1.94,good,Image quality is good. Proceed with assessment.,0
test,Other,Other test (459).jpg,test\Other\Other test (459).jpg,534.84,59.33,48.3,1.93,good,Image quality is good. Proceed with assessment.,0
test,Other,Other test (46).jpg,test\Other\Other test (46).jpg,508.19,60.0,65.77,1.8,good,Image quality is good. Proceed with assessment.,0
test,Other,Other test (460).jpg,test\Other\Other test (460).jpg,528.55,59.54,48.4,1.92,good,Image quality is good. Proceed with assessment.,0
test,Other,Other test (461).jpg,test\Other\Other test (461).jpg,529.44,59.3,48.33,1.93,good,Image quality is good. Proceed with assessment.,0
test,Other,Other test (462).jpg,test\Other\Other test (462).jpg,529.71,59.24,48.24,1.94,good,Image quality is good. Proceed with assessment.,0
test,Other,Other test (463).jpg,test\Other\Other test (463).jpg,456.82,40.76,45.87,1.63,good,Image quality is good. Proceed with assessment.,0
test,Other,Other test (464).jpg,test\Other\Other test (464).jpg,452.83,40.6,45.55,1.58,good,Image quality is good. Proceed with assessment.,0
test,Other,Other test (465).jpg,test\Other\Other test (465).jpg,468.56,40.76,45.61,1.62,good,Image quality is good. Proceed with assessment.,0
test,Other,Other test (466).jpg,test\Other\Other test (466).jpg,471.88,40.89,45.66,1.62,good,Image quality is good. Proceed with assessment.,0
test,Other,Other test (467).jpg,test\Other\Other test (467).jpg,470.95,40.95,45.71,1.63,good,Image quality is good. Proceed with assessment.,0
test,Other,Other test (468).jpg,test\Other\Other test (468).jpg,471.25,41.09,45.82,1.63,good,Image quality is good. Proceed with assessment.,0
test,Other,Other test (469).jpg,test\Other\Other test (469).jpg,470.55,40.98,45.8,1.62,good,Image quality is good. Proceed with assessment.,0
test,Other,Other test (47).jpg,test\Other\Other test (47).jpg,632.45,62.99,59.44,1.95,good,Image quality is good. Proceed with assessment.,0
test,Other,Other test (470).jpg,test\Other\Other test (470).jpg,472.31,41.75,46.15,1.67,good,Image quality is good. Proceed with assessment.,0
test,Other,Other test (471).jpg,test\Other\Other test (471).jpg,473.62,41.56,46.28,1.66,good,Image quality is good. Proceed with assessment.,0
test,Other,Other test (472).jpg,test\Other\Other test (472).jpg,479.58,42.37,47.42,1.65,good,Image quality is good. Proceed with assessment.,0
test,Other,Other test (473).jpg,test\Other\Other test (473).jpg,486.59,43.15,48.8,1.7,good,Image quality is good. Proceed with assessment.,0
test,Other,Other test (474).jpg,test\Other\Other test (474).jpg,487.3,42.97,48.9,1.7,good,Image quality is good. Proceed with assessment.,0
test,Other,Other test (475).jpg,test\Other\Other test (475).jpg,454.04,55.91,51.4,1.54,good,Image quality is good. Proceed with assessment.,0
test,Other,Other test (476).jpg,test\Other\Other test (476).jpg,451.68,55.53,50.2,1.55,good,Image quality is good. Proceed with assessment.,0
test,Other,Other test (477).jpg,test\Other\Other test (477).jpg,450.82,55.51,49.92,1.55,good,Image quality is good. Proceed with assessment.,0
test,Other,Other test (478).jpg,test\Other\Other test (478).jpg,451.03,55.58,49.4,1.56,good,Image quality is good. Proceed with assessment.,0
test,Other,Other test (479).jpg,test\Other\Other test (479).jpg,442.88,55.76,45.5,1.47,good,Image quality is good. Proceed with assessment.,0
test,Other,Other test (48).jpg,test\Other\Other test (48).jpg,632.78,62.96,59.48,1.95,good,Image quality is good. Proceed with assessment.,0
test,Other,Other test (480).jpg,test\Other\Other test (480).jpg,437.89,51.4,43.0,1.46,good,Image quality is good. Proceed with assessment.,0
test,Other,Other test (481).jpg,test\Other\Other test (481).jpg,474.16,33.43,51.15,1.45,good,Image quality is good. Proceed with assessment.,0
test,Other,Other test (482).jpg,test\Other\Other test (482).jpg,474.5,33.37,51.1,1.46,good,Image quality is good. Proceed with assessment.,0
test,Other,Other test (483).jpg,test\Other\Other test (483).jpg,476.93,33.46,51.17,1.47,good,Image quality is good. Proceed with assessment.,0
test,Other,Other test (484).jpg,test\Other\Other test (484).jpg,484.17,32.68,50.31,1.44,good,Image quality is good. Proceed with assessment.,0
test,Other,Other test (485).jpg,test\Other\Other test (485).jpg,484.15,31.79,49.62,1.44,good,Image quality is good. Proceed with assessment.,0
test,Other,Other test (486).jpg,test\Other\Other test (486).jpg,484.09,31.39,49.0,1.43,good,Image quality is good. Proceed with assessment.,0
test,Other,Other test (487).jpg,test\Other\Other test (487).jpg,476.81,31.08,48.99,1.45,good,Image quality is good. Proceed with assessment.,0
test,Other,Other test (488).jpg,test\Other\Other test (488).jpg,480.32,31.08,49.01,1.46,good,Image quality is good. Proceed with assessment.,0
test,Other,Other test (489).jpg,test\Other\Other test (489).jpg,480.89,31.04,49.07,1.46,good,Image quality is good. Proceed with assessment.,0
test,Other,Other test (49).jpg,test\Other\Other test (49).jpg,633.78,62.95,59.54,1.96,good,Image quality is good. Proceed with assessment.,0
test,Other,Other test (490).jpg,test\Other\Other test (490).jpg,479.27,31.12,49.15,1.45,good,Image quality is good. Proceed with assessment.,0
test,Other,Other test (491).jpg,test\Other\Other test (491).jpg,474.68,31.41,49.57,1.44,good,Image quality is good. Proceed with assessment.,0
test,Other,Other test (492).jpg,test\Other\Other test (492).jpg,470.4,29.99,48.74,1.44,good,Image quality is good. Proceed with assessment.,0
test,Other,Other test (493).jpg,test\Other\Other test (493).jpg,466.86,29.43,47.98,1.43,good,Image quality is good. Proceed with assessment.,0
test,Other,Other test (494).jpg,test\Other\Other test (494).jpg,470.3,29.46,48.04,1.43,good,Image quality is good. Proceed with assessment.,0
test,Other,Other test (495).jpg,test\Other\Other test (495).jpg,468.57,28.81,47.62,1.42,good,Image quality is good. Proceed with assessment.,0
test,Other,Other test (496).jpg,test\Other\Other test (496).jpg,468.86,28.69,47.62,1.43,good,Image quality is good. Proceed with assessment.,0
test,Other,Other test (497).jpg,test\Other\Other test (497).jpg,446.02,56.27,55.77,1.46,good,Image quality is good. Proceed with assessment.,0
test,Other,Other test (498).jpg,test\Other\Other test (498).jpg,656.46,50.45,52.78,1.94,good,Image quality is good. Proceed with assessment.,0
test,Other,Other test (499).jpg,test\Other\Other test (499).jpg,662.33,50.19,52.87,1.95,good,Image quality is good. Proceed with assessment.,0
test,Other,Other test (5).jpg,test\Other\Other test (5).jpg,458.99,41.77,50.03,1.46,good,Image quality is good. Proceed with assessment.,0
test,Other,Other test (50).jpg,test\Other\Other test (50).jpg,635.15,62.99,59.66,1.96,good,Image quality is good. Proceed with assessment.,0
test,Other,Other test (500).jpg,test\Other\Other test (500).jpg,659.11,50.43,52.82,1.93,good,Image quality is good. Proceed with assessment.,0
test,Other,Other test (501).jpg,test\Other\Other test (501).jpg,650.73,51.08,53.64,1.92,good,Image quality is good. Proceed with assessment.,0
test,Other,Other test (502).jpg,test\Other\Other test (502).jpg,655.93,50.03,53.14,1.92,good,Image quality is good. Proceed with assessment.,0
test,Other,Other test (503).jpg,test\Other\Other test (503).jpg,657.47,51.11,53.97,1.93,good,Image quality is good. Proceed with assessment.,0
test,Other,Other test (504).jpg,test\Other\Other test (504).jpg,653.03,51.92,54.59,1.91,good,Image quality is good. Proceed with assessment.,0
test,Other,Other test (505).jpg,test\Other\Other test (505).jpg,619.59,51.41,52.97,1.89,good,Image quality is good. Proceed with assessment.,0
test,Other,Other test (506).jpg,test\Other\Other test (506).jpg,619.9,51.65,52.96,1.9,good,Image quality is good. Proceed with assessment.,0
test,Other,Other test (507).jpg,test\Other\Other test (507).jpg,616.5,51.19,52.4,1.89,good,Image quality is good. Proceed with assessment.,0
test,Other,Other test (508).jpg,test\Other\Other test (508).jpg,612.28,50.61,52.05,1.88,good,Image quality is good. Proceed with assessment.,0
test,Other,Other test (509).jpg,test\Other\Other test (509).jpg,610.53,50.54,52.14,1.88,good,Image quality is good. Proceed with assessment.,0
test,Other,Other test (51).jpg,test\Other\Other test (51).jpg,643.84,51.8,52.72,1.94,good,Image quality is good. Proceed with assessment.,0
test,Other,Other test (510).jpg,test\Other\Other test (510).jpg,599.92,56.52,53.53,1.79,good,Image quality is good. Proceed with assessment.,0
test,Other,Other test (511).jpg,test\Other\Other test (511).jpg,599.35,56.44,53.48,1.79,good,Image quality is good. Proceed with assessment.,0
test,Other,Other test (512).jpg,test\Other\Other test (512).jpg,494.8,43.74,55.22,1.55,good,Image quality is good. Proceed with assessment.,0
test,Other,Other test (513).jpg,test\Other\Other test (513).jpg,501.85,43.4,54.97,1.54,good,Image quality is good. Proceed with assessment.,0
test,Other,Other test (514).jpg,test\Other\Other test (514).jpg,539.67,42.07,44.0,1.72,good,Image quality is good. Proceed with assessment.,0
test,Other,Other test (515).jpg,test\Other\Other test (515).jpg,564.35,42.9,44.79,1.74,good,Image quality is good. Proceed with assessment.,0
test,Other,Other test (516).jpg,test\Other\Other test (516).jpg,563.29,42.82,44.89,1.73,good,Image quality is good. Proceed with assessment.,0
test,Other,Other test (517).jpg,test\Other\Other test (517).jpg,565.42,42.91,44.97,1.74,good,Image quality is good. Proceed with assessment.,0
test,Other,Other test (518).jpg,test\Other\Other test (518).jpg,565.21,42.99,45.06,1.74,good,Image quality is good. Proceed with assessment.,0
test,Other,Other test (519).jpg,test\Other\Other test (519).jpg,565.47,43.22,45.16,1.74,good,Image quality is good. Proceed with assessment.,0
test,Other,Other test (52).jpg,test\Other\Other test (52).jpg,643.18,51.52,52.52,1.93,good,Image quality is good. Proceed with assessment.,0
test,Other,Other test (520).jpg,test\Other\Other test (520).jpg,562.33,43.32,44.07,1.68,good,Image quality is good. Proceed with assessment.,0
test,Other,Other test (521).jpg,test\Other\Other test (521).jpg,572.2,42.64,43.77,1.69,good,Image quality is good. Proceed with assessment.,0
test,Other,Other test (522).jpg,test\Other\Other test (522).jpg,573.3,42.77,43.36,1.7,good,Image quality is good. Proceed with assessment.,0
test,Other,Other test (523).jpg,test\Other\Other test (523).jpg,577.7,42.8,43.41,1.72,good,Image quality is good. Proceed with assessment.,0
test,Other,Other test (524).jpg,test\Other\Other test (524).jpg,572.77,43.48,45.24,1.71,good,Image quality is good. Proceed with assessment.,0
test,Other,Other test (525).jpg,test\Other\Other test (525).jpg,574.37,43.71,45.43,1.71,good,Image quality is good. Proceed with assessment.,0
test,Other,Other test (526).jpg,test\Other\Other test (526).jpg,572.24,42.47,44.37,1.73,good,Image quality is good. Proceed with assessment.,0
test,Other,Other test (527).jpg,test\Other\Other test (527).jpg,571.78,42.73,44.61,1.73,good,Image quality is good. Proceed with assessment.,0
test,Other,Other test (528).jpg,test\Other\Other test (528).jpg,569.91,42.41,44.47,1.75,good,Image quality is good. Proceed with assessment.,0
test,Other,Other test (529).jpg,test\Other\Other test (529).jpg,570.52,41.86,44.34,1.76,good,Image quality is good. Proceed with assessment.,0
test,Other,Other test (53).jpg,test\Other\Other test (53).jpg,640.46,50.9,52.04,1.91,good,Image quality is good. Proceed with assessment.,0
test,Other,Other test (530).jpg,test\Other\Other test (530).jpg,569.89,41.69,44.25,1.76,good,Image quality is good. Proceed with assessment.,0
test,Other,Other test (531).jpg,test\Other\Other test (531).jpg,568.87,41.41,44.19,1.76,good,Image quality is good. Proceed with assessment.,0
test,Other,Other test (532).jpg,test\Other\Other test (532).jpg,568.16,41.12,44.05,1.76,good,Image quality is good. Proceed with assessment.,0
test,Other,Other test (533).jpg,test\Other\Other test (533).jpg,567.87,40.67,43.76,1.75,good,Image quality is good. Proceed with assessment.,0
test,Other,Other test (534).jpg,test\Other\Other test (534).jpg,565.78,40.21,43.68,1.74,good,Image quality is good. Proceed with assessment.,0
test,Other,Other test (535).jpg,test\Other\Other test (535).jpg,473.98,38.26,51.83,1.47,good,Image quality is good. Proceed with assessment.,0
test,Other,Other test (536).jpg,test\Other\Other test (536).jpg,475.05,38.09,51.86,1.47,good,Image quality is good. Proceed with assessment.,0
test,Other,Other test (537).jpg,test\Other\Other test (537).jpg,475.46,37.54,50.65,1.43,good,Image quality is good. Proceed with assessment.,0
test,Other,Other test (538).jpg,test\Other\Other test (538).jpg,475.78,37.02,49.18,1.41,good,Image quality is good. Proceed with assessment.,0
test,Other,Other test (539).jpg,test\Other\Other test (539).jpg,488.87,35.16,48.28,1.48,good,Image quality is good. Proceed with assessment.,0
test,Other,Other test (54).jpg,test\Other\Other test (54).jpg,640.01,50.41,51.22,1.89,good,Image quality is good. Proceed with assessment.,0
test,Other,Other test (540).jpg,test\Other\Other test (540).jpg,490.59,34.8,48.16,1.47,good,Image quality is good. Proceed with assessment.,0
test,Other,Other test (541).jpg,test\Other\Other test (541).jpg,496.7,34.37,48.3,1.47,good,Image quality is good. Proceed with assessment.,0
test,Other,Other test (542).jpg,test\Other\Other test (542).jpg,486.21,35.17,48.57,1.43,good,Image quality is good. Proceed with assessment.,0
test,Other,Other test (543).jpg,test\Other\Other test (543).jpg,494.53,36.86,50.62,1.55,good,Image quality is good. Proceed with assessment.,0
test,Other,Other test (544).jpg,test\Other\Other test (544).jpg,495.01,36.69,50.26,1.54,good,Image quality is good. Proceed with assessment.,0
test,Other,Other test (545).jpg,test\Other\Other test (545).jpg,485.29,37.2,50.38,1.5,good,Image quality is good. Proceed with assessment.,0
test,Other,Other test (546).jpg,test\Other\Other test (546).jpg,483.44,37.82,51.04,1.51,good,Image quality is good. Proceed with assessment.,0
test,Other,Other test (547).jpg,test\Other\Other test (547).jpg,610.91,52.65,53.74,1.76,good,Image quality is good. Proceed with assessment.,0
test,Other,Other test (548).jpg,test\Other\Other test (548).jpg,632.65,52.42,53.75,1.79,good,Image quality is good. Proceed with assessment.,0
test,Other,Other test (549).jpg,test\Other\Other test (549).jpg,645.56,54.02,55.13,1.81,good,Image quality is good. Proceed with assessment.,0
test,Other,Other test (55).jpg,test\Other\Other test (55).jpg,625.76,50.85,49.48,1.82,good,Image quality is good. Proceed with assessment.,0
test,Other,Other test (550).jpg,test\Other\Other test (550).jpg,653.52,54.77,55.72,1.82,good,Image quality is good. Proceed with assessment.,0
test,Other,Other test (551).jpg,test\Other\Other test (551).jpg,647.89,57.14,57.21,1.8,good,Image quality is good. Proceed with assessment.,0
test,Other,Other test (552).jpg,test\Other\Other test (552).jpg,645.98,57.75,57.36,1.8,good,Image quality is good. Proceed with assessment.,0
test,Other,Other test (553).jpg,test\Other\Other test (553).jpg,640.04,58.4,57.38,1.79,good,Image quality is good. Proceed with assessment.,0
test,Other,Other test (554).jpg,test\Other\Other test (554).jpg,629.1,59.68,57.71,1.77,good,Image quality is good. Proceed with assessment.,0
test,Other,Other test (555).jpg,test\Other\Other test (555).jpg,601.61,62.1,58.12,1.72,good,Image quality is good. Proceed with assessment.,0
test,Other,Other test (556).jpg,test\Other\Other test (556).jpg,600.87,62.13,58.72,1.74,good,Image quality is good. Proceed with assessment.,0
test,Other,Other test (557).jpg,test\Other\Other test (557).jpg,601.23,62.28,58.98,1.75,good,Image quality is good. Proceed with assessment.,0
test,Other,Other test (558).jpg,test\Other\Other test (558).jpg,602.8,62.68,59.65,1.75,good,Image quality is good. Proceed with assessment.,0
test,Other,Other test (559).jpg,test\Other\Other test (559).jpg,475.33,79.51,47.79,1.91,good,Image quality is good. Proceed with assessment.,0
test,Other,Other test (56).jpg,test\Other\Other test (56).jpg,624.87,50.6,49.41,1.82,good,Image quality is good. Proceed with assessment.,0
test,Other,Other test (560).jpg,test\Other\Other test (560).jpg,471.98,79.12,48.33,1.93,good,Image quality is good. Proceed with assessment.,0
test,Other,Other test (561).jpg,test\Other\Other test (561).jpg,461.12,80.85,50.02,1.93,good,Image quality is good. Proceed with assessment.,0
test,Other,Other test (562).jpg,test\Other\Other test (562).jpg,460.43,79.7,50.04,1.92,good,Image quality is good. Proceed with assessment.,0
test,Other,Other test (563).jpg,test\Other\Other test (563).jpg,460.37,78.72,50.22,1.94,good,Image quality is good. Proceed with assessment.,0
test,Other,Other test (564).jpg,test\Other\Other test (564).jpg,460.55,77.92,50.17,1.98,good,Image quality is good. Proceed with assessment.,0
test,Other,Other test (565).jpg,test\Other\Other test (565).jpg,460.4,76.95,49.78,2.01,good,Image quality is good. Proceed with assessment.,0
test,Other,Other test (566).jpg,test\Other\Other test (566).jpg,464.14,76.62,49.93,2.01,good,Image quality is good. Proceed with assessment.,0
test,Other,Other test (567).jpg,test\Other\Other test (567).jpg,467.63,76.53,50.07,2.06,good,Image quality is good. Proceed with assessment.,0
test,Other,Other test (568).jpg,test\Other\Other test (568).jpg,458.79,77.19,50.2,1.98,good,Image quality is good. Proceed with assessment.,0
test,Other,Other test (569).jpg,test\Other\Other test (569).jpg,447.04,78.96,50.66,1.95,good,Image quality is good. Proceed with assessment.,0
test,Other,Other test (57).jpg,test\Other\Other test (57).jpg,624.39,50.26,49.35,1.82,good,Image quality is good. Proceed with assessment.,0
test,Other,Other test (570).jpg,test\Other\Other test (570).jpg,452.04,79.03,51.13,1.94,good,Image quality is good. Proceed with assessment.,0
test,Other,Other test (571).jpg,test\Other\Other test (571).jpg,460.59,76.75,53.3,2.06,good,Image quality is good. Proceed with assessment.,0
test,Other,Other test (572).jpg,test\Other\Other test (572).jpg,459.3,76.56,53.26,2.06,good,Image quality is good. Proceed with assessment.,0
test,Other,Other test (573).jpg,test\Other\Other test (573).jpg,462.15,76.38,53.08,2.08,good,Image quality is good. Proceed with assessment.,0
test,Other,Other test (574).jpg,test\Other\Other test (574).jpg,461.84,76.75,52.91,2.02,good,Image quality is good. Proceed with assessment.,0
test,Other,Other test (575).jpg,test\Other\Other test (575).jpg,461.84,76.46,53.12,2.05,good,Image quality is good. Proceed with assessment.,0
test,Other,Other test (576).jpg,test\Other\Other test (576).jpg,461.53,75.97,52.95,2.06,good,Image quality is good. Proceed with assessment.,0
test,Other,Other test (577).jpg,test\Other\Other test (577).jpg,467.38,73.7,51.51,2.07,good,Image quality is good. Proceed with assessment.,0
test,Other,Other test (578).jpg,test\Other\Other test (578).jpg,471.22,73.38,51.27,2.08,good,Image quality is good. Proceed with assessment.,0
test,Other,Other test (579).jpg,test\Other\Other test (579).jpg,472.87,74.03,51.75,2.08,good,Image quality is good. Proceed with assessment.,0
test,Other,Other test (58).jpg,test\Other\Other test (58).jpg,623.07,49.91,49.33,1.81,good,Image quality is good. Proceed with assessment.,0
test,Other,Other test (580).jpg,test\Other\Other test (580).jpg,473.73,74.31,52.45,2.08,good,Image quality is good. Proceed with assessment.,0
test,Other,Other test (581).jpg,test\Other\Other test (581).jpg,476.73,72.35,51.52,2.07,good,Image quality is good. Proceed with assessment.,0
test,Other,Other test (582).jpg,test\Other\Other test (582).jpg,476.7,73.32,53.53,2.05,good,Image quality is good. Proceed with assessment.,0
test,Other,Other test (583).jpg,test\Other\Other test (583).jpg,469.17,68.99,51.59,1.96,good,Image quality is good. Proceed with assessment.,0
test,Other,Other test (584).jpg,test\Other\Other test (584).jpg,469.25,68.85,51.64,1.97,good,Image quality is good. Proceed with assessment.,0
test,Other,Other test (585).jpg,test\Other\Other test (585).jpg,469.98,68.47,51.79,1.98,good,Image quality is good. Proceed with assessment.,0
test,Other,Other test (586).jpg,test\Other\Other test (586).jpg,469.0,68.0,51.87,1.99,good,Image quality is good. Proceed with assessment.,0
test,Other,Other test (587).jpg,test\Other\Other test (587).jpg,472.18,67.04,52.17,2.02,good,Image quality is good. Proceed with assessment.,0
test,Other,Other test (588).jpg,test\Other\Other test (588).jpg,471.02,66.51,52.43,1.99,good,Image quality is good. Proceed with assessment.,0
test,Other,Other test (589).jpg,test\Other\Other test (589).jpg,471.92,66.57,52.13,2.0,good,Image quality is good. Proceed with assessment.,0
test,Other,Other test (59).jpg,test\Other\Other test (59).jpg,614.22,51.1,50.41,1.82,good,Image quality is good. Proceed with assessment.,0
test,Other,Other test (590).jpg,test\Other\Other test (590).jpg,472.14,66.77,51.55,1.99,good,Image quality is good. Proceed with assessment.,0
test,Other,Other test (591).jpg,test\Other\Other test (591).jpg,462.19,77.11,50.26,2.04,good,Image quality is good. Proceed with assessment.,0
test,Other,Other test (592).jpg,test\Other\Other test (592).jpg,461.17,77.21,50.29,2.05,good,Image quality is good. Proceed with assessment.,0
test,Other,Other test (593).jpg,test\Other\Other test (593).jpg,484.34,74.22,51.29,2.09,good,Image quality is good. Proceed with assessment.,0
test,Other,Other test (594).jpg,test\Other\Other test (594).jpg,484.28,72.64,50.56,2.09,good,Image quality is good. Proceed with assessment.,0
test,Other,Other test (595).jpg,test\Other\Other test (595).jpg,469.38,73.71,50.36,2.08,good,Image quality is good. Proceed with assessment.,0
test,Other,Other test (596).jpg,test\Other\Other test (596).jpg,471.25,75.9,52.05,2.09,good,Image quality is good. Proceed with assessment.,0
test,Other,Other test (597).jpg,test\Other\Other test (597).jpg,471.54,75.92,51.84,2.08,good,Image quality is good. Proceed with assessment.,0
test,Other,Other test (598).jpg,test\Other\Other test (598).jpg,458.24,77.03,49.64,2.06,good,Image quality is good. Proceed with assessment.,0
test,Other,Other test (599).jpg,test\Other\Other test (599).jpg,453.87,78.92,51.66,2.03,good,Image quality is good. Proceed with assessment.,0
test,Other,Other test (6).jpg,test\Other\Other test (6).jpg,456.55,40.98,49.41,1.46,good,Image quality is good. Proceed with assessment.,0
test,Other,Other test (60).jpg,test\Other\Other test (60).jpg,644.8,48.73,53.34,1.88,good,Image quality is good. Proceed with assessment.,0
test,Other,Other test (600).jpg,test\Other\Other test (600).jpg,464.01,76.43,50.33,2.08,good,Image quality is good. Proceed with assessment.,0
test,Other,Other test (601).jpg,test\Other\Other test (601).jpg,478.84,74.6,50.6,2.07,good,Image quality is good. Proceed with assessment.,0
test,Other,Other test (602).jpg,test\Other\Other test (602).jpg,479.31,75.03,51.4,2.08,good,Image quality is good. Proceed with assessment.,0
test,Other,Other test (603).jpg,test\Other\Other test (603).jpg,482.76,73.51,51.0,2.1,good,Image quality is good. Proceed with assessment.,0
test,Other,Other test (604).jpg,test\Other\Other test (604).jpg,483.96,72.38,50.36,2.11,good,Image quality is good. Proceed with assessment.,0
test,Other,Other test (605).jpg,test\Other\Other test (605).jpg,486.27,71.76,50.17,2.12,good,Image quality is good. Proceed with assessment.,0
test,Other,Other test (606).jpg,test\Other\Other test (606).jpg,483.59,74.07,52.58,2.06,good,Image quality is good. Proceed with assessment.,0
test,Other,Other test (607).jpg,test\Other\Other test (607).jpg,470.62,74.27,51.15,2.08,good,Image quality is good. Proceed with assessment.,0
test,Other,Other test (608).jpg,test\Other\Other test (608).jpg,469.46,75.0,50.04,2.09,good,Image quality is good. Proceed with assessment.,0
test,Other,Other test (609).jpg,test\Other\Other test (609).jpg,466.8,76.59,50.28,2.08,good,Image quality is good. Proceed with assessment.,0
test,Other,Other test (61).jpg,test\Other\Other test (61).jpg,645.93,48.61,54.11,1.89,good,Image quality is good. Proceed with assessment.,0
test,Other,Other test (610).jpg,test\Other\Other test (610).jpg,466.82,77.08,50.8,2.1,good,Image quality is good. Proceed with assessment.,0
test,Other,Other test (611).jpg,test\Other\Other test (611).jpg,465.72,76.98,50.23,2.1,good,Image quality is good. Proceed with assessment.,0
test,Other,Other test (612).jpg,test\Other\Other test (612).jpg,464.41,77.61,50.56,2.1,good,Image quality is good. Proceed with assessment.,0
test,Other,Other test (613).jpg,test\Other\Other test (613).jpg,464.22,78.12,51.21,2.11,good,Image quality is good. Proceed with assessment.,0
test,Other,Other test (614).jpg,test\Other\Other test (614).jpg,464.97,78.69,51.88,2.12,good,Image quality is good. Proceed with assessment.,0
test,Other,Other test (615).jpg,test\Other\Other test (615).jpg,465.39,78.46,51.57,2.14,good,Image quality is good. Proceed with assessment.,0
test,Other,Other test (616).jpg,test\Other\Other test (616).jpg,460.93,78.67,50.55,2.13,good,Image quality is good. Proceed with assessment.,0
test,Other,Other test (617).jpg,test\Other\Other test (617).jpg,460.31,79.83,50.76,2.12,good,Image quality is good. Proceed with assessment.,0
test,Other,Other test (618).jpg,test\Other\Other test (618).jpg,458.21,75.22,51.32,1.89,good,Image quality is good. Proceed with assessment.,0
test,Other,Other test (619).jpg,test\Other\Other test (619).jpg,458.61,74.09,50.86,1.84,good,Image quality is good. Proceed with assessment.,0
test,Other,Other test (62).jpg,test\Other\Other test (62).jpg,645.68,47.9,53.81,1.89,good,Image quality is good. Proceed with assessment.,0
test,Other,Other test (620).jpg,test\Other\Other test (620).jpg,473.51,82.5,45.97,1.93,good,Image quality is good. Proceed with assessment.,0
test,Other,Other test (621).jpg,test\Other\Other test (621).jpg,480.25,77.58,47.26,1.95,good,Image quality is good. Proceed with assessment.,0
test,Other,Other test (622).jpg,test\Other\Other test (622).jpg,492.96,73.87,49.63,2.0,good,Image quality is good. Proceed with assessment.,0
test,Other,Other test (623).jpg,test\Other\Other test (623).jpg,493.67,72.55,50.7,2.01,good,Image quality is good. Proceed with assessment.,0
test,Other,Other test (624).jpg,test\Other\Other test (624).jpg,491.34,71.22,50.93,2.01,good,Image quality is good. Proceed with assessment.,0
test,Other,Other test (625).jpg,test\Other\Other test (625).jpg,491.25,70.87,50.69,2.01,good,Image quality is good. Proceed with assessment.,0
test,Other,Other test (626).jpg,test\Other\Other test (626).jpg,490.11,70.72,50.52,2.01,good,Image quality is good. Proceed with assessment.,0
test,Other,Other test (627).jpg,test\Other\Other test (627).jpg,491.43,70.67,50.38,2.01,good,Image quality is good. Proceed with assessment.,0
test,Other,Other test (628).jpg,test\Other\Other test (628).jpg,491.34,70.84,49.57,1.98,good,Image quality is good. Proceed with assessment.,0
test,Other,Other test (629).jpg,test\Other\Other test (629).jpg,491.02,71.23,49.72,2.0,good,Image quality is good. Proceed with assessment.,0
test,Other,Other test (63).jpg,test\Other\Other test (63).jpg,645.04,47.29,53.36,1.87,good,Image quality is good. Proceed with assessment.,0
test,Other,Other test (630).jpg,test\Other\Other test (630).jpg,562.57,47.21,46.27,1.98,good,Image quality is good. Proceed with assessment.,0
test,Other,Other test (631).jpg,test\Other\Other test (631).jpg,553.37,51.2,47.69,1.87,good,Image quality is good. Proceed with assessment.,0
test,Other,Other test (632).jpg,test\Other\Other test (632).jpg,553.36,51.25,48.16,1.9,good,Image quality is good. Proceed with assessment.,0
test,Other,Other test (633).jpg,test\Other\Other test (633).jpg,538.57,45.08,48.84,1.54,good,Image quality is good. Proceed with assessment.,0
test,Other,Other test (634).jpg,test\Other\Other test (634).jpg,543.5,42.39,47.79,1.53,good,Image quality is good. Proceed with assessment.,0
test,Other,Other test (635).jpg,test\Other\Other test (635).jpg,544.51,43.23,47.39,1.55,good,Image quality is good. Proceed with assessment.,0
test,Other,Other test (636).jpg,test\Other\Other test (636).jpg,550.68,44.89,49.48,1.57,good,Image quality is good. Proceed with assessment.,0
test,Other,Other test (637).jpg,test\Other\Other test (637).jpg,545.94,47.24,48.11,1.57,good,Image quality is good. Proceed with assessment.,0
test,Other,Other test (638).jpg,test\Other\Other test (638).jpg,540.82,47.61,48.33,1.58,good,Image quality is good. Proceed with assessment.,0
test,Other,Other test (639).jpg,test\Other\Other test (639).jpg,535.05,48.25,49.64,1.56,good,Image quality is good. Proceed with assessment.,0
test,Other,Other test (64).jpg,test\Other\Other test (64).jpg,516.48,44.23,41.7,1.76,good,Image quality is good. Proceed with assessment.,0
test,Other,Other test (640).jpg,test\Other\Other test (640).jpg,543.25,51.03,52.87,1.55,good,Image quality is good. Proceed with assessment.,0
test,Other,Other test (641).jpg,test\Other\Other test (641).jpg,523.81,44.48,53.59,1.46,good,Image quality is good. Proceed with assessment.,0
test,Other,Other test (642).jpg,test\Other\Other test (642).jpg,526.71,61.91,54.88,1.6,good,Image quality is good. Proceed with assessment.,0
test,Other,Other test (643).jpg,test\Other\Other test (643).jpg,516.87,63.11,53.69,1.57,good,Image quality is good. Proceed with assessment.,0
test,Other,Other test (644).jpg,test\Other\Other test (644).jpg,534.31,63.7,49.12,1.61,good,Image quality is good. Proceed with assessment.,0
test,Other,Other test (645).jpg,test\Other\Other test (645).jpg,538.17,63.76,49.72,1.62,good,Image quality is good. Proceed with assessment.,0
test,Other,Other test (646).jpg,test\Other\Other test (646).jpg,537.66,63.28,49.48,1.61,good,Image quality is good. Proceed with assessment.,0
test,Other,Other test (647).jpg,test\Other\Other test (647).jpg,524.5,60.9,49.92,1.56,good,Image quality is good. Proceed with assessment.,0
test,Other,Other test (648).jpg,test\Other\Other test (648).jpg,517.72,61.51,52.01,1.57,good,Image quality is good. Proceed with assessment.,0
test,Other,Other test (649).jpg,test\Other\Other test (649).jpg,516.02,62.15,52.74,1.56,good,Image quality is good. Proceed with assessment.,0
test,Other,Other test (65).jpg,test\Other\Other test (65).jpg,514.43,44.42,41.83,1.76,good,Image quality is good. Proceed with assessment.,0
test,Other,Other test (650).jpg,test\Other\Other test (650).jpg,516.83,63.09,54.25,1.57,good,Image quality is good. Proceed with assessment.,0
test,Other,Other test (651).jpg,test\Other\Other test (651).jpg,517.89,62.42,54.32,1.58,good,Image quality is good. Proceed with assessment.,0
test,Other,Other test (652).jpg,test\Other\Other test (652).jpg,519.85,61.82,54.97,1.58,good,Image quality is good. Proceed with assessment.,0
test,Other,Other test (653).jpg,test\Other\Other test (653).jpg,513.26,61.23,55.67,1.58,good,Image quality is good. Proceed with assessment.,0
test,Other,Other test (654).jpg,test\Other\Other test (654).jpg,517.88,61.57,56.32,1.58,good,Image quality is good. Proceed with assessment.,0
test,Other,Other test (655).jpg,test\Other\Other test (655).jpg,518.43,61.18,56.17,1.58,good,Image quality is good. Proceed with assessment.,0
test,Other,Other test (656).jpg,test\Other\Other test (656).jpg,518.92,61.33,55.87,1.57,good,Image quality is good. Proceed with assessment.,0
test,Other,Other test (657).jpg,test\Other\Other test (657).jpg,527.85,62.26,57.27,1.61,good,Image quality is good. Proceed with assessment.,0
test,Other,Other test (658).jpg,test\Other\Other test (658).jpg,528.45,62.41,57.68,1.6,good,Image quality is good. Proceed with assessment.,0
test,Other,Other test (659).jpg,test\Other\Other test (659).jpg,527.69,61.94,57.76,1.59,good,Image quality is good. Proceed with assessment.,0
test,Other,Other test (66).jpg,test\Other\Other test (66).jpg,510.48,44.31,41.58,1.75,good,Image quality is good. Proceed with assessment.,0
test,Other,Other test (660).jpg,test\Other\Other test (660).jpg,527.66,62.02,56.79,1.58,good,Image quality is good. Proceed with assessment.,0
test,Other,Other test (661).jpg,test\Other\Other test (661).jpg,525.94,61.9,55.83,1.61,good,Image quality is good. Proceed with assessment.,0
test,Other,Other test (662).jpg,test\Other\Other test (662).jpg,525.82,62.16,55.88,1.61,good,Image quality is good. Proceed with assessment.,0
test,Other,Other test (663).jpg,test\Other\Other test (663).jpg,524.86,63.75,56.25,1.6,good,Image quality is good. Proceed with assessment.,0
test,Other,Other test (664).jpg,test\Other\Other test (664).jpg,524.09,61.97,55.84,1.6,good,Image quality is good. Proceed with assessment.,0
test,Other,Other test (665).jpg,test\Other\Other test (665).jpg,523.72,61.69,55.74,1.6,good,Image quality is good. Proceed with assessment.,0
test,Other,Other test (666).jpg,test\Other\Other test (666).jpg,526.63,61.78,56.76,1.58,good,Image quality is good. Proceed with assessment.,0
test,Other,Other test (667).jpg,test\Other\Other test (667).jpg,528.8,61.64,57.06,1.58,good,Image quality is good. Proceed with assessment.,0
test,Other,Other test (668).jpg,test\Other\Other test (668).jpg,529.36,61.49,57.32,1.59,good,Image quality is good. Proceed with assessment.,0
test,Other,Other test (669).jpg,test\Other\Other test (669).jpg,529.68,61.43,57.4,1.59,good,Image quality is good. Proceed with assessment.,0
test,Other,Other test (67).jpg,test\Other\Other test (67).jpg,502.81,44.97,41.62,1.72,good,Image quality is good. Proceed with assessment.,0
test,Other,Other test (670).jpg,test\Other\Other test (670).jpg,529.96,61.46,57.35,1.59,good,Image quality is good. Proceed with assessment.,0
test,Other,Other test (671).jpg,test\Other\Other test (671).jpg,527.69,61.49,56.75,1.58,good,Image quality is good. Proceed with assessment.,0
test,Other,Other test (672).jpg,test\Other\Other test (672).jpg,521.15,61.28,54.66,1.58,good,Image quality is good. Proceed with assessment.,0
test,Other,Other test (673).jpg,test\Other\Other test (673).jpg,522.29,61.6,54.73,1.58,good,Image quality is good. Proceed with assessment.,0
test,Other,Other test (674).jpg,test\Other\Other test (674).jpg,525.47,62.79,55.14,1.61,good,Image quality is good. Proceed with assessment.,0
test,Other,Other test (675).jpg,test\Other\Other test (675).jpg,526.3,62.64,55.26,1.61,good,Image quality is good. Proceed with assessment.,0
test,Other,Other test (676).jpg,test\Other\Other test (676).jpg,526.7,62.43,55.38,1.61,good,Image quality is good. Proceed with assessment.,0
test,Other,Other test (677).jpg,test\Other\Other test (677).jpg,526.41,61.72,55.23,1.61,good,Image quality is good. Proceed with assessment.,0
test,Other,Other test (678).jpg,test\Other\Other test (678).jpg,525.74,61.74,55.23,1.6,good,Image quality is good. Proceed with assessment.,0
test,Other,Other test (679).jpg,test\Other\Other test (679).jpg,526.5,61.59,54.69,1.6,good,Image quality is good. Proceed with assessment.,0
test,Other,Other test (68).jpg,test\Other\Other test (68).jpg,504.34,45.51,41.36,1.72,good,Image quality is good. Proceed with assessment.,0
test,Other,Other test (680).jpg,test\Other\Other test (680).jpg,523.08,60.35,54.52,1.58,good,Image quality is good. Proceed with assessment.,0
test,Other,Other test (681).jpg,test\Other\Other test (681).jpg,524.02,60.1,55.13,1.57,good,Image quality is good. Proceed with assessment.,0
test,Other,Other test (682).jpg,test\Other\Other test (682).jpg,523.91,60.06,55.99,1.58,good,Image quality is good. Proceed with assessment.,0
test,Other,Other test (683).jpg,test\Other\Other test (683).jpg,523.27,60.0,56.1,1.58,good,Image quality is good. Proceed with assessment.,0
test,Other,Other test (684).jpg,test\Other\Other test (684).jpg,524.58,60.04,56.42,1.59,good,Image quality is good. Proceed with assessment.,0
test,Other,Other test (685).jpg,test\Other\Other test (685).jpg,525.12,60.49,56.43,1.58,good,Image quality is good. Proceed with assessment.,0
test,Other,Other test (686).jpg,test\Other\Other test (686).jpg,525.3,61.05,57.35,1.59,good,Image quality is good. Proceed with assessment.,0
test,Other,Other test (687).jpg,test\Other\Other test (687).jpg,524.01,60.97,57.73,1.58,good,Image quality is good. Proceed with assessment.,0
test,Other,Other test (688).jpg,test\Other\Other test (688).jpg,524.21,61.73,58.96,1.58,good,Image quality is good. Proceed with assessment.,0
test,Other,Other test (689).jpg,test\Other\Other test (689).jpg,524.63,61.31,59.3,1.58,good,Image quality is good. Proceed with assessment.,0
test,Other,Other test (69).jpg,test\Other\Other test (69).jpg,504.53,45.63,41.58,1.73,good,Image quality is good. Proceed with assessment.,0
test,Other,Other test (7).jpg,test\Other\Other test (7).jpg,448.75,40.32,48.42,1.44,good,Image quality is good. Proceed with assessment.,0
test,Other,Other test (70).jpg,test\Other\Other test (70).jpg,506.75,45.28,41.6,1.74,good,Image quality is good. Proceed with assessment.,0
test,Other,Other test (71).jpg,test\Other\Other test (71).jpg,511.63,44.4,41.15,1.76,good,Image quality is good. Proceed with assessment.,0
test,Other,Other test (72).jpg,test\Other\Other test (72).jpg,512.2,44.39,41.25,1.76,good,Image quality is good. Proceed with assessment.,0
test,Other,Other test (73).jpg,test\Other\Other test (73).jpg,514.72,44.03,41.16,1.75,good,Image quality is good. Proceed with assessment.,0
test,Other,Other test (74).jpg,test\Other\Other test (74).jpg,518.03,43.62,41.12,1.77,good,Image quality is good. Proceed with assessment.,0
test,Other,Other test (75).jpg,test\Other\Other test (75).jpg,520.97,43.82,41.18,1.77,good,Image quality is good. Proceed with assessment.,0
test,Other,Other test (76).jpg,test\Other\Other test (76).jpg,520.85,43.88,41.21,1.77,good,Image quality is good. Proceed with assessment.,0
test,Other,Other test (77).jpg,test\Other\Other test (77).jpg,525.32,43.51,41.62,1.72,good,Image quality is good. Proceed with assessment.,0
test,Other,Other test (78).jpg,test\Other\Other test (78).jpg,524.41,41.75,38.61,1.66,good,Image quality is good. Proceed with assessment.,0
test,Other,Other test (79).jpg,test\Other\Other test (79).jpg,522.15,41.47,37.54,1.64,good,Image quality is good. Proceed with assessment.,0
test,Other,Other test (8).jpg,test\Other\Other test (8).jpg,450.82,40.3,48.26,1.46,good,Image quality is good. Proceed with assessment.,0
test,Other,Other test (80).jpg,test\Other\Other test (80).jpg,518.35,40.77,36.43,1.64,good,Image quality is good. Proceed with assessment.,0
test,Other,Other test (81).jpg,test\Other\Other test (81).jpg,513.56,40.22,36.39,1.62,good,Image quality is good. Proceed with assessment.,0
test,Other,Other test (82).jpg,test\Other\Other test (82).jpg,509.62,40.46,37.42,1.65,good,Image quality is good. Proceed with assessment.,0
test,Other,Other test (83).jpg,test\Other\Other test (83).jpg,506.29,39.23,35.93,1.61,good,Image quality is good. Proceed with assessment.,0
test,Other,Other test (84).jpg,test\Other\Other test (84).jpg,516.12,33.3,34.21,1.56,good,Image quality is good. Proceed with assessment.,0
test,Other,Other test (85).jpg,test\Other\Other test (85).jpg,511.98,32.49,34.98,1.58,good,Image quality is good. Proceed with assessment.,0
test,Other,Other test (86).jpg,test\Other\Other test (86).jpg,512.14,32.66,35.26,1.57,good,Image quality is good. Proceed with assessment.,0
test,Other,Other test (87).jpg,test\Other\Other test (87).jpg,511.73,33.14,35.48,1.56,good,Image quality is good. Proceed with assessment.,0
test,Other,Other test (88).jpg,test\Other\Other test (88).jpg,510.97,35.09,36.96,1.6,good,Image quality is good. Proceed with assessment.,0
test,Other,Other test (89).jpg,test\Other\Other test (89).jpg,502.2,37.51,38.36,1.59,good,Image quality is good. Proceed with assessment.,0
test,Other,Other test (9).jpg,test\Other\Other test (9).jpg,447.93,38.84,46.48,1.5,good,Image quality is good. Proceed with assessment.,0
test,Other,Other test (90).jpg,test\Other\Other test (90).jpg,511.74,38.73,39.42,1.62,good,Image quality is good. Proceed with assessment.,0
test,Other,Other test (91).jpg,test\Other\Other test (91).jpg,522.83,40.41,40.77,1.69,good,Image quality is good. Proceed with assessment.,0
test,Other,Other test (92).jpg,test\Other\Other test (92).jpg,526.25,41.04,40.82,1.66,good,Image quality is good. Proceed with assessment.,0
test,Other,Other test (93).jpg,test\Other\Other test (93).jpg,526.7,41.25,40.96,1.66,good,Image quality is good. Proceed with assessment.,0
test,Other,Other test (94).jpg,test\Other\Other test (94).jpg,529.06,42.23,41.73,1.7,good,Image quality is good. Proceed with assessment.,0
test,Other,Other test (95).jpg,test\Other\Other test (95).jpg,521.89,40.62,40.8,1.67,good,Image quality is good. Proceed with assessment.,0
test,Other,Other test (96).jpg,test\Other\Other test (96).jpg,520.63,40.44,41.24,1.69,good,Image quality is good. Proceed with assessment.,0
test,Other,Other test (97).jpg,test\Other\Other test (97).jpg,524.5,41.25,42.2,1.69,good,Image quality is good. Proceed with assessment.,0
test,Other,Other test (98).jpg,test\Other\Other test (98).jpg,524.9,41.48,42.31,1.69,good,Image quality is good. Proceed with assessment.,0
test,Other,Other test (99).jpg,test\Other\Other test (99).jpg,523.91,42.65,43.78,1.71,good,Image quality is good. Proceed with assessment.,0
test,V sign,V sign test (1).jpg,test\V sign\V sign test (1).jpg,545.85,38.99,43.12,1.69,good,Image quality is good. Proceed with assessment.,0
test,V sign,V sign test (10).jpg,test\V sign\V sign test (10).jpg,535.21,38.74,43.34,1.67,good,Image quality is good. Proceed with assessment.,0
test,V sign,V sign test (100).jpg,test\V sign\V sign test (100).jpg,400.04,32.74,43.35,1.28,good,Image quality is good. Proceed with assessment.,0
test,V sign,V sign test (101).jpg,test\V sign\V sign test (101).jpg,399.82,32.79,43.24,1.29,good,Image quality is good. Proceed with assessment.,0
test,V sign,V sign test (102).jpg,test\V sign\V sign test (102).jpg,400.82,32.74,42.58,1.29,good,Image quality is good. Proceed with assessment.,0
test,V sign,V sign test (103).jpg,test\V sign\V sign test (103).jpg,540.13,58.41,48.48,1.68,good,Image quality is good. Proceed with assessment.,0
test,V sign,V sign test (104).jpg,test\V sign\V sign test (104).jpg,537.55,58.69,48.99,1.68,good,Image quality is good. Proceed with assessment.,0
test,V sign,V sign test (105).jpg,test\V sign\V sign test (105).jpg,535.85,58.83,49.38,1.68,good,Image quality is good. Proceed with assessment.,0
test,V sign,V sign test (106).jpg,test\V sign\V sign test (106).jpg,533.99,58.69,49.58,1.68,good,Image quality is good. Proceed with assessment.,0
test,V sign,V sign test (107).jpg,test\V sign\V sign test (107).jpg,534.72,58.48,49.62,1.68,good,Image quality is good. Proceed with assessment.,0
test,V sign,V sign test (108).jpg,test\V sign\V sign test (108).jpg,554.78,57.77,49.04,1.67,good,Image quality is good. Proceed with assessment.,0
test,V sign,V sign test (109).jpg,test\V sign\V sign test (109).jpg,508.7,54.28,68.87,1.57,good,Image quality is good. Proceed with assessment.,0
test,V sign,V sign test (11).jpg,test\V sign\V sign test (11).jpg,534.78,38.59,42.87,1.67,good,Image quality is good. Proceed with assessment.,0
test,V sign,V sign test (110).jpg,test\V sign\V sign test (110).jpg,508.78,54.15,68.76,1.57,good,Image quality is good. Proceed with assessment.,0
test,V sign,V sign test (111).jpg,test\V sign\V sign test (111).jpg,596.06,58.34,52.57,1.84,good,Image quality is good. Proceed with assessment.,0
test,V sign,V sign test (112).jpg,test\V sign\V sign test (112).jpg,596.65,58.34,52.82,1.84,good,Image quality is good. Proceed with assessment.,0
test,V sign,V sign test (113).jpg,test\V sign\V sign test (113).jpg,598.76,58.4,53.11,1.85,good,Image quality is good. Proceed with assessment.,0
test,V sign,V sign test (114).jpg,test\V sign\V sign test (114).jpg,598.44,58.36,53.28,1.86,good,Image quality is good. Proceed with assessment.,0
test,V sign,V sign test (115).jpg,test\V sign\V sign test (115).jpg,598.07,58.02,53.17,1.86,good,Image quality is good. Proceed with assessment.,0
test,V sign,V sign test (116).jpg,test\V sign\V sign test (116).jpg,598.25,57.54,52.9,1.84,good,Image quality is good. Proceed with assessment.,0
test,V sign,V sign test (117).jpg,test\V sign\V sign test (117).jpg,592.09,57.77,52.8,1.81,good,Image quality is good. Proceed with assessment.,0
test,V sign,V sign test (118).jpg,test\V sign\V sign test (118).jpg,592.18,57.84,52.9,1.82,good,Image quality is good. Proceed with assessment.,0
test,V sign,V sign test (119).jpg,test\V sign\V sign test (119).jpg,591.73,57.9,53.08,1.82,good,Image quality is good. Proceed with assessment.,0
test,V sign,V sign test (12).jpg,test\V sign\V sign test (12).jpg,534.77,38.33,42.48,1.67,good,Image quality is good. Proceed with assessment.,0
test,V sign,V sign test (120).jpg,test\V sign\V sign test (120).jpg,590.89,57.97,53.21,1.83,good,Image quality is good. Proceed with assessment.,0
test,V sign,V sign test (121).jpg,test\V sign\V sign test (121).jpg,590.37,57.87,53.24,1.83,good,Image quality is good. Proceed with assessment.,0
test,V sign,V sign test (122).jpg,test\V sign\V sign test (122).jpg,590.44,57.61,53.03,1.84,good,Image quality is good. Proceed with assessment.,0
test,V sign,V sign test (123).jpg,test\V sign\V sign test (123).jpg,513.98,53.65,52.47,1.59,good,Image quality is good. Proceed with assessment.,0
test,V sign,V sign test (124).jpg,test\V sign\V sign test (124).jpg,514.39,53.49,52.27,1.6,good,Image quality is good. Proceed with assessment.,0
test,V sign,V sign test (125).jpg,test\V sign\V sign test (125).jpg,514.4,53.26,52.14,1.6,good,Image quality is good. Proceed with assessment.,0
test,V sign,V sign test (126).jpg,test\V sign\V sign test (126).jpg,514.43,53.77,52.8,1.6,good,Image quality is good. Proceed with assessment.,0
test,V sign,V sign test (127).jpg,test\V sign\V sign test (127).jpg,506.82,53.65,52.68,1.59,good,Image quality is good. Proceed with assessment.,0
test,V sign,V sign test (128).jpg,test\V sign\V sign test (128).jpg,596.72,32.72,42.21,1.78,good,Image quality is good. Proceed with assessment.,0
test,V sign,V sign test (129).jpg,test\V sign\V sign test (129).jpg,596.71,32.67,42.32,1.79,good,Image quality is good. Proceed with assessment.,0
test,V sign,V sign test (13).jpg,test\V sign\V sign test (13).jpg,539.27,37.6,41.97,1.62,good,Image quality is good. Proceed with assessment.,0
test,V sign,V sign test (130).jpg,test\V sign\V sign test (130).jpg,425.55,45.55,56.09,1.41,good,Image quality is good. Proceed with assessment.,0
test,V sign,V sign test (131).jpg,test\V sign\V sign test (131).jpg,425.5,45.49,56.04,1.4,good,Image quality is good. Proceed with assessment.,0
test,V sign,V sign test (132).jpg,test\V sign\V sign test (132).jpg,425.37,45.47,56.02,1.41,good,Image quality is good. Proceed with assessment.,0
test,V sign,V sign test (133).jpg,test\V sign\V sign test (133).jpg,426.52,45.37,55.93,1.41,good,Image quality is good. Proceed with assessment.,0
test,V sign,V sign test (134).jpg,test\V sign\V sign test (134).jpg,641.64,49.51,54.34,1.99,good,Image quality is good. Proceed with assessment.,0
test,V sign,V sign test (135).jpg,test\V sign\V sign test (135).jpg,641.52,49.33,54.12,2.0,good,Image quality is good. Proceed with assessment.,0
test,V sign,V sign test (136).jpg,test\V sign\V sign test (136).jpg,632.63,49.76,54.4,1.99,good,Image quality is good. Proceed with assessment.,0
test,V sign,V sign test (137).jpg,test\V sign\V sign test (137).jpg,633.01,49.71,54.33,1.99,good,Image quality is good. Proceed with assessment.,0
test,V sign,V sign test (138).jpg,test\V sign\V sign test (138).jpg,619.51,78.33,63.45,2.01,good,Image quality is good. Proceed with assessment.,0
test,V sign,V sign test (139).jpg,test\V sign\V sign test (139).jpg,619.96,78.4,63.28,2.01,good,Image quality is good. Proceed with assessment.,0
test,V sign,V sign test (14).jpg,test\V sign\V sign test (14).jpg,540.04,37.87,42.49,1.63,good,Image quality is good. Proceed with assessment.,0
test,V sign,V sign test (140).jpg,test\V sign\V sign test (140).jpg,621.09,78.35,62.98,2.02,good,Image quality is good. Proceed with assessment.,0
test,V sign,V sign test (141).jpg,test\V sign\V sign test (141).jpg,620.68,78.3,62.64,2.02,good,Image quality is good. Proceed with assessment.,0
test,V sign,V sign test (142).jpg,test\V sign\V sign test (142).jpg,599.51,82.43,64.0,2.01,good,Image quality is good. Proceed with assessment.,0
test,V sign,V sign test (143).jpg,test\V sign\V sign test (143).jpg,603.72,82.28,64.13,2.03,good,Image quality is good. Proceed with assessment.,0
test,V sign,V sign test (144).jpg,test\V sign\V sign test (144).jpg,603.98,81.95,64.16,2.04,good,Image quality is good. Proceed with assessment.,0
test,V sign,V sign test (145).jpg,test\V sign\V sign test (145).jpg,605.02,81.45,64.05,2.05,good,Image quality is good. Proceed with assessment.,0
test,V sign,V sign test (146).jpg,test\V sign\V sign test (146).jpg,607.75,81.1,64.0,2.06,good,Image quality is good. Proceed with assessment.,0
test,V sign,V sign test (147).jpg,test\V sign\V sign test (147).jpg,498.8,41.28,45.77,1.58,good,Image quality is good. Proceed with assessment.,0
test,V sign,V sign test (148).jpg,test\V sign\V sign test (148).jpg,499.34,41.35,46.04,1.59,good,Image quality is good. Proceed with assessment.,0
test,V sign,V sign test (149).jpg,test\V sign\V sign test (149).jpg,498.6,41.25,45.96,1.59,good,Image quality is good. Proceed with assessment.,0
test,V sign,V sign test (15).jpg,test\V sign\V sign test (15).jpg,541.65,37.98,42.9,1.64,good,Image quality is good. Proceed with assessment.,0
test,V sign,V sign test (150).jpg,test\V sign\V sign test (150).jpg,498.07,40.72,45.24,1.58,good,Image quality is good. Proceed with assessment.,0
test,V sign,V sign test (151).jpg,test\V sign\V sign test (151).jpg,498.53,40.25,44.7,1.58,good,Image quality is good. Proceed with assessment.,0
test,V sign,V sign test (152).jpg,test\V sign\V sign test (152).jpg,501.37,40.61,45.2,1.57,good,Image quality is good. Proceed with assessment.,0
test,V sign,V sign test (153).jpg,test\V sign\V sign test (153).jpg,560.31,81.97,57.45,1.75,good,Image quality is good. Proceed with assessment.,0
test,V sign,V sign test (154).jpg,test\V sign\V sign test (154).jpg,556.76,81.78,57.57,1.75,good,Image quality is good. Proceed with assessment.,0
test,V sign,V sign test (155).jpg,test\V sign\V sign test (155).jpg,552.63,81.64,57.59,1.74,good,Image quality is good. Proceed with assessment.,0
test,V sign,V sign test (156).jpg,test\V sign\V sign test (156).jpg,554.14,81.2,57.42,1.73,good,Image quality is good. Proceed with assessment.,0
test,V sign,V sign test (157).jpg,test\V sign\V sign test (157).jpg,549.72,80.45,57.11,1.72,good,Image quality is good. Proceed with assessment.,0
test,V sign,V sign test (158).jpg,test\V sign\V sign test (158).jpg,551.31,78.7,57.71,1.7,good,Image quality is good. Proceed with assessment.,0
test,V sign,V sign test (159).jpg,test\V sign\V sign test (159).jpg,550.87,78.5,57.76,1.7,good,Image quality is good. Proceed with assessment.,0
test,V sign,V sign test (16).jpg,test\V sign\V sign test (16).jpg,541.35,38.17,43.26,1.64,good,Image quality is good. Proceed with assessment.,0
test,V sign,V sign test (160).jpg,test\V sign\V sign test (160).jpg,550.96,78.11,57.75,1.69,good,Image quality is good. Proceed with assessment.,0
test,V sign,V sign test (161).jpg,test\V sign\V sign test (161).jpg,621.77,47.38,48.16,1.91,good,Image quality is good. Proceed with assessment.,0
test,V sign,V sign test (162).jpg,test\V sign\V sign test (162).jpg,621.97,47.57,48.36,1.91,good,Image quality is good. Proceed with assessment.,0
test,V sign,V sign test (163).jpg,test\V sign\V sign test (163).jpg,622.61,47.6,48.45,1.91,good,Image quality is good. Proceed with assessment.,0
test,V sign,V sign test (164).jpg,test\V sign\V sign test (164).jpg,622.47,47.6,48.41,1.91,good,Image quality is good. Proceed with assessment.,0
test,V sign,V sign test (165).jpg,test\V sign\V sign test (165).jpg,623.54,47.6,48.28,1.91,good,Image quality is good. Proceed with assessment.,0
test,V sign,V sign test (166).jpg,test\V sign\V sign test (166).jpg,412.59,40.82,46.84,1.55,good,Image quality is good. Proceed with assessment.,0
test,V sign,V sign test (167).jpg,test\V sign\V sign test (167).jpg,412.92,40.88,46.96,1.55,good,Image quality is good. Proceed with assessment.,0
test,V sign,V sign test (168).jpg,test\V sign\V sign test (168).jpg,410.1,40.61,46.52,1.54,good,Image quality is good. Proceed with assessment.,0
test,V sign,V sign test (169).jpg,test\V sign\V sign test (169).jpg,409.66,40.72,46.75,1.54,good,Image quality is good. Proceed with assessment.,0
test,V sign,V sign test (17).jpg,test\V sign\V sign test (17).jpg,541.14,38.27,43.4,1.64,good,Image quality is good. Proceed with assessment.,0
test,V sign,V sign test (170).jpg,test\V sign\V sign test (170).jpg,409.73,40.86,46.95,1.54,good,Image quality is good. Proceed with assessment.,0
test,V sign,V sign test (171).jpg,test\V sign\V sign test (171).jpg,409.86,40.93,47.06,1.54,good,Image quality is good. Proceed with assessment.,0
test,V sign,V sign test (172).jpg,test\V sign\V sign test (172).jpg,408.61,39.08,49.63,1.57,good,Image quality is good. Proceed with assessment.,0
test,V sign,V sign test (173).jpg,test\V sign\V sign test (173).jpg,408.76,39.19,49.74,1.57,good,Image quality is good. Proceed with assessment.,0
test,V sign,V sign test (174).jpg,test\V sign\V sign test (174).jpg,408.81,39.32,49.9,1.57,good,Image quality is good. Proceed with assessment.,0
test,V sign,V sign test (175).jpg,test\V sign\V sign test (175).jpg,409.66,39.16,49.72,1.57,good,Image quality is good. Proceed with assessment.,0
test,V sign,V sign test (176).jpg,test\V sign\V sign test (176).jpg,409.89,39.0,49.48,1.58,good,Image quality is good. Proceed with assessment.,0
test,V sign,V sign test (177).jpg,test\V sign\V sign test (177).jpg,409.97,38.91,49.37,1.58,good,Image quality is good. Proceed with assessment.,0
test,V sign,V sign test (178).jpg,test\V sign\V sign test (178).jpg,409.08,38.7,49.39,1.56,good,Image quality is good. Proceed with assessment.,0
test,V sign,V sign test (179).jpg,test\V sign\V sign test (179).jpg,409.35,38.88,49.62,1.54,good,Image quality is good. Proceed with assessment.,0
test,V sign,V sign test (18).jpg,test\V sign\V sign test (18).jpg,540.63,38.02,43.03,1.65,good,Image quality is good. Proceed with assessment.,0
test,V sign,V sign test (180).jpg,test\V sign\V sign test (180).jpg,407.0,38.91,49.45,1.53,good,Image quality is good. Proceed with assessment.,0
test,V sign,V sign test (181).jpg,test\V sign\V sign test (181).jpg,405.53,38.83,49.12,1.49,good,Image quality is good. Proceed with assessment.,0
test,V sign,V sign test (182).jpg,test\V sign\V sign test (182).jpg,424.38,61.32,51.72,1.56,good,Image quality is good. Proceed with assessment.,0
test,V sign,V sign test (183).jpg,test\V sign\V sign test (183).jpg,422.8,61.2,51.52,1.56,good,Image quality is good. Proceed with assessment.,0
test,V sign,V sign test (184).jpg,test\V sign\V sign test (184).jpg,419.34,61.42,52.08,1.55,good,Image quality is good. Proceed with assessment.,0
test,V sign,V sign test (185).jpg,test\V sign\V sign test (185).jpg,418.65,60.75,51.71,1.54,good,Image quality is good. Proceed with assessment.,0
test,V sign,V sign test (186).jpg,test\V sign\V sign test (186).jpg,418.53,60.69,51.44,1.54,good,Image quality is good. Proceed with assessment.,0
test,V sign,V sign test (187).jpg,test\V sign\V sign test (187).jpg,417.37,60.58,51.13,1.53,good,Image quality is good. Proceed with assessment.,0
test,V sign,V sign test (188).jpg,test\V sign\V sign test (188).jpg,464.2,77.43,67.69,1.55,good,Image quality is good. Proceed with assessment.,0
test,V sign,V sign test (189).jpg,test\V sign\V sign test (189).jpg,466.89,77.33,67.76,1.55,good,Image quality is good. Proceed with assessment.,0
test,V sign,V sign test (19).jpg,test\V sign\V sign test (19).jpg,540.39,37.77,42.67,1.65,good,Image quality is good. Proceed with assessment.,0
test,V sign,V sign test (190).jpg,test\V sign\V sign test (190).jpg,467.53,77.08,67.68,1.55,good,Image quality is good. Proceed with assessment.,0
test,V sign,V sign test (191).jpg,test\V sign\V sign test (191).jpg,523.83,42.61,46.59,1.55,good,Image quality is good. Proceed with assessment.,0
test,V sign,V sign test (192).jpg,test\V sign\V sign test (192).jpg,525.11,42.56,46.72,1.55,good,Image quality is good. Proceed with assessment.,0
test,V sign,V sign test (193).jpg,test\V sign\V sign test (193).jpg,525.46,42.45,46.57,1.55,good,Image quality is good. Proceed with assessment.,0
test,V sign,V sign test (194).jpg,test\V sign\V sign test (194).jpg,525.3,42.08,45.91,1.55,good,Image quality is good. Proceed with assessment.,0
test,V sign,V sign test (195).jpg,test\V sign\V sign test (195).jpg,545.08,61.48,54.78,1.77,good,Image quality is good. Proceed with assessment.,0
test,V sign,V sign test (196).jpg,test\V sign\V sign test (196).jpg,546.38,61.61,55.14,1.77,good,Image quality is good. Proceed with assessment.,0
test,V sign,V sign test (197).jpg,test\V sign\V sign test (197).jpg,546.98,61.68,55.45,1.77,good,Image quality is good. Proceed with assessment.,0
test,V sign,V sign test (198).jpg,test\V sign\V sign test (198).jpg,546.82,61.44,55.48,1.77,good,Image quality is good. Proceed with assessment.,0
test,V sign,V sign test (199).jpg,test\V sign\V sign test (199).jpg,545.86,60.87,54.97,1.77,good,Image quality is good. Proceed with assessment.,0
test,V sign,V sign test (2).jpg,test\V sign\V sign test (2).jpg,545.6,39.18,43.46,1.69,good,Image quality is good. Proceed with assessment.,0
test,V sign,V sign test (20).jpg,test\V sign\V sign test (20).jpg,540.73,37.63,42.56,1.66,good,Image quality is good. Proceed with assessment.,0
test,V sign,V sign test (200).jpg,test\V sign\V sign test (200).jpg,527.0,59.63,55.14,1.74,good,Image quality is good. Proceed with assessment.,0
test,V sign,V sign test (201).jpg,test\V sign\V sign test (201).jpg,532.86,59.45,55.13,1.75,good,Image quality is good. Proceed with assessment.,0
test,V sign,V sign test (202).jpg,test\V sign\V sign test (202).jpg,533.35,59.16,54.84,1.75,good,Image quality is good. Proceed with assessment.,0
test,V sign,V sign test (203).jpg,test\V sign\V sign test (203).jpg,534.42,58.96,54.63,1.75,good,Image quality is good. Proceed with assessment.,0
test,V sign,V sign test (204).jpg,test\V sign\V sign test (204).jpg,454.29,39.0,46.18,1.46,good,Image quality is good. Proceed with assessment.,0
test,V sign,V sign test (205).jpg,test\V sign\V sign test (205).jpg,454.49,39.08,46.26,1.47,good,Image quality is good. Proceed with assessment.,0
test,V sign,V sign test (206).jpg,test\V sign\V sign test (206).jpg,455.36,39.06,46.13,1.47,good,Image quality is good. Proceed with assessment.,0
test,V sign,V sign test (207).jpg,test\V sign\V sign test (207).jpg,458.49,38.74,45.89,1.5,good,Image quality is good. Proceed with assessment.,0
test,V sign,V sign test (208).jpg,test\V sign\V sign test (208).jpg,459.01,38.68,45.71,1.5,good,Image quality is good. Proceed with assessment.,0
test,V sign,V sign test (209).jpg,test\V sign\V sign test (209).jpg,510.38,58.78,47.78,1.91,good,Image quality is good. Proceed with assessment.,0
test,V sign,V sign test (21).jpg,test\V sign\V sign test (21).jpg,540.45,37.98,43.13,1.67,good,Image quality is good. Proceed with assessment.,0
test,V sign,V sign test (210).jpg,test\V sign\V sign test (210).jpg,436.54,57.86,61.38,1.7,good,Image quality is good. Proceed with assessment.,0
test,V sign,V sign test (211).jpg,test\V sign\V sign test (211).jpg,436.44,57.84,61.32,1.7,good,Image quality is good. Proceed with assessment.,0
test,V sign,V sign test (212).jpg,test\V sign\V sign test (212).jpg,431.74,57.74,61.17,1.69,good,Image quality is good. Proceed with assessment.,0
test,V sign,V sign test (213).jpg,test\V sign\V sign test (213).jpg,477.08,40.22,49.86,1.7,good,Image quality is good. Proceed with assessment.,0
test,V sign,V sign test (214).jpg,test\V sign\V sign test (214).jpg,471.99,40.18,49.86,1.68,good,Image quality is good. Proceed with assessment.,0
test,V sign,V sign test (215).jpg,test\V sign\V sign test (215).jpg,476.31,39.93,49.72,1.69,good,Image quality is good. Proceed with assessment.,0
test,V sign,V sign test (216).jpg,test\V sign\V sign test (216).jpg,448.72,57.26,49.83,1.59,good,Image quality is good. Proceed with assessment.,0
test,V sign,V sign test (217).jpg,test\V sign\V sign test (217).jpg,449.38,57.23,49.68,1.59,good,Image quality is good. Proceed with assessment.,0
test,V sign,V sign test (218).jpg,test\V sign\V sign test (218).jpg,449.99,57.12,49.44,1.59,good,Image quality is good. Proceed with assessment.,0
test,V sign,V sign test (219).jpg,test\V sign\V sign test (219).jpg,464.22,28.6,49.02,1.45,good,Image quality is good. Proceed with assessment.,0
test,V sign,V sign test (22).jpg,test\V sign\V sign test (22).jpg,539.87,38.26,43.41,1.67,good,Image quality is good. Proceed with assessment.,0
test,V sign,V sign test (220).jpg,test\V sign\V sign test (220).jpg,463.52,28.44,48.57,1.45,good,Image quality is good. Proceed with assessment.,0
test,V sign,V sign test (221).jpg,test\V sign\V sign test (221).jpg,462.95,28.17,48.05,1.44,good,Image quality is good. Proceed with assessment.,0
test,V sign,V sign test (222).jpg,test\V sign\V sign test (222).jpg,465.54,53.69,56.43,1.58,good,Image quality is good. Proceed with assessment.,0
test,V sign,V sign test (223).jpg,test\V sign\V sign test (223).jpg,620.7,53.7,55.02,1.92,good,Image quality is good. Proceed with assessment.,0
test,V sign,V sign test (224).jpg,test\V sign\V sign test (224).jpg,620.03,53.63,54.9,1.93,good,Image quality is good. Proceed with assessment.,0
test,V sign,V sign test (225).jpg,test\V sign\V sign test (225).jpg,620.68,53.57,54.85,1.93,good,Image quality is good. Proceed with assessment.,0
test,V sign,V sign test (226).jpg,test\V sign\V sign test (226).jpg,578.05,56.41,53.79,1.81,good,Image quality is good. Proceed with assessment.,0
test,V sign,V sign test (227).jpg,test\V sign\V sign test (227).jpg,578.02,56.68,53.98,1.82,good,Image quality is good. Proceed with assessment.,0
test,V sign,V sign test (228).jpg,test\V sign\V sign test (228).jpg,576.22,56.26,53.75,1.8,good,Image quality is good. Proceed with assessment.,0
test,V sign,V sign test (229).jpg,test\V sign\V sign test (229).jpg,576.5,56.51,53.87,1.8,good,Image quality is good. Proceed with assessment.,0
test,V sign,V sign test (23).jpg,test\V sign\V sign test (23).jpg,539.72,38.38,43.49,1.67,good,Image quality is good. Proceed with assessment.,0
test,V sign,V sign test (230).jpg,test\V sign\V sign test (230).jpg,608.13,53.98,60.99,1.82,good,Image quality is good. Proceed with assessment.,0
test,V sign,V sign test (231).jpg,test\V sign\V sign test (231).jpg,608.43,53.99,61.11,1.82,good,Image quality is good. Proceed with assessment.,0
test,V sign,V sign test (232).jpg,test\V sign\V sign test (232).jpg,608.37,53.8,60.99,1.82,good,Image quality is good. Proceed with assessment.,0
test,V sign,V sign test (233).jpg,test\V sign\V sign test (233).jpg,605.75,53.16,61.06,1.82,good,Image quality is good. Proceed with assessment.,0
test,V sign,V sign test (234).jpg,test\V sign\V sign test (234).jpg,608.01,53.17,61.13,1.82,good,Image quality is good. Proceed with assessment.,0
test,V sign,V sign test (235).jpg,test\V sign\V sign test (235).jpg,454.27,72.44,52.25,1.97,good,Image quality is good. Proceed with assessment.,0
test,V sign,V sign test (236).jpg,test\V sign\V sign test (236).jpg,453.48,73.36,51.78,1.98,good,Image quality is good. Proceed with assessment.,0
test,V sign,V sign test (237).jpg,test\V sign\V sign test (237).jpg,453.27,73.8,50.67,1.98,good,Image quality is good. Proceed with assessment.,0
test,V sign,V sign test (238).jpg,test\V sign\V sign test (238).jpg,446.67,73.95,49.69,1.97,good,Image quality is good. Proceed with assessment.,0
test,V sign,V sign test (239).jpg,test\V sign\V sign test (239).jpg,432.33,79.55,52.01,2.07,good,Image quality is good. Proceed with assessment.,0
test,V sign,V sign test (24).jpg,test\V sign\V sign test (24).jpg,539.19,38.49,43.5,1.68,good,Image quality is good. Proceed with assessment.,0
test,V sign,V sign test (240).jpg,test\V sign\V sign test (240).jpg,432.3,79.62,52.18,2.08,good,Image quality is good. Proceed with assessment.,0
test,V sign,V sign test (241).jpg,test\V sign\V sign test (241).jpg,431.83,79.59,52.26,2.08,good,Image quality is good. Proceed with assessment.,0
test,V sign,V sign test (242).jpg,test\V sign\V sign test (242).jpg,432.4,79.36,52.18,2.08,good,Image quality is good. Proceed with assessment.,0
test,V sign,V sign test (243).jpg,test\V sign\V sign test (243).jpg,431.31,78.85,51.88,2.08,good,Image quality is good. Proceed with assessment.,0
test,V sign,V sign test (244).jpg,test\V sign\V sign test (244).jpg,432.94,78.53,51.59,2.08,good,Image quality is good. Proceed with assessment.,0
test,V sign,V sign test (245).jpg,test\V sign\V sign test (245).jpg,432.97,77.98,51.23,2.08,good,Image quality is good. Proceed with assessment.,0
test,V sign,V sign test (246).jpg,test\V sign\V sign test (246).jpg,586.26,49.98,48.87,1.93,good,Image quality is good. Proceed with assessment.,0
test,V sign,V sign test (247).jpg,test\V sign\V sign test (247).jpg,586.65,50.07,48.82,1.93,good,Image quality is good. Proceed with assessment.,0
test,V sign,V sign test (248).jpg,test\V sign\V sign test (248).jpg,526.18,53.79,50.25,1.88,good,Image quality is good. Proceed with assessment.,0
test,V sign,V sign test (249).jpg,test\V sign\V sign test (249).jpg,526.78,53.76,50.01,1.89,good,Image quality is good. Proceed with assessment.,0
test,V sign,V sign test (25).jpg,test\V sign\V sign test (25).jpg,539.57,38.43,43.19,1.69,good,Image quality is good. Proceed with assessment.,0
test,V sign,V sign test (250).jpg,test\V sign\V sign test (250).jpg,526.28,53.77,49.85,1.89,good,Image quality is good. Proceed with assessment.,0
test,V sign,V sign test (251).jpg,test\V sign\V sign test (251).jpg,530.26,53.51,49.99,1.91,good,Image quality is good. Proceed with assessment.,0
test,V sign,V sign test (252).jpg,test\V sign\V sign test (252).jpg,530.73,53.45,49.93,1.91,good,Image quality is good. Proceed with assessment.,0
test,V sign,V sign test (253).jpg,test\V sign\V sign test (253).jpg,532.98,53.34,49.72,1.92,good,Image quality is good. Proceed with assessment.,0
test,V sign,V sign test (254).jpg,test\V sign\V sign test (254).jpg,509.11,58.33,61.25,1.54,good,Image quality is good. Proceed with assessment.,0
test,V sign,V sign test (255).jpg,test\V sign\V sign test (255).jpg,508.81,58.45,61.44,1.54,good,Image quality is good. Proceed with assessment.,0
test,V sign,V sign test (256).jpg,test\V sign\V sign test (256).jpg,508.71,58.53,61.56,1.55,good,Image quality is good. Proceed with assessment.,0
test,V sign,V sign test (257).jpg,test\V sign\V sign test (257).jpg,509.2,58.51,61.59,1.55,good,Image quality is good. Proceed with assessment.,0
test,V sign,V sign test (258).jpg,test\V sign\V sign test (258).jpg,509.21,58.23,61.29,1.55,good,Image quality is good. Proceed with assessment.,0
test,V sign,V sign test (259).jpg,test\V sign\V sign test (259).jpg,509.39,58.02,61.07,1.55,good,Image quality is good. Proceed with assessment.,0
test,V sign,V sign test (26).jpg,test\V sign\V sign test (26).jpg,538.77,38.25,42.86,1.7,good,Image quality is good. Proceed with assessment.,0
test,V sign,V sign test (27).jpg,test\V sign\V sign test (27).jpg,391.16,39.06,54.7,1.24,good,Image quality is good. Proceed with assessment.,0
test,V sign,V sign test (28).jpg,test\V sign\V sign test (28).jpg,394.38,38.75,54.32,1.25,good,Image quality is good. Proceed with assessment.,0
test,V sign,V sign test (29).jpg,test\V sign\V sign test (29).jpg,401.04,38.8,54.16,1.28,good,Image quality is good. Proceed with assessment.,0
test,V sign,V sign test (3).jpg,test\V sign\V sign test (3).jpg,545.62,39.26,43.64,1.7,good,Image quality is good. Proceed with assessment.,0
test,V sign,V sign test (30).jpg,test\V sign\V sign test (30).jpg,402.39,39.0,54.41,1.28,good,Image quality is good. Proceed with assessment.,0
test,V sign,V sign test (31).jpg,test\V sign\V sign test (31).jpg,401.82,39.05,54.5,1.28,good,Image quality is good. Proceed with assessment.,0
test,V sign,V sign test (32).jpg,test\V sign\V sign test (32).jpg,402.52,38.96,54.35,1.28,good,Image quality is good. Proceed with assessment.,0
test,V sign,V sign test (33).jpg,test\V sign\V sign test (33).jpg,644.01,61.79,51.58,1.95,good,Image quality is good. Proceed with assessment.,0
test,V sign,V sign test (34).jpg,test\V sign\V sign test (34).jpg,643.71,61.75,51.73,1.95,good,Image quality is good. Proceed with assessment.,0
test,V sign,V sign test (35).jpg,test\V sign\V sign test (35).jpg,600.68,53.51,53.02,1.96,good,Image quality is good. Proceed with assessment.,0
test,V sign,V sign test (36).jpg,test\V sign\V sign test (36).jpg,599.94,53.48,52.88,1.96,good,Image quality is good. Proceed with assessment.,0
test,V sign,V sign test (37).jpg,test\V sign\V sign test (37).jpg,599.24,53.39,52.55,1.95,good,Image quality is good. Proceed with assessment.,0
test,V sign,V sign test (38).jpg,test\V sign\V sign test (38).jpg,599.7,53.31,52.25,1.95,good,Image quality is good. Proceed with assessment.,0
test,V sign,V sign test (39).jpg,test\V sign\V sign test (39).jpg,598.75,53.28,52.08,1.95,good,Image quality is good. Proceed with assessment.,0
test,V sign,V sign test (4).jpg,test\V sign\V sign test (4).jpg,545.27,39.35,43.78,1.7,good,Image quality is good. Proceed with assessment.,0
test,V sign,V sign test (40).jpg,test\V sign\V sign test (40).jpg,595.8,53.5,52.33,1.96,good,Image quality is good. Proceed with assessment.,0
test,V sign,V sign test (41).jpg,test\V sign\V sign test (41).jpg,596.23,53.6,52.49,1.97,good,Image quality is good. Proceed with assessment.,0
test,V sign,V sign test (42).jpg,test\V sign\V sign test (42).jpg,595.44,53.67,52.63,1.96,good,Image quality is good. Proceed with assessment.,0
test,V sign,V sign test (43).jpg,test\V sign\V sign test (43).jpg,595.48,53.51,52.53,1.95,good,Image quality is good. Proceed with assessment.,0
test,V sign,V sign test (44).jpg,test\V sign\V sign test (44).jpg,595.29,53.17,52.06,1.94,good,Image quality is good. Proceed with assessment.,0
test,V sign,V sign test (45).jpg,test\V sign\V sign test (45).jpg,594.78,52.86,51.5,1.92,good,Image quality is good. Proceed with assessment.,0
test,V sign,V sign test (46).jpg,test\V sign\V sign test (46).jpg,633.57,45.53,53.38,1.88,good,Image quality is good. Proceed with assessment.,0
test,V sign,V sign test (47).jpg,test\V sign\V sign test (47).jpg,633.47,45.45,53.37,1.87,good,Image quality is good. Proceed with assessment.,0
test,V sign,V sign test (48).jpg,test\V sign\V sign test (48).jpg,633.54,45.34,53.27,1.87,good,Image quality is good. Proceed with assessment.,0
test,V sign,V sign test (49).jpg,test\V sign\V sign test (49).jpg,633.86,45.21,53.12,1.87,good,Image quality is good. Proceed with assessment.,0
test,V sign,V sign test (5).jpg,test\V sign\V sign test (5).jpg,544.58,39.31,43.68,1.7,good,Image quality is good. Proceed with assessment.,0
test,V sign,V sign test (50).jpg,test\V sign\V sign test (50).jpg,522.38,52.84,60.85,1.66,good,Image quality is good. Proceed with assessment.,0
test,V sign,V sign test (51).jpg,test\V sign\V sign test (51).jpg,522.87,52.31,60.61,1.66,good,Image quality is good. Proceed with assessment.,0
test,V sign,V sign test (52).jpg,test\V sign\V sign test (52).jpg,520.1,53.64,61.06,1.66,good,Image quality is good. Proceed with assessment.,0
test,V sign,V sign test (53).jpg,test\V sign\V sign test (53).jpg,518.63,53.23,60.86,1.66,good,Image quality is good. Proceed with assessment.,0
test,V sign,V sign test (54).jpg,test\V sign\V sign test (54).jpg,518.84,52.92,60.81,1.66,good,Image quality is good. Proceed with assessment.,0
test,V sign,V sign test (55).jpg,test\V sign\V sign test (55).jpg,513.7,51.85,48.31,1.64,good,Image quality is good. Proceed with assessment.,0
test,V sign,V sign test (56).jpg,test\V sign\V sign test (56).jpg,514.77,51.82,48.2,1.65,good,Image quality is good. Proceed with assessment.,0
test,V sign,V sign test (57).jpg,test\V sign\V sign test (57).jpg,514.61,51.0,47.9,1.61,good,Image quality is good. Proceed with assessment.,0
test,V sign,V sign test (58).jpg,test\V sign\V sign test (58).jpg,513.68,51.06,48.12,1.6,good,Image quality is good. Proceed with assessment.,0
test,V sign,V sign test (59).jpg,test\V sign\V sign test (59).jpg,511.74,51.04,48.17,1.6,good,Image quality is good. Proceed with assessment.,0
test,V sign,V sign test (6).jpg,test\V sign\V sign test (6).jpg,535.04,38.33,42.85,1.66,good,Image quality is good. Proceed with assessment.,0
test,V sign,V sign test (60).jpg,test\V sign\V sign test (60).jpg,508.95,50.3,48.39,1.61,good,Image quality is good. Proceed with assessment.,0
test,V sign,V sign test (61).jpg,test\V sign\V sign test (61).jpg,512.61,50.07,48.34,1.61,good,Image quality is good. Proceed with assessment.,0
test,V sign,V sign test (62).jpg,test\V sign\V sign test (62).jpg,512.82,49.97,47.92,1.61,good,Image quality is good. Proceed with assessment.,0
test,V sign,V sign test (63).jpg,test\V sign\V sign test (63).jpg,516.41,49.65,47.85,1.61,good,Image quality is good. Proceed with assessment.,0
test,V sign,V sign test (64).jpg,test\V sign\V sign test (64).jpg,510.57,47.5,43.02,1.76,good,Image quality is good. Proceed with assessment.,0
test,V sign,V sign test (65).jpg,test\V sign\V sign test (65).jpg,510.37,47.57,43.21,1.76,good,Image quality is good. Proceed with assessment.,0
test,V sign,V sign test (66).jpg,test\V sign\V sign test (66).jpg,510.67,47.45,43.3,1.77,good,Image quality is good. Proceed with assessment.,0
test,V sign,V sign test (67).jpg,test\V sign\V sign test (67).jpg,511.6,47.39,43.22,1.77,good,Image quality is good. Proceed with assessment.,0
test,V sign,V sign test (68).jpg,test\V sign\V sign test (68).jpg,512.12,47.29,43.05,1.77,good,Image quality is good. Proceed with assessment.,0
test,V sign,V sign test (69).jpg,test\V sign\V sign test (69).jpg,511.58,47.08,42.84,1.77,good,Image quality is good. Proceed with assessment.,0
test,V sign,V sign test (7).jpg,test\V sign\V sign test (7).jpg,535.59,38.53,43.19,1.66,good,Image quality is good. Proceed with assessment.,0
test,V sign,V sign test (70).jpg,test\V sign\V sign test (70).jpg,511.82,46.98,42.68,1.76,good,Image quality is good. Proceed with assessment.,0
test,V sign,V sign test (71).jpg,test\V sign\V sign test (71).jpg,503.81,45.86,52.21,1.71,good,Image quality is good. Proceed with assessment.,0
test,V sign,V sign test (72).jpg,test\V sign\V sign test (72).jpg,503.48,45.7,52.06,1.71,good,Image quality is good. Proceed with assessment.,0
test,V sign,V sign test (73).jpg,test\V sign\V sign test (73).jpg,432.93,54.26,56.15,1.5,good,Image quality is good. Proceed with assessment.,0
test,V sign,V sign test (74).jpg,test\V sign\V sign test (74).jpg,444.03,20.52,34.12,1.46,good,Image quality is good. Proceed with assessment.,0
test,V sign,V sign test (75).jpg,test\V sign\V sign test (75).jpg,443.83,20.53,34.06,1.45,good,Image quality is good. Proceed with assessment.,0
test,V sign,V sign test (76).jpg,test\V sign\V sign test (76).jpg,566.91,63.48,55.84,2.07,good,Image quality is good. Proceed with assessment.,0
test,V sign,V sign test (77).jpg,test\V sign\V sign test (77).jpg,570.43,63.41,55.77,2.08,good,Image quality is good. Proceed with assessment.,0
test,V sign,V sign test (78).jpg,test\V sign\V sign test (78).jpg,572.08,63.38,55.77,2.08,good,Image quality is good. Proceed with assessment.,0
test,V sign,V sign test (79).jpg,test\V sign\V sign test (79).jpg,576.91,64.05,55.4,2.1,good,Image quality is good. Proceed with assessment.,0
test,V sign,V sign test (8).jpg,test\V sign\V sign test (8).jpg,534.93,38.58,43.38,1.66,good,Image quality is good. Proceed with assessment.,0
test,V sign,V sign test (80).jpg,test\V sign\V sign test (80).jpg,579.18,64.1,55.38,2.1,good,Image quality is good. Proceed with assessment.,0
test,V sign,V sign test (81).jpg,test\V sign\V sign test (81).jpg,579.19,64.11,55.43,2.11,good,Image quality is good. Proceed with assessment.,0
test,V sign,V sign test (82).jpg,test\V sign\V sign test (82).jpg,645.4,74.66,58.77,2.21,good,Image quality is good. Proceed with assessment.,0
test,V sign,V sign test (83).jpg,test\V sign\V sign test (83).jpg,640.27,74.02,58.79,2.17,good,Image quality is good. Proceed with assessment.,0
test,V sign,V sign test (84).jpg,test\V sign\V sign test (84).jpg,646.09,73.7,58.91,2.21,good,Image quality is good. Proceed with assessment.,0
test,V sign,V sign test (85).jpg,test\V sign\V sign test (85).jpg,395.64,34.14,44.15,1.3,good,Image quality is good. Proceed with assessment.,0
test,V sign,V sign test (86).jpg,test\V sign\V sign test (86).jpg,395.3,33.71,43.61,1.3,good,Image quality is good. Proceed with assessment.,0
test,V sign,V sign test (87).jpg,test\V sign\V sign test (87).jpg,400.49,32.98,44.0,1.28,good,Image quality is good. Proceed with assessment.,0
test,V sign,V sign test (88).jpg,test\V sign\V sign test (88).jpg,400.84,33.14,44.33,1.28,good,Image quality is good. Proceed with assessment.,0
test,V sign,V sign test (89).jpg,test\V sign\V sign test (89).jpg,401.33,33.19,44.48,1.28,good,Image quality is good. Proceed with assessment.,0
test,V sign,V sign test (9).jpg,test\V sign\V sign test (9).jpg,535.03,38.71,43.45,1.66,good,Image quality is good. Proceed with assessment.,0
test,V sign,V sign test (90).jpg,test\V sign\V sign test (90).jpg,401.55,32.92,43.89,1.29,good,Image quality is good. Proceed with assessment.,0
test,V sign,V sign test (91).jpg,test\V sign\V sign test (91).jpg,398.01,33.18,44.31,1.29,good,Image quality is good. Proceed with assessment.,0
test,V sign,V sign test (92).jpg,test\V sign\V sign test (92).jpg,396.56,32.91,43.82,1.29,good,Image quality is good. Proceed with assessment.,0
test,V sign,V sign test (93).jpg,test\V sign\V sign test (93).jpg,397.0,32.75,43.52,1.29,good,Image quality is good. Proceed with assessment.,0
test,V sign,V sign test (94).jpg,test\V sign\V sign test (94).jpg,396.03,32.73,43.89,1.29,good,Image quality is good. Proceed with assessment.,0
test,V sign,V sign test (95).jpg,test\V sign\V sign test (95).jpg,395.87,32.85,44.04,1.29,good,Image quality is good. Proceed with assessment.,0
test,V sign,V sign test (96).jpg,test\V sign\V sign test (96).jpg,395.51,32.74,43.68,1.29,good,Image quality is good. Proceed with assessment.,0
test,V sign,V sign test (97).jpg,test\V sign\V sign test (97).jpg,394.07,32.55,43.6,1.28,good,Image quality is good. Proceed with assessment.,0
test,V sign,V sign test (98).jpg,test\V sign\V sign test (98).jpg,394.31,32.45,43.48,1.27,good,Image quality is good. Proceed with assessment.,0
test,V sign,V sign test (99).jpg,test\V sign\V sign test (99).jpg,399.09,32.46,43.08,1.28,good,Image quality is good. Proceed with assessment.,0
test,X sign,X sign test (1).jpg,test\X sign\X sign test (1).jpg,549.53,38.76,43.99,1.65,good,Image quality is good. Proceed with assessment.,0
test,X sign,X sign test (10).jpg,test\X sign\X sign test (10).jpg,640.07,63.1,52.47,1.94,good,Image quality is good. Proceed with assessment.,0
test,X sign,X sign test (11).jpg,test\X sign\X sign test (11).jpg,648.48,62.99,52.34,1.94,good,Image quality is good. Proceed with assessment.,0
test,X sign,X sign test (12).jpg,test\X sign\X sign test (12).jpg,646.81,62.83,52.31,1.93,good,Image quality is good. Proceed with assessment.,0
test,X sign,X sign test (13).jpg,test\X sign\X sign test (13).jpg,647.92,62.83,52.46,1.93,good,Image quality is good. Proceed with assessment.,0
test,X sign,X sign test (14).jpg,test\X sign\X sign test (14).jpg,588.94,51.87,51.79,1.92,good,Image quality is good. Proceed with assessment.,0
test,X sign,X sign test (15).jpg,test\X sign\X sign test (15).jpg,589.17,51.93,51.86,1.92,good,Image quality is good. Proceed with assessment.,0
test,X sign,X sign test (16).jpg,test\X sign\X sign test (16).jpg,584.03,51.96,51.92,1.9,good,Image quality is good. Proceed with assessment.,0
test,X sign,X sign test (17).jpg,test\X sign\X sign test (17).jpg,516.33,60.14,67.44,1.77,good,Image quality is good. Proceed with assessment.,0
test,X sign,X sign test (18).jpg,test\X sign\X sign test (18).jpg,514.07,60.47,67.18,1.76,good,Image quality is good. Proceed with assessment.,0
test,X sign,X sign test (19).jpg,test\X sign\X sign test (19).jpg,510.54,60.57,66.78,1.75,good,Image quality is good. Proceed with assessment.,0
test,X sign,X sign test (2).jpg,test\X sign\X sign test (2).jpg,547.98,38.94,44.37,1.65,good,Image quality is good. Proceed with assessment.,0
test,X sign,X sign test (20).jpg,test\X sign\X sign test (20).jpg,509.77,60.65,66.72,1.75,good,Image quality is good. Proceed with assessment.,0
test,X sign,X sign test (21).jpg,test\X sign\X sign test (21).jpg,384.15,40.7,42.78,1.37,good,Image quality is good. Proceed with assessment.,0
test,X sign,X sign test (22).jpg,test\X sign\X sign test (22).jpg,384.43,40.23,42.55,1.37,good,Image quality is good. Proceed with assessment.,0
test,X sign,X sign test (23).jpg,test\X sign\X sign test (23).jpg,383.02,39.57,42.01,1.37,good,Image quality is good. Proceed with assessment.,0
test,X sign,X sign test (24).jpg,test\X sign\X sign test (24).jpg,383.29,38.99,41.5,1.37,good,Image quality is good. Proceed with assessment.,0
test,X sign,X sign test (25).jpg,test\X sign\X sign test (25).jpg,501.82,47.77,44.43,1.77,good,Image quality is good. Proceed with assessment.,0
test,X sign,X sign test (26).jpg,test\X sign\X sign test (26).jpg,501.06,47.75,44.38,1.77,good,Image quality is good. Proceed with assessment.,0
test,X sign,X sign test (27).jpg,test\X sign\X sign test (27).jpg,501.12,47.75,44.34,1.77,good,Image quality is good. Proceed with assessment.,0
test,X sign,X sign test (28).jpg,test\X sign\X sign test (28).jpg,502.13,47.64,44.27,1.78,good,Image quality is good. Proceed with assessment.,0
test,X sign,X sign test (29).jpg,test\X sign\X sign test (29).jpg,502.17,47.48,44.1,1.78,good,Image quality is good. Proceed with assessment.,0
test,X sign,X sign test (3).jpg,test\X sign\X sign test (3).jpg,547.21,39.15,44.71,1.65,good,Image quality is good. Proceed with assessment.,0
test,X sign,X sign test (30).jpg,test\X sign\X sign test (30).jpg,420.74,56.32,55.74,1.54,good,Image quality is good. Proceed with assessment.,0
test,X sign,X sign test (31).jpg,test\X sign\X sign test (31).jpg,554.68,64.9,56.85,2.03,good,Image quality is good. Proceed with assessment.,0
test,X sign,X sign test (32).jpg,test\X sign\X sign test (32).jpg,555.36,65.06,56.99,2.04,good,Image quality is good. Proceed with assessment.,0
test,X sign,X sign test (33).jpg,test\X sign\X sign test (33).jpg,555.32,65.25,57.07,2.05,good,Image quality is good. Proceed with assessment.,0
test,X sign,X sign test (34).jpg,test\X sign\X sign test (34).jpg,621.95,50.87,46.43,2.06,good,Image quality is good. Proceed with assessment.,0
test,X sign,X sign test (35).jpg,test\X sign\X sign test (35).jpg,624.29,50.51,46.32,2.06,good,Image quality is good. Proceed with assessment.,0
test,X sign,X sign test (36).jpg,test\X sign\X sign test (36).jpg,625.14,50.24,46.03,2.07,good,Image quality is good. Proceed with assessment.,0
test,X sign,X sign test (37).jpg,test\X sign\X sign test (37).jpg,625.53,50.03,45.74,2.07,good,Image quality is good. Proceed with assessment.,0
test,X sign,X sign test (38).jpg,test\X sign\X sign test (38).jpg,625.36,53.37,46.53,2.05,good,Image quality is good. Proceed with assessment.,0
test,X sign,X sign test (39).jpg,test\X sign\X sign test (39).jpg,625.15,53.65,46.77,2.06,good,Image quality is good. Proceed with assessment.,0
test,X sign,X sign test (4).jpg,test\X sign\X sign test (4).jpg,545.32,39.16,44.88,1.65,good,Image quality is good. Proceed with assessment.,0
test,X sign,X sign test (40).jpg,test\X sign\X sign test (40).jpg,625.43,53.73,46.79,2.07,good,Image quality is good. Proceed with assessment.,0
test,X sign,X sign test (41).jpg,test\X sign\X sign test (41).jpg,624.97,53.75,46.77,2.07,good,Image quality is good. Proceed with assessment.,0
test,X sign,X sign test (42).jpg,test\X sign\X sign test (42).jpg,625.08,53.76,46.63,2.08,good,Image quality is good. Proceed with assessment.,0
test,X sign,X sign test (43).jpg,test\X sign\X sign test (43).jpg,532.13,54.23,52.34,1.62,good,Image quality is good. Proceed with assessment.,0
test,X sign,X sign test (44).jpg,test\X sign\X sign test (44).jpg,533.09,54.17,52.3,1.62,good,Image quality is good. Proceed with assessment.,0
test,X sign,X sign test (45).jpg,test\X sign\X sign test (45).jpg,534.12,54.04,52.09,1.63,good,Image quality is good. Proceed with assessment.,0
test,X sign,X sign test (46).jpg,test\X sign\X sign test (46).jpg,533.6,54.0,51.99,1.62,good,Image quality is good. Proceed with assessment.,0
test,X sign,X sign test (47).jpg,test\X sign\X sign test (47).jpg,527.48,53.97,52.0,1.61,good,Image quality is good. Proceed with assessment.,0
test,X sign,X sign test (48).jpg,test\X sign\X sign test (48).jpg,485.02,45.31,51.25,1.56,good,Image quality is good. Proceed with assessment.,0
test,X sign,X sign test (49).jpg,test\X sign\X sign test (49).jpg,484.37,44.98,50.78,1.56,good,Image quality is good. Proceed with assessment.,0
test,X sign,X sign test (5).jpg,test\X sign\X sign test (5).jpg,443.86,40.55,48.35,1.53,good,Image quality is good. Proceed with assessment.,0
test,X sign,X sign test (50).jpg,test\X sign\X sign test (50).jpg,485.63,44.62,50.3,1.55,good,Image quality is good. Proceed with assessment.,0
test,X sign,X sign test (51).jpg,test\X sign\X sign test (51).jpg,494.06,44.53,50.52,1.54,good,Image quality is good. Proceed with assessment.,0
test,X sign,X sign test (52).jpg,test\X sign\X sign test (52).jpg,493.88,44.53,50.57,1.53,good,Image quality is good. Proceed with assessment.,0
test,X sign,X sign test (53).jpg,test\X sign\X sign test (53).jpg,494.52,44.44,50.45,1.53,good,Image quality is good. Proceed with assessment.,0
test,X sign,X sign test (54).jpg,test\X sign\X sign test (54).jpg,494.4,44.05,50.15,1.53,good,Image quality is good. Proceed with assessment.,0
test,X sign,X sign test (55).jpg,test\X sign\X sign test (55).jpg,494.2,43.86,49.8,1.53,good,Image quality is good. Proceed with assessment.,0
test,X sign,X sign test (56).jpg,test\X sign\X sign test (56).jpg,515.22,46.5,47.84,1.57,good,Image quality is good. Proceed with assessment.,0
test,X sign,X sign test (57).jpg,test\X sign\X sign test (57).jpg,515.39,45.46,46.82,1.57,good,Image quality is good. Proceed with assessment.,0
test,X sign,X sign test (58).jpg,test\X sign\X sign test (58).jpg,513.13,44.68,46.02,1.56,good,Image quality is good. Proceed with assessment.,0
test,X sign,X sign test (59).jpg,test\X sign\X sign test (59).jpg,424.82,40.07,47.47,1.41,good,Image quality is good. Proceed with assessment.,0
test,X sign,X sign test (6).jpg,test\X sign\X sign test (6).jpg,444.88,40.56,48.34,1.53,good,Image quality is good. Proceed with assessment.,0
test,X sign,X sign test (60).jpg,test\X sign\X sign test (60).jpg,427.8,39.85,47.28,1.42,good,Image quality is good. Proceed with assessment.,0
test,X sign,X sign test (61).jpg,test\X sign\X sign test (61).jpg,429.6,39.65,47.1,1.42,good,Image quality is good. Proceed with assessment.,0
test,X sign,X sign test (62).jpg,test\X sign\X sign test (62).jpg,433.69,39.52,46.94,1.43,good,Image quality is good. Proceed with assessment.,0
test,X sign,X sign test (63).jpg,test\X sign\X sign test (63).jpg,435.53,39.47,46.89,1.44,good,Image quality is good. Proceed with assessment.,0
test,X sign,X sign test (64).jpg,test\X sign\X sign test (64).jpg,436.67,39.38,46.72,1.44,good,Image quality is good. Proceed with assessment.,0
test,X sign,X sign test (65).jpg,test\X sign\X sign test (65).jpg,514.39,58.99,47.38,1.95,good,Image quality is good. Proceed with assessment.,0
test,X sign,X sign test (66).jpg,test\X sign\X sign test (66).jpg,514.3,58.91,47.33,1.95,good,Image quality is good. Proceed with assessment.,0
test,X sign,X sign test (67).jpg,test\X sign\X sign test (67).jpg,514.72,58.83,47.29,1.95,good,Image quality is good. Proceed with assessment.,0
test,X sign,X sign test (68).jpg,test\X sign\X sign test (68).jpg,511.33,58.24,47.02,1.9,good,Image quality is good. Proceed with assessment.,0
test,X sign,X sign test (69).jpg,test\X sign\X sign test (69).jpg,509.61,58.32,47.05,1.9,good,Image quality is good. Proceed with assessment.,0
test,X sign,X sign test (7).jpg,test\X sign\X sign test (7).jpg,636.53,63.73,52.71,1.95,good,Image quality is good. Proceed with assessment.,0
test,X sign,X sign test (70).jpg,test\X sign\X sign test (70).jpg,430.5,58.75,61.25,1.65,good,Image quality is good. Proceed with assessment.,0
test,X sign,X sign test (71).jpg,test\X sign\X sign test (71).jpg,430.97,58.48,61.09,1.66,good,Image quality is good. Proceed with assessment.,0
test,X sign,X sign test (72).jpg,test\X sign\X sign test (72).jpg,430.09,58.14,60.82,1.66,good,Image quality is good. Proceed with assessment.,0
test,X sign,X sign test (73).jpg,test\X sign\X sign test (73).jpg,587.65,50.58,49.84,1.94,good,Image quality is good. Proceed with assessment.,0
test,X sign,X sign test (74).jpg,test\X sign\X sign test (74).jpg,586.32,51.02,50.13,1.95,good,Image quality is good. Proceed with assessment.,0
test,X sign,X sign test (75).jpg,test\X sign\X sign test (75).jpg,584.55,51.39,50.04,1.94,good,Image quality is good. Proceed with assessment.,0
test,X sign,X sign test (76).jpg,test\X sign\X sign test (76).jpg,582.2,51.79,49.99,1.95,good,Image quality is good. Proceed with assessment.,0
test,X sign,X sign test (77).jpg,test\X sign\X sign test (77).jpg,583.49,52.1,50.02,1.96,good,Image quality is good. Proceed with assessment.,0
test,X sign,X sign test (78).jpg,test\X sign\X sign test (78).jpg,569.5,53.24,48.26,1.93,good,Image quality is good. Proceed with assessment.,0
test,X sign,X sign test (79).jpg,test\X sign\X sign test (79).jpg,567.47,53.22,48.41,1.93,good,Image quality is good. Proceed with assessment.,0
test,X sign,X sign test (8).jpg,test\X sign\X sign test (8).jpg,637.15,63.38,52.61,1.94,good,Image quality is good. Proceed with assessment.,0
test,X sign,X sign test (9).jpg,test\X sign\X sign test (9).jpg,638.15,63.32,52.61,1.94,good,Image quality is good. Proceed with assessment.,0
